id,lesson_id,lesson_title_id,map_type,dataset_ref,source_entity_type,filter_json,target_count,required_count,sort_strategy,selection_strategy,quiz_template_keys,srs_card_type,display_mode,review_status,notes
lesson_map_n5_0001,les_0001,Placement Mini Check,primary_content,jlpt_n5_quiz_sections_seed.csv,mixed,{},10,8,display_order,sequential,daily_mixed_quick_quiz,,lesson_page,curated_seed,
lesson_map_n5_0002,les_0001,Placement Mini Check,quiz_section,jlpt_n5_quiz_sections_seed.csv,quiz_section,"{""section_id"": ""qsec_n5_001""}",1,1,display_order,sequential,daily_mixed_quick_quiz,,quiz,curated_seed,
lesson_map_n5_0003,les_0002,Japanese Input Basics,primary_content,japanese_symbols_punctuation_seed.csv,kana,"{""is_common"": ""true""}",10,8,display_order,sequential,kana_typing,kana_card,lesson_page,curated_seed,
lesson_map_n5_0004,les_0003,How SRS Works,primary_content,jlpt_n5_quiz_templates_seed.csv,srs,"{""template_key"": ""srs_flashcard_front_back""}",10,8,display_order,sequential,srs_flashcard_front_back,,lesson_page,curated_seed,
lesson_map_n5_0005,les_0004,First Daily Challenge,primary_content,jlpt_n5_quiz_sections_seed.csv,mixed,"{""section_key"": ""daily_quick_mix""}",10,8,display_order,sequential,daily_mixed_quick_quiz,,lesson_page,curated_seed,
lesson_map_n5_0006,les_0004,First Daily Challenge,quiz_section,jlpt_n5_quiz_sections_seed.csv,quiz_section,"{""section_id"": ""qsec_n5_001""}",1,1,display_order,sequential,daily_mixed_quick_quiz,,quiz,curated_seed,
lesson_map_n5_0007,les_0101,Hiragana A-row,primary_content,kana_characters_hiragana_katakana.csv,kana,"{""script"": ""hiragana"", ""row_group"": ""vowel""}",10,8,display_order,sequential,kana_romaji_choice|kana_typing,kana_card,lesson_page,curated_seed,
lesson_map_n5_0008,les_0101,Hiragana A-row,quiz_section,jlpt_n5_quiz_sections_seed.csv,quiz_section,"{""section_id"": ""qsec_n5_002""}",1,1,display_order,sequential,kana_romaji_choice|kana_typing,,quiz,curated_seed,
lesson_map_n5_0009,les_0102,Hiragana K/S/T rows,primary_content,kana_characters_hiragana_katakana.csv,kana,"{""script"": ""hiragana"", ""row_group"": [""k"", ""s"", ""t""]}",10,8,display_order,sequential,kana_romaji_choice|kana_typing,kana_card,lesson_page,curated_seed,
lesson_map_n5_0010,les_0102,Hiragana K/S/T rows,quiz_section,jlpt_n5_quiz_sections_seed.csv,quiz_section,"{""section_id"": ""qsec_n5_002""}",1,1,display_order,sequential,kana_romaji_choice|kana_typing,,quiz,curated_seed,
lesson_map_n5_0011,les_0103,Hiragana N/H/M rows,primary_content,kana_characters_hiragana_katakana.csv,kana,"{""script"": ""hiragana"", ""row_group"": [""n"", ""h"", ""m""]}",10,8,display_order,sequential,kana_romaji_choice|kana_typing,kana_card,lesson_page,curated_seed,
lesson_map_n5_0012,les_0103,Hiragana N/H/M rows,quiz_section,jlpt_n5_quiz_sections_seed.csv,quiz_section,"{""section_id"": ""qsec_n5_002""}",1,1,display_order,sequential,kana_romaji_choice|kana_typing,,quiz,curated_seed,
lesson_map_n5_0013,les_0104,Hiragana Y/R/W + ん,primary_content,kana_characters_hiragana_katakana.csv,kana,"{""script"": ""hiragana"", ""row_group"": [""y"", ""r"", ""w"", ""n""]}",10,8,display_order,sequential,kana_romaji_choice|kana_typing,kana_card,lesson_page,curated_seed,
lesson_map_n5_0014,les_0104,Hiragana Y/R/W + ん,quiz_section,jlpt_n5_quiz_sections_seed.csv,quiz_section,"{""section_id"": ""qsec_n5_002""}",1,1,display_order,sequential,kana_romaji_choice|kana_typing,,quiz,curated_seed,
lesson_map_n5_0015,les_0105,Hiragana Review Gate,primary_content,kana_characters_hiragana_katakana.csv,kana,"{""script"": ""hiragana"", ""category"": ""basic""}",15,12,display_order,sequential,kana_romaji_choice|kana_from_romaji_choice|kana_typing,kana_card,lesson_page,curated_seed,
lesson_map_n5_0016,les_0105,Hiragana Review Gate,quiz_section,jlpt_n5_quiz_sections_seed.csv,quiz_section,"{""section_id"": ""qsec_n5_002""}",1,1,display_order,sequential,kana_romaji_choice|kana_from_romaji_choice|kana_typing,,quiz,curated_seed,
lesson_map_n5_0017,les_0201,Katakana A-row,primary_content,kana_characters_hiragana_katakana.csv,kana,"{""script"": ""katakana"", ""row_group"": ""vowel""}",10,8,display_order,sequential,kana_romaji_choice|kana_typing,kana_card,lesson_page,curated_seed,
lesson_map_n5_0018,les_0201,Katakana A-row,quiz_section,jlpt_n5_quiz_sections_seed.csv,quiz_section,"{""section_id"": ""qsec_n5_002""}",1,1,display_order,sequential,kana_romaji_choice|kana_typing,,quiz,curated_seed,
lesson_map_n5_0019,les_0202,Katakana K/S/T rows,primary_content,kana_characters_hiragana_katakana.csv,kana,"{""script"": ""katakana"", ""row_group"": [""k"", ""s"", ""t""]}",10,8,display_order,sequential,kana_romaji_choice|kana_typing,kana_card,lesson_page,curated_seed,
lesson_map_n5_0020,les_0202,Katakana K/S/T rows,quiz_section,jlpt_n5_quiz_sections_seed.csv,quiz_section,"{""section_id"": ""qsec_n5_002""}",1,1,display_order,sequential,kana_romaji_choice|kana_typing,,quiz,curated_seed,
lesson_map_n5_0021,les_0203,Katakana N/H/M rows,primary_content,kana_characters_hiragana_katakana.csv,kana,"{""script"": ""katakana"", ""row_group"": [""n"", ""h"", ""m""]}",10,8,display_order,sequential,kana_romaji_choice|kana_typing,kana_card,lesson_page,curated_seed,
lesson_map_n5_0022,les_0203,Katakana N/H/M rows,quiz_section,jlpt_n5_quiz_sections_seed.csv,quiz_section,"{""section_id"": ""qsec_n5_002""}",1,1,display_order,sequential,kana_romaji_choice|kana_typing,,quiz,curated_seed,
lesson_map_n5_0023,les_0204,Katakana Y/R/W + ン,primary_content,kana_characters_hiragana_katakana.csv,kana,"{""script"": ""katakana"", ""row_group"": [""y"", ""r"", ""w"", ""n""]}",10,8,display_order,sequential,kana_romaji_choice|kana_typing,kana_card,lesson_page,curated_seed,
lesson_map_n5_0024,les_0204,Katakana Y/R/W + ン,quiz_section,jlpt_n5_quiz_sections_seed.csv,quiz_section,"{""section_id"": ""qsec_n5_002""}",1,1,display_order,sequential,kana_romaji_choice|kana_typing,,quiz,curated_seed,
lesson_map_n5_0025,les_0205,Katakana Review Gate,primary_content,kana_characters_hiragana_katakana.csv,kana,"{""script"": ""katakana"", ""category"": ""basic""}",15,12,display_order,sequential,kana_romaji_choice|kana_from_romaji_choice|kana_typing,kana_card,lesson_page,curated_seed,
lesson_map_n5_0026,les_0205,Katakana Review Gate,quiz_section,jlpt_n5_quiz_sections_seed.csv,quiz_section,"{""section_id"": ""qsec_n5_002""}",1,1,display_order,sequential,kana_romaji_choice|kana_from_romaji_choice|kana_typing,,quiz,curated_seed,
lesson_map_n5_0027,les_0301,Dakuten & Handakuten,primary_content,kana_characters_hiragana_katakana.csv,kana,"{""category"": [""dakuten"", ""handakuten""]}",15,12,display_order,sequential,kana_romaji_choice|kana_typing,kana_card,lesson_page,curated_seed,
lesson_map_n5_0028,les_0301,Dakuten & Handakuten,quiz_section,jlpt_n5_quiz_sections_seed.csv,quiz_section,"{""section_id"": ""qsec_n5_002""}",1,1,display_order,sequential,kana_romaji_choice|kana_typing,,quiz,curated_seed,
lesson_map_n5_0029,les_0302,Yōon Combinations,primary_content,kana_characters_hiragana_katakana.csv,kana,"{""category"": ""yoon""}",15,12,display_order,sequential,kana_romaji_choice|kana_typing,kana_card,lesson_page,curated_seed,
lesson_map_n5_0030,les_0302,Yōon Combinations,quiz_section,jlpt_n5_quiz_sections_seed.csv,quiz_section,"{""section_id"": ""qsec_n5_002""}",1,1,display_order,sequential,kana_romaji_choice|kana_typing,,quiz,curated_seed,
lesson_map_n5_0031,les_0303,Sokuon & Long Vowels,primary_content,kana_characters_hiragana_katakana.csv,kana,"{""category"": [""small_kana"", ""long_vowel""]}",10,8,display_order,sequential,kana_romaji_choice|kana_typing,kana_card,lesson_page,curated_seed,
lesson_map_n5_0032,les_0303,Sokuon & Long Vowels,quiz_section,jlpt_n5_quiz_sections_seed.csv,quiz_section,"{""section_id"": ""qsec_n5_002""}",1,1,display_order,sequential,kana_romaji_choice|kana_typing,,quiz,curated_seed,
lesson_map_n5_0033,les_0304,Japanese Punctuation,primary_content,japanese_symbols_punctuation_seed.csv,writing,"{""is_common"": ""true""}",10,8,display_order,sequential,vocab_sentence_gap,,lesson_page,curated_seed,
lesson_map_n5_0034,les_0305,Kana Mastery Gate,primary_content,kana_characters_hiragana_katakana.csv,kana,"{""is_common"": ""true"", ""n5_relevant"": ""true""}",25,20,display_order,sequential,kana_romaji_choice|kana_from_romaji_choice|kana_audio_choice|kana_pair_hira_kata,kana_card,lesson_page,curated_seed,
lesson_map_n5_0035,les_0305,Kana Mastery Gate,quiz_section,jlpt_n5_quiz_sections_seed.csv,quiz_section,"{""section_id"": ""qsec_n5_002""}",1,1,display_order,sequential,kana_romaji_choice|kana_from_romaji_choice|kana_audio_choice|kana_pair_hira_kata,,quiz,curated_seed,
lesson_map_n5_0036,les_0401,Pronouns & People,primary_content,jlpt_n5_vocabulary_seed_with_examples.csv,mixed,"{""semantic_category"": [""people"", ""pronoun""]}",10,8,display_order,sequential,vocab_meaning_choice|vocab_sentence_gap,,lesson_page,curated_seed,
lesson_map_n5_0037,les_0401,Pronouns & People,quiz_section,jlpt_n5_quiz_sections_seed.csv,quiz_section,"{""section_id"": ""qsec_n5_003""}",1,1,display_order,sequential,vocab_meaning_choice|vocab_sentence_gap,,quiz,curated_seed,
lesson_map_n5_0038,les_0402,～は～です,primary_content,jlpt_n5_grammar_seed.csv,grammar,"{""grammar_point"": ""～です""}",10,8,display_order,sequential,grammar_meaning_choice|particle_gap_choice,grammar_card,lesson_page,curated_seed,
lesson_map_n5_0039,les_0402,～は～です,quiz_section,jlpt_n5_quiz_sections_seed.csv,quiz_section,"{""section_id"": ""qsec_n5_004""}",1,1,display_order,sequential,grammar_meaning_choice|particle_gap_choice,,quiz,curated_seed,
lesson_map_n5_0040,les_0403,This/That/Which,primary_content,jlpt_n5_grammar_seed.csv,grammar,"{""tags_contains"": ""demonstrative""}",10,8,display_order,sequential,vocab_meaning_choice|grammar_sentence_order,grammar_card,lesson_page,curated_seed,
lesson_map_n5_0041,les_0403,This/That/Which,quiz_section,jlpt_n5_quiz_sections_seed.csv,quiz_section,"{""section_id"": ""qsec_n5_004""}",1,1,display_order,sequential,vocab_meaning_choice|grammar_sentence_order,,quiz,curated_seed,
lesson_map_n5_0042,les_0404,Question Words + か,primary_content,jlpt_n5_grammar_seed.csv,grammar,"{""tags_contains"": ""question""}",15,12,display_order,sequential,grammar_meaning_choice|vocab_sentence_gap,grammar_card,lesson_page,curated_seed,
lesson_map_n5_0043,les_0404,Question Words + か,quiz_section,jlpt_n5_quiz_sections_seed.csv,quiz_section,"{""section_id"": ""qsec_n5_004""}",1,1,display_order,sequential,grammar_meaning_choice|vocab_sentence_gap,,quiz,curated_seed,
lesson_map_n5_0044,les_0501,Particle は vs が,primary_content,jlpt_n5_particles_seed.csv,particles,"{""particle"": [""は"", ""が""]}",15,12,display_order,sequential,particle_gap_choice,,lesson_page,curated_seed,
lesson_map_n5_0045,les_0501,Particle は vs が,quiz_section,jlpt_n5_quiz_sections_seed.csv,quiz_section,"{""section_id"": ""qsec_n5_004""}",1,1,display_order,sequential,particle_gap_choice,,quiz,curated_seed,
lesson_map_n5_0046,les_0502,Particle を,primary_content,jlpt_n5_particles_seed.csv,particles,"{""particle"": ""を""}",10,8,display_order,sequential,particle_gap_choice,,lesson_page,curated_seed,
lesson_map_n5_0047,les_0502,Particle を,quiz_section,jlpt_n5_quiz_sections_seed.csv,quiz_section,"{""section_id"": ""qsec_n5_004""}",1,1,display_order,sequential,particle_gap_choice,,quiz,curated_seed,
lesson_map_n5_0048,les_0503,Particle の,primary_content,jlpt_n5_particles_seed.csv,particles,"{""particle"": ""の""}",10,8,display_order,sequential,particle_gap_choice,,lesson_page,curated_seed,
lesson_map_n5_0049,les_0503,Particle の,quiz_section,jlpt_n5_quiz_sections_seed.csv,quiz_section,"{""section_id"": ""qsec_n5_004""}",1,1,display_order,sequential,particle_gap_choice,,quiz,curated_seed,
lesson_map_n5_0050,les_0504,Particle に / へ,primary_content,jlpt_n5_particles_seed.csv,particles,"{""particle"": [""に"", ""へ""]}",15,12,display_order,sequential,particle_gap_choice,,lesson_page,curated_seed,
lesson_map_n5_0051,les_0504,Particle に / へ,quiz_section,jlpt_n5_quiz_sections_seed.csv,quiz_section,"{""section_id"": ""qsec_n5_004""}",1,1,display_order,sequential,particle_gap_choice,,quiz,curated_seed,
lesson_map_n5_0052,les_0505,Particle で / と / も,primary_content,jlpt_n5_particles_seed.csv,particles,"{""particle"": [""で"", ""と"", ""も""]}",15,12,display_order,sequential,particle_gap_choice,,lesson_page,curated_seed,
lesson_map_n5_0053,les_0505,Particle で / と / も,quiz_section,jlpt_n5_quiz_sections_seed.csv,quiz_section,"{""section_id"": ""qsec_n5_004""}",1,1,display_order,sequential,particle_gap_choice,,quiz,curated_seed,
lesson_map_n5_0054,les_0506,Particle Checkpoint,primary_content,jlpt_n5_particles_seed.csv,particles,"{""is_core_n5"": ""true""}",15,12,display_order,sequential,particle_gap_choice|grammar_sentence_order,,lesson_page,curated_seed,
lesson_map_n5_0055,les_0506,Particle Checkpoint,quiz_section,jlpt_n5_quiz_sections_seed.csv,quiz_section,"{""section_id"": ""qsec_n5_004""}",1,1,display_order,sequential,particle_gap_choice|grammar_sentence_order,,quiz,curated_seed,
lesson_map_n5_0056,les_0601,あります / います,primary_content,jlpt_n5_grammar_seed.csv,grammar,"{""grammar_point"": [""あります"", ""います""]}",15,12,display_order,sequential,grammar_meaning_choice|vocab_sentence_gap,grammar_card,lesson_page,curated_seed,
lesson_map_n5_0057,les_0601,あります / います,quiz_section,jlpt_n5_quiz_sections_seed.csv,quiz_section,"{""section_id"": ""qsec_n5_004""}",1,1,display_order,sequential,grammar_meaning_choice|vocab_sentence_gap,,quiz,curated_seed,
lesson_map_n5_0058,les_0602,Location Words,primary_content,jlpt_n5_vocabulary_seed_with_examples.csv,mixed,"{""semantic_category"": ""location""}",10,8,display_order,sequential,vocab_meaning_choice|vocab_sentence_gap,,lesson_page,curated_seed,
lesson_map_n5_0059,les_0602,Location Words,quiz_section,jlpt_n5_quiz_sections_seed.csv,quiz_section,"{""section_id"": ""qsec_n5_003""}",1,1,display_order,sequential,vocab_meaning_choice|vocab_sentence_gap,,quiz,curated_seed,
lesson_map_n5_0060,les_0603,Place Sentences,primary_content,jlpt_n5_example_sentences_seed.csv,mixed,"{""sentence_type"": [""existence"", ""place""]}",15,12,display_order,sequential,vocab_sentence_gap|grammar_sentence_order,,lesson_page,curated_seed,
lesson_map_n5_0061,les_0603,Place Sentences,quiz_section,jlpt_n5_quiz_sections_seed.csv,quiz_section,"{""section_id"": ""qsec_n5_004""}",1,1,display_order,sequential,vocab_sentence_gap|grammar_sentence_order,,quiz,curated_seed,
lesson_map_n5_0062,les_0604,Foundation Gate,primary_content,jlpt_n5_quiz_templates_seed.csv,mixed,"{""lesson_scope"": [""particles"", ""grammar"", ""sentence""]}",25,20,display_order,sequential,particle_gap_choice|grammar_sentence_order|vocab_sentence_gap,,lesson_page,curated_seed,
lesson_map_n5_0063,les_0604,Foundation Gate,quiz_section,jlpt_n5_quiz_sections_seed.csv,quiz_section,"{""section_id"": ""qsec_n5_004""}",1,1,display_order,sequential,particle_gap_choice|grammar_sentence_order|vocab_sentence_gap,,quiz,curated_seed,
lesson_map_n5_0064,les_0701,Family Words,primary_content,jlpt_n5_vocabulary_seed_with_examples.csv,vocabulary,"{""semantic_category"": ""family""}",10,8,display_order,sequential,vocab_meaning_choice|vocab_from_meaning_choice,vocabulary_card,lesson_page,curated_seed,
lesson_map_n5_0065,les_0701,Family Words,quiz_section,jlpt_n5_quiz_sections_seed.csv,quiz_section,"{""section_id"": ""qsec_n5_003""}",1,1,display_order,sequential,vocab_meaning_choice|vocab_from_meaning_choice,,quiz,curated_seed,
lesson_map_n5_0066,les_0702,People & Jobs,primary_content,jlpt_n5_vocabulary_seed_with_examples.csv,vocabulary,"{""semantic_category"": [""people"", ""jobs""]}",10,8,display_order,sequential,vocab_meaning_choice|vocab_sentence_gap,vocabulary_card,lesson_page,curated_seed,
lesson_map_n5_0067,les_0702,People & Jobs,quiz_section,jlpt_n5_quiz_sections_seed.csv,quiz_section,"{""section_id"": ""qsec_n5_003""}",1,1,display_order,sequential,vocab_meaning_choice|vocab_sentence_gap,,quiz,curated_seed,
lesson_map_n5_0068,les_0703,Body & Health Basics,primary_content,jlpt_n5_vocabulary_seed_with_examples.csv,vocabulary,"{""semantic_category"": [""body"", ""health""]}",10,8,display_order,sequential,vocab_meaning_choice|vocab_sentence_gap,vocabulary_card,lesson_page,curated_seed,
lesson_map_n5_0069,les_0703,Body & Health Basics,quiz_section,jlpt_n5_quiz_sections_seed.csv,quiz_section,"{""section_id"": ""qsec_n5_003""}",1,1,display_order,sequential,vocab_meaning_choice|vocab_sentence_gap,,quiz,curated_seed,
lesson_map_n5_0070,les_0704,People Vocab Review,primary_content,jlpt_n5_vocabulary_seed_with_examples.csv,vocabulary,"{""semantic_category"": [""family"", ""people"", ""jobs"", ""body"", ""health""]}",15,12,display_order,sequential,vocab_meaning_choice|vocab_reading_choice,vocabulary_card,lesson_page,curated_seed,
lesson_map_n5_0071,les_0704,People Vocab Review,quiz_section,jlpt_n5_quiz_sections_seed.csv,quiz_section,"{""section_id"": ""qsec_n5_003""}",1,1,display_order,sequential,vocab_meaning_choice|vocab_reading_choice,,quiz,curated_seed,
lesson_map_n5_0072,les_0801,Food & Drink,primary_content,jlpt_n5_vocabulary_seed_with_examples.csv,vocabulary,"{""semantic_category"": [""food"", ""drink""]}",10,8,display_order,sequential,vocab_meaning_choice|vocab_sentence_gap,vocabulary_card,lesson_page,curated_seed,
lesson_map_n5_0073,les_0801,Food & Drink,quiz_section,jlpt_n5_quiz_sections_seed.csv,quiz_section,"{""section_id"": ""qsec_n5_003""}",1,1,display_order,sequential,vocab_meaning_choice|vocab_sentence_gap,,quiz,curated_seed,
lesson_map_n5_0074,les_0802,Home & Objects,primary_content,jlpt_n5_vocabulary_seed_with_examples.csv,vocabulary,"{""semantic_category"": [""home"", ""objects""]}",10,8,display_order,sequential,vocab_meaning_choice|vocab_sentence_gap,vocabulary_card,lesson_page,curated_seed,
lesson_map_n5_0075,les_0802,Home & Objects,quiz_section,jlpt_n5_quiz_sections_seed.csv,quiz_section,"{""section_id"": ""qsec_n5_003""}",1,1,display_order,sequential,vocab_meaning_choice|vocab_sentence_gap,,quiz,curated_seed,
lesson_map_n5_0076,les_0803,Shopping Words,primary_content,jlpt_n5_vocabulary_seed_with_examples.csv,vocabulary,"{""semantic_category"": [""shopping"", ""money""]}",10,8,display_order,sequential,vocab_meaning_choice|vocab_sentence_gap,vocabulary_card,lesson_page,curated_seed,
lesson_map_n5_0077,les_0803,Shopping Words,quiz_section,jlpt_n5_quiz_sections_seed.csv,quiz_section,"{""section_id"": ""qsec_n5_003""}",1,1,display_order,sequential,vocab_meaning_choice|vocab_sentence_gap,,quiz,curated_seed,
lesson_map_n5_0078,les_0804,Food & Object Review,primary_content,jlpt_n5_vocabulary_seed_with_examples.csv,vocabulary,"{""semantic_category"": [""food"", ""drink"", ""home"", ""objects"", ""shopping""]}",15,12,display_order,sequential,vocab_meaning_choice|vocab_reading_choice,vocabulary_card,lesson_page,curated_seed,
lesson_map_n5_0079,les_0804,Food & Object Review,quiz_section,jlpt_n5_quiz_sections_seed.csv,quiz_section,"{""section_id"": ""qsec_n5_003""}",1,1,display_order,sequential,vocab_meaning_choice|vocab_reading_choice,,quiz,curated_seed,
lesson_map_n5_0080,les_0901,Places & Buildings,primary_content,jlpt_n5_vocabulary_seed_with_examples.csv,vocabulary,"{""semantic_category"": [""places"", ""buildings""]}",10,8,display_order,sequential,vocab_meaning_choice|vocab_sentence_gap,vocabulary_card,lesson_page,curated_seed,
lesson_map_n5_0081,les_0901,Places & Buildings,quiz_section,jlpt_n5_quiz_sections_seed.csv,quiz_section,"{""section_id"": ""qsec_n5_003""}",1,1,display_order,sequential,vocab_meaning_choice|vocab_sentence_gap,,quiz,curated_seed,
lesson_map_n5_0082,les_0902,Transport & Directions,primary_content,jlpt_n5_vocabulary_seed_with_examples.csv,vocabulary,"{""semantic_category"": [""transport"", ""direction""]}",10,8,display_order,sequential,vocab_meaning_choice|vocab_sentence_gap,vocabulary_card,lesson_page,curated_seed,
lesson_map_n5_0083,les_0902,Transport & Directions,quiz_section,jlpt_n5_quiz_sections_seed.csv,quiz_section,"{""section_id"": ""qsec_n5_003""}",1,1,display_order,sequential,vocab_meaning_choice|vocab_sentence_gap,,quiz,curated_seed,
lesson_map_n5_0084,les_0903,Time & Frequency Words,primary_content,jlpt_n5_vocabulary_seed_with_examples.csv,vocabulary,"{""semantic_category"": [""time"", ""frequency""]}",10,8,display_order,sequential,vocab_meaning_choice|vocab_sentence_gap,vocabulary_card,lesson_page,curated_seed,
lesson_map_n5_0085,les_0903,Time & Frequency Words,quiz_section,jlpt_n5_quiz_sections_seed.csv,quiz_section,"{""section_id"": ""qsec_n5_003""}",1,1,display_order,sequential,vocab_meaning_choice|vocab_sentence_gap,,quiz,curated_seed,
lesson_map_n5_0086,les_0904,Weather & Nature,primary_content,jlpt_n5_vocabulary_seed_with_examples.csv,vocabulary,"{""semantic_category"": [""weather"", ""nature"", ""season""]}",10,8,display_order,sequential,vocab_meaning_choice|vocab_sentence_gap,vocabulary_card,lesson_page,curated_seed,
lesson_map_n5_0087,les_0904,Weather & Nature,quiz_section,jlpt_n5_quiz_sections_seed.csv,quiz_section,"{""section_id"": ""qsec_n5_003""}",1,1,display_order,sequential,vocab_meaning_choice|vocab_sentence_gap,,quiz,curated_seed,
lesson_map_n5_0088,les_0905,Core Vocab Gate,primary_content,jlpt_n5_vocabulary_seed_with_examples.csv,vocabulary,"{""is_common"": ""true""}",25,20,display_order,sequential,vocab_meaning_choice|vocab_reading_choice|vocab_from_meaning_choice,vocabulary_card,lesson_page,curated_seed,
lesson_map_n5_0089,les_0905,Core Vocab Gate,quiz_section,jlpt_n5_quiz_sections_seed.csv,quiz_section,"{""section_id"": ""qsec_n5_003""}",1,1,display_order,sequential,vocab_meaning_choice|vocab_reading_choice|vocab_from_meaning_choice,,quiz,curated_seed,
lesson_map_n5_0090,les_1001,Verb Groups,primary_content,jlpt_n5_verb_conjugation_rules_seed.csv,grammar,"{""rule_family"": ""verb_group_detection""}",15,12,display_order,sequential,verb_conjugation_choice,grammar_card,lesson_page,curated_seed,
lesson_map_n5_0091,les_1001,Verb Groups,quiz_section,jlpt_n5_quiz_sections_seed.csv,quiz_section,"{""section_id"": ""qsec_n5_004""}",1,1,display_order,sequential,verb_conjugation_choice,,quiz,curated_seed,
lesson_map_n5_0092,les_1002,ます / ません,primary_content,jlpt_n5_verb_conjugation_rules_seed.csv,grammar,"{""form_key"": [""masu_form"", ""masen_form""]}",15,12,display_order,sequential,verb_conjugation_choice|verb_conjugation_typing,grammar_card,lesson_page,curated_seed,
lesson_map_n5_0093,les_1002,ます / ません,quiz_section,jlpt_n5_quiz_sections_seed.csv,quiz_section,"{""section_id"": ""qsec_n5_004""}",1,1,display_order,sequential,verb_conjugation_choice|verb_conjugation_typing,,quiz,curated_seed,
lesson_map_n5_0094,les_1003,ました / ませんでした,primary_content,jlpt_n5_verb_conjugation_rules_seed.csv,grammar,"{""form_key"": [""mashita_form"", ""masen_deshita_form""]}",15,12,display_order,sequential,verb_conjugation_choice|verb_conjugation_typing,grammar_card,lesson_page,curated_seed,
lesson_map_n5_0095,les_1003,ました / ませんでした,quiz_section,jlpt_n5_quiz_sections_seed.csv,quiz_section,"{""section_id"": ""qsec_n5_004""}",1,1,display_order,sequential,verb_conjugation_choice|verb_conjugation_typing,,quiz,curated_seed,
lesson_map_n5_0096,les_1004,Plain ない / た / なかった,primary_content,jlpt_n5_verb_conjugation_rules_seed.csv,grammar,"{""form_key"": [""nai_form"", ""ta_form"", ""nakatta_form""]}",15,12,display_order,sequential,verb_conjugation_choice|verb_conjugation_typing,grammar_card,lesson_page,curated_seed,
lesson_map_n5_0097,les_1004,Plain ない / た / なかった,quiz_section,jlpt_n5_quiz_sections_seed.csv,quiz_section,"{""section_id"": ""qsec_n5_004""}",1,1,display_order,sequential,verb_conjugation_choice|verb_conjugation_typing,,quiz,curated_seed,
lesson_map_n5_0098,les_1005,Common N5 Verbs Deck,primary_content,jlpt_n5_vocabulary_seed_with_examples.csv,vocabulary,"{""part_of_speech_id"": [""kata_kerja"", ""kata_kerja_suru""]}",10,8,display_order,sequential,vocab_meaning_choice|verb_conjugation_choice,vocabulary_card,lesson_page,curated_seed,
lesson_map_n5_0099,les_1005,Common N5 Verbs Deck,quiz_section,jlpt_n5_quiz_sections_seed.csv,quiz_section,"{""section_id"": ""qsec_n5_003""}",1,1,display_order,sequential,vocab_meaning_choice|verb_conjugation_choice,,quiz,curated_seed,
lesson_map_n5_0100,les_1101,て Form,primary_content,jlpt_n5_verb_conjugation_rules_seed.csv,grammar,"{""form_key"": ""te_form""}",15,12,display_order,sequential,verb_conjugation_choice|verb_conjugation_typing,grammar_card,lesson_page,curated_seed,
lesson_map_n5_0101,les_1101,て Form,quiz_section,jlpt_n5_quiz_sections_seed.csv,quiz_section,"{""section_id"": ""qsec_n5_004""}",1,1,display_order,sequential,verb_conjugation_choice|verb_conjugation_typing,,quiz,curated_seed,
lesson_map_n5_0102,les_1102,てください / ないでください,primary_content,jlpt_n5_grammar_seed.csv,grammar,"{""grammar_point"": [""～てください"", ""～ないでください""]}",15,12,display_order,sequential,grammar_meaning_choice|grammar_sentence_order,grammar_card,lesson_page,curated_seed,
lesson_map_n5_0103,les_1102,てください / ないでください,quiz_section,jlpt_n5_quiz_sections_seed.csv,quiz_section,"{""section_id"": ""qsec_n5_004""}",1,1,display_order,sequential,grammar_meaning_choice|grammar_sentence_order,,quiz,curated_seed,
lesson_map_n5_0104,les_1103,ています,primary_content,jlpt_n5_grammar_seed.csv,grammar,"{""grammar_point"": ""～ています""}",15,12,display_order,sequential,grammar_meaning_choice|vocab_sentence_gap,grammar_card,lesson_page,curated_seed,
lesson_map_n5_0105,les_1103,ています,quiz_section,jlpt_n5_quiz_sections_seed.csv,quiz_section,"{""section_id"": ""qsec_n5_004""}",1,1,display_order,sequential,grammar_meaning_choice|vocab_sentence_gap,,quiz,curated_seed,
lesson_map_n5_0106,les_1104,てもいい / てはいけません,primary_content,jlpt_n5_grammar_seed.csv,grammar,"{""grammar_point"": [""～てもいいです"", ""～てはいけません""]}",15,12,display_order,sequential,grammar_meaning_choice|grammar_sentence_order,grammar_card,lesson_page,curated_seed,
lesson_map_n5_0107,les_1104,てもいい / てはいけません,quiz_section,jlpt_n5_quiz_sections_seed.csv,quiz_section,"{""section_id"": ""qsec_n5_004""}",1,1,display_order,sequential,grammar_meaning_choice|grammar_sentence_order,,quiz,curated_seed,
lesson_map_n5_0108,les_1105,"てから / て, て",primary_content,jlpt_n5_grammar_seed.csv,grammar,"{""grammar_point"": [""～てから"", ""～て、～て""]}",10,8,display_order,sequential,grammar_sentence_order|vocab_sentence_gap,grammar_card,lesson_page,curated_seed,
lesson_map_n5_0109,les_1105,"てから / て, て",quiz_section,jlpt_n5_quiz_sections_seed.csv,quiz_section,"{""section_id"": ""qsec_n5_004""}",1,1,display_order,sequential,grammar_sentence_order|vocab_sentence_gap,,quiz,curated_seed,
lesson_map_n5_0110,les_1201,i-Adjectives,primary_content,jlpt_n5_adjective_conjugation_rules_seed.csv,grammar,"{""adjective_type"": ""i_adjective""}",10,8,display_order,sequential,adjective_conjugation_choice,grammar_card,lesson_page,curated_seed,
lesson_map_n5_0111,les_1201,i-Adjectives,quiz_section,jlpt_n5_quiz_sections_seed.csv,quiz_section,"{""section_id"": ""qsec_n5_004""}",1,1,display_order,sequential,adjective_conjugation_choice,,quiz,curated_seed,
lesson_map_n5_0112,les_1202,na-Adjectives,primary_content,jlpt_n5_adjective_conjugation_rules_seed.csv,grammar,"{""adjective_type"": ""na_adjective""}",10,8,display_order,sequential,adjective_conjugation_choice,grammar_card,lesson_page,curated_seed,
lesson_map_n5_0113,les_1202,na-Adjectives,quiz_section,jlpt_n5_quiz_sections_seed.csv,quiz_section,"{""section_id"": ""qsec_n5_004""}",1,1,display_order,sequential,adjective_conjugation_choice,,quiz,curated_seed,
lesson_map_n5_0114,les_1203,Adjective Past & Negative,primary_content,jlpt_n5_adjective_conjugation_rules_seed.csv,grammar,"{""form_key"": [""plain_negative"", ""plain_past"", ""polite_negative"", ""polite_past""]}",15,12,display_order,sequential,adjective_conjugation_choice|adjective_conjugation_typing,grammar_card,lesson_page,curated_seed,
lesson_map_n5_0115,les_1203,Adjective Past & Negative,quiz_section,jlpt_n5_quiz_sections_seed.csv,quiz_section,"{""section_id"": ""qsec_n5_004""}",1,1,display_order,sequential,adjective_conjugation_choice|adjective_conjugation_typing,,quiz,curated_seed,
lesson_map_n5_0116,les_1204,くて / で / に,primary_content,jlpt_n5_adjective_conjugation_rules_seed.csv,grammar,"{""form_key"": [""te_form"", ""adverbial_form""]}",15,12,display_order,sequential,adjective_conjugation_choice|grammar_sentence_order,grammar_card,lesson_page,curated_seed,
lesson_map_n5_0117,les_1204,くて / で / に,quiz_section,jlpt_n5_quiz_sections_seed.csv,quiz_section,"{""section_id"": ""qsec_n5_004""}",1,1,display_order,sequential,adjective_conjugation_choice|grammar_sentence_order,,quiz,curated_seed,
lesson_map_n5_0118,les_1205,Verb & Adjective Gate,primary_content,jlpt_n5_quiz_templates_seed.csv,grammar,"{""lesson_scope"": ""conjugation""}",25,20,display_order,sequential,verb_conjugation_choice|verb_conjugation_typing|adjective_conjugation_choice,grammar_card,lesson_page,curated_seed,
lesson_map_n5_0119,les_1205,Verb & Adjective Gate,quiz_section,jlpt_n5_quiz_sections_seed.csv,quiz_section,"{""section_id"": ""qsec_n5_004""}",1,1,display_order,sequential,verb_conjugation_choice|verb_conjugation_typing|adjective_conjugation_choice,,quiz,curated_seed,
lesson_map_n5_0120,les_1301,Radicals 101,primary_content,kanji_radicals_214_seed.csv,kanji,"{""n5_relevant"": ""true""}",15,12,display_order,sequential,kanji_radical_choice,kanji_card,lesson_page,curated_seed,
lesson_map_n5_0121,les_1301,Radicals 101,quiz_section,jlpt_n5_quiz_sections_seed.csv,quiz_section,"{""section_id"": ""qsec_n5_005""}",1,1,display_order,sequential,kanji_radical_choice,,quiz,curated_seed,
lesson_map_n5_0122,les_1302,Stroke Count & Order,primary_content,jlpt_n5_kanji_extended_103.csv,kanji,"{""set_type"": ""core_80_common_n5""}",10,8,display_order,sequential,kanji_stroke_order_ordering,kanji_card,lesson_page,curated_seed,
lesson_map_n5_0123,les_1302,Stroke Count & Order,quiz_section,jlpt_n5_quiz_sections_seed.csv,quiz_section,"{""section_id"": ""qsec_n5_005""}",1,1,display_order,sequential,kanji_stroke_order_ordering,,quiz,curated_seed,
lesson_map_n5_0124,les_1303,Onyomi vs Kunyomi,primary_content,jlpt_n5_kanji_extended_103.csv,kanji,"{""set_type"": ""core_80_common_n5""}",10,8,display_order,sequential,kanji_onkun_choice,kanji_card,lesson_page,curated_seed,
lesson_map_n5_0125,les_1303,Onyomi vs Kunyomi,quiz_section,jlpt_n5_quiz_sections_seed.csv,quiz_section,"{""section_id"": ""qsec_n5_005""}",1,1,display_order,sequential,kanji_onkun_choice,,quiz,curated_seed,
lesson_map_n5_0126,les_1401,Kanji Numbers & Time,primary_content,jlpt_n5_kanji_extended_103.csv,kanji,"{""semantic_group"": ""numbers_time""}",15,12,display_order,sequential,kanji_meaning_choice|kanji_reading_choice,kanji_card,lesson_page,curated_seed,
lesson_map_n5_0127,les_1401,Kanji Numbers & Time,quiz_section,jlpt_n5_quiz_sections_seed.csv,quiz_section,"{""section_id"": ""qsec_n5_005""}",1,1,display_order,sequential,kanji_meaning_choice|kanji_reading_choice,,quiz,curated_seed,
lesson_map_n5_0128,les_1402,Kanji People & Body,primary_content,jlpt_n5_kanji_extended_103.csv,kanji,"{""semantic_group"": ""people_body""}",15,12,display_order,sequential,kanji_meaning_choice|kanji_reading_choice,kanji_card,lesson_page,curated_seed,
lesson_map_n5_0129,les_1402,Kanji People & Body,quiz_section,jlpt_n5_quiz_sections_seed.csv,quiz_section,"{""section_id"": ""qsec_n5_005""}",1,1,display_order,sequential,kanji_meaning_choice|kanji_reading_choice,,quiz,curated_seed,
lesson_map_n5_0130,les_1403,Kanji Nature & Direction,primary_content,jlpt_n5_kanji_extended_103.csv,kanji,"{""semantic_group"": ""nature_direction""}",15,12,display_order,sequential,kanji_meaning_choice|kanji_reading_choice,kanji_card,lesson_page,curated_seed,
lesson_map_n5_0131,les_1403,Kanji Nature & Direction,quiz_section,jlpt_n5_quiz_sections_seed.csv,quiz_section,"{""section_id"": ""qsec_n5_005""}",1,1,display_order,sequential,kanji_meaning_choice|kanji_reading_choice,,quiz,curated_seed,
lesson_map_n5_0132,les_1404,Kanji School & Places,primary_content,jlpt_n5_kanji_extended_103.csv,kanji,"{""semantic_group"": ""school_places""}",15,12,display_order,sequential,kanji_meaning_choice|kanji_reading_choice,kanji_card,lesson_page,curated_seed,
lesson_map_n5_0133,les_1404,Kanji School & Places,quiz_section,jlpt_n5_quiz_sections_seed.csv,quiz_section,"{""section_id"": ""qsec_n5_005""}",1,1,display_order,sequential,kanji_meaning_choice|kanji_reading_choice,,quiz,curated_seed,
lesson_map_n5_0134,les_1405,Kanji Actions & Adjectives,primary_content,jlpt_n5_kanji_extended_103.csv,kanji,"{""semantic_group"": ""actions_adjectives""}",15,12,display_order,sequential,kanji_meaning_choice|kanji_reading_choice,kanji_card,lesson_page,curated_seed,
lesson_map_n5_0135,les_1405,Kanji Actions & Adjectives,quiz_section,jlpt_n5_quiz_sections_seed.csv,quiz_section,"{""section_id"": ""qsec_n5_005""}",1,1,display_order,sequential,kanji_meaning_choice|kanji_reading_choice,,quiz,curated_seed,
lesson_map_n5_0136,les_1406,Kanji Core 80 Gate,primary_content,jlpt_n5_kanji_core_80.csv,kanji,"{""set_type"": ""core_80_common_n5""}",25,20,display_order,sequential,kanji_meaning_choice|kanji_reading_choice|kanji_onkun_choice,kanji_card,lesson_page,curated_seed,
lesson_map_n5_0137,les_1406,Kanji Core 80 Gate,quiz_section,jlpt_n5_quiz_sections_seed.csv,quiz_section,"{""section_id"": ""qsec_n5_005""}",1,1,display_order,sequential,kanji_meaning_choice|kanji_reading_choice|kanji_onkun_choice,,quiz,curated_seed,
lesson_map_n5_0138,les_1407,Extended N5 Kanji,primary_content,jlpt_n5_kanji_extended_103.csv,kanji,"{""set_type"": ""extended_103_old_n5_candidate""}",15,12,display_order,sequential,kanji_meaning_choice|kanji_reading_choice,kanji_card,lesson_page,curated_seed,
lesson_map_n5_0139,les_1407,Extended N5 Kanji,quiz_section,jlpt_n5_quiz_sections_seed.csv,quiz_section,"{""section_id"": ""qsec_n5_005""}",1,1,display_order,sequential,kanji_meaning_choice|kanji_reading_choice,,quiz,curated_seed,
lesson_map_n5_0140,les_1501,Numbers 0–100,primary_content,japanese_numbers_seed.csv,numbers_counters,"{""number_value_range"": ""0-100""}",10,8,display_order,sequential,counter_reading_choice,numbers_counters_card,lesson_page,curated_seed,
lesson_map_n5_0141,les_1501,Numbers 0–100,quiz_section,jlpt_n5_quiz_sections_seed.csv,quiz_section,"{""section_id"": ""qsec_n5_006""}",1,1,display_order,sequential,counter_reading_choice,,quiz,curated_seed,
lesson_map_n5_0142,les_1502,Large Numbers & Yen,primary_content,japanese_numbers_seed.csv|japanese_counter_forms_n5_seed.csv,numbers_counters,"{""counter_id"": ""ctr_en""}",10,8,display_order,sequential,counter_reading_choice,numbers_counters_card,lesson_page,curated_seed,
lesson_map_n5_0143,les_1502,Large Numbers & Yen,quiz_section,jlpt_n5_quiz_sections_seed.csv,quiz_section,"{""section_id"": ""qsec_n5_006""}",1,1,display_order,sequential,counter_reading_choice,,quiz,curated_seed,
lesson_map_n5_0144,les_1503,Clock Time,primary_content,japanese_counter_forms_n5_seed.csv|japanese_calendar_time_n5_seed.csv,numbers_counters,"{""counter_id"": [""ctr_ji"", ""ctr_fun""]}",15,12,display_order,sequential,date_reading_choice|counter_reading_choice,numbers_counters_card,lesson_page,curated_seed,
lesson_map_n5_0145,les_1503,Clock Time,quiz_section,jlpt_n5_quiz_sections_seed.csv,quiz_section,"{""section_id"": ""qsec_n5_006""}",1,1,display_order,sequential,date_reading_choice|counter_reading_choice,,quiz,curated_seed,
lesson_map_n5_0146,les_1504,"Days, Months, Weekdays",primary_content,japanese_calendar_time_n5_seed.csv,numbers_counters,"{""calendar_type"": [""weekday"", ""month_name"", ""day_of_month""]}",15,12,display_order,sequential,date_reading_choice,numbers_counters_card,lesson_page,curated_seed,
lesson_map_n5_0147,les_1504,"Days, Months, Weekdays",quiz_section,jlpt_n5_quiz_sections_seed.csv,quiz_section,"{""section_id"": ""qsec_n5_006""}",1,1,display_order,sequential,date_reading_choice,,quiz,curated_seed,
lesson_map_n5_0148,les_1601,General Counters つ / 個,primary_content,japanese_counter_forms_n5_seed.csv,numbers_counters,"{""counter_id"": [""ctr_tsu"", ""ctr_ko""]}",10,8,display_order,sequential,counter_reading_choice|counter_usage_choice,numbers_counters_card,lesson_page,curated_seed,
lesson_map_n5_0149,les_1601,General Counters つ / 個,quiz_section,jlpt_n5_quiz_sections_seed.csv,quiz_section,"{""section_id"": ""qsec_n5_006""}",1,1,display_order,sequential,counter_reading_choice|counter_usage_choice,,quiz,curated_seed,
lesson_map_n5_0150,les_1602,People & Animals Counters,primary_content,japanese_counter_forms_n5_seed.csv,numbers_counters,"{""counter_id"": [""ctr_nin"", ""ctr_hiki"", ""ctr_wa"", ""ctr_tou""]}",10,8,display_order,sequential,counter_reading_choice|counter_usage_choice,numbers_counters_card,lesson_page,curated_seed,
lesson_map_n5_0151,les_1602,People & Animals Counters,quiz_section,jlpt_n5_quiz_sections_seed.csv,quiz_section,"{""section_id"": ""qsec_n5_006""}",1,1,display_order,sequential,counter_reading_choice|counter_usage_choice,,quiz,curated_seed,
lesson_map_n5_0152,les_1603,Object Shape Counters,primary_content,japanese_counter_forms_n5_seed.csv,numbers_counters,"{""counter_id"": [""ctr_hon"", ""ctr_mai"", ""ctr_satsu"", ""ctr_dai"", ""ctr_hai""]}",15,12,display_order,sequential,counter_reading_choice|counter_usage_choice,numbers_counters_card,lesson_page,curated_seed,
lesson_map_n5_0153,les_1603,Object Shape Counters,quiz_section,jlpt_n5_quiz_sections_seed.csv,quiz_section,"{""section_id"": ""qsec_n5_006""}",1,1,display_order,sequential,counter_reading_choice|counter_usage_choice,,quiz,curated_seed,
lesson_map_n5_0154,les_1604,"Age, Frequency, Duration",primary_content,japanese_counter_forms_n5_seed.csv,numbers_counters,"{""counter_id"": [""ctr_sai"", ""ctr_kai_times"", ""ctr_jikan"", ""ctr_shuukan"", ""ctr_kagetsu""]}",15,12,display_order,sequential,counter_reading_choice|counter_usage_choice,numbers_counters_card,lesson_page,curated_seed,
lesson_map_n5_0155,les_1604,"Age, Frequency, Duration",quiz_section,jlpt_n5_quiz_sections_seed.csv,quiz_section,"{""section_id"": ""qsec_n5_006""}",1,1,display_order,sequential,counter_reading_choice|counter_usage_choice,,quiz,curated_seed,
lesson_map_n5_0156,les_1605,Numbers & Counters Gate,primary_content,japanese_counter_forms_n5_seed.csv,numbers_counters,"{""recommended_for_quiz"": ""true""}",25,20,display_order,sequential,counter_reading_choice|counter_usage_choice|date_reading_choice,numbers_counters_card,lesson_page,curated_seed,
lesson_map_n5_0157,les_1605,Numbers & Counters Gate,quiz_section,jlpt_n5_quiz_sections_seed.csv,quiz_section,"{""section_id"": ""qsec_n5_006""}",1,1,display_order,sequential,counter_reading_choice|counter_usage_choice|date_reading_choice,,quiz,curated_seed,
lesson_map_n5_0158,les_1701,Self Introduction,primary_content,jlpt_n5_example_sentences_seed.csv,mixed,"{""sentence_type"": [""basic_sentence"", ""people""]}",15,12,display_order,sequential,vocab_sentence_gap|grammar_sentence_order,,lesson_page,curated_seed,
lesson_map_n5_0159,les_1701,Self Introduction,quiz_section,jlpt_n5_quiz_sections_seed.csv,quiz_section,"{""section_id"": ""qsec_n5_004""}",1,1,display_order,sequential,vocab_sentence_gap|grammar_sentence_order,,quiz,curated_seed,
lesson_map_n5_0160,les_1702,At School,primary_content,jlpt_n5_example_sentences_seed.csv,mixed,"{""tags_contains"": ""school""}",15,12,display_order,sequential,vocab_sentence_gap|reading_comprehension_choice,,lesson_page,curated_seed,
lesson_map_n5_0161,les_1702,At School,quiz_section,jlpt_n5_quiz_sections_seed.csv,quiz_section,"{""section_id"": ""qsec_n5_003""}",1,1,display_order,sequential,vocab_sentence_gap|reading_comprehension_choice,,quiz,curated_seed,
lesson_map_n5_0162,les_1703,Shopping,primary_content,jlpt_n5_example_sentences_seed.csv,mixed,"{""sentence_type"": [""shopping"", ""money"", ""counter""]}",15,12,display_order,sequential,vocab_sentence_gap|grammar_sentence_order,,lesson_page,curated_seed,
lesson_map_n5_0163,les_1703,Shopping,quiz_section,jlpt_n5_quiz_sections_seed.csv,quiz_section,"{""section_id"": ""qsec_n5_003""}",1,1,display_order,sequential,vocab_sentence_gap|grammar_sentence_order,,quiz,curated_seed,
lesson_map_n5_0164,les_1704,Restaurant & Food,primary_content,jlpt_n5_example_sentences_seed.csv,mixed,"{""sentence_type"": [""food"", ""preference""]}",15,12,display_order,sequential,vocab_sentence_gap|listening_sentence_choice,,lesson_page,curated_seed,
lesson_map_n5_0165,les_1704,Restaurant & Food,quiz_section,jlpt_n5_quiz_sections_seed.csv,quiz_section,"{""section_id"": ""qsec_n5_007""}",1,1,display_order,sequential,vocab_sentence_gap|listening_sentence_choice,,quiz,curated_seed,
lesson_map_n5_0166,les_1705,Directions & Transport,primary_content,jlpt_n5_example_sentences_seed.csv,mixed,"{""sentence_type"": [""transport"", ""direction""]}",15,12,display_order,sequential,vocab_sentence_gap|listening_sentence_choice,,lesson_page,curated_seed,
lesson_map_n5_0167,les_1705,Directions & Transport,quiz_section,jlpt_n5_quiz_sections_seed.csv,quiz_section,"{""section_id"": ""qsec_n5_007""}",1,1,display_order,sequential,vocab_sentence_gap|listening_sentence_choice,,quiz,curated_seed,
lesson_map_n5_0168,les_1706,Weather & Seasons,primary_content,jlpt_n5_example_sentences_seed.csv,mixed,"{""sentence_type"": [""weather"", ""season""]}",10,8,display_order,sequential,vocab_sentence_gap|reading_true_false,,lesson_page,curated_seed,
lesson_map_n5_0169,les_1706,Weather & Seasons,quiz_section,jlpt_n5_quiz_sections_seed.csv,quiz_section,"{""section_id"": ""qsec_n5_008""}",1,1,display_order,sequential,vocab_sentence_gap|reading_true_false,,quiz,curated_seed,
lesson_map_n5_0170,les_1707,Health & Requests,primary_content,jlpt_n5_example_sentences_seed.csv,mixed,"{""sentence_type"": [""health"", ""request""]}",10,8,display_order,sequential,vocab_sentence_gap|grammar_sentence_order,,lesson_page,curated_seed,
lesson_map_n5_0171,les_1707,Health & Requests,quiz_section,jlpt_n5_quiz_sections_seed.csv,quiz_section,"{""section_id"": ""qsec_n5_004""}",1,1,display_order,sequential,vocab_sentence_gap|grammar_sentence_order,,quiz,curated_seed,
lesson_map_n5_0172,les_1708,Daily Scenario Gate,primary_content,jlpt_n5_example_sentences_seed.csv,mixed,"{""set_type"": ""curated_original_n5""}",25,20,display_order,sequential,vocab_sentence_gap|grammar_sentence_order|listening_sentence_choice,,lesson_page,curated_seed,
lesson_map_n5_0173,les_1708,Daily Scenario Gate,quiz_section,jlpt_n5_quiz_sections_seed.csv,quiz_section,"{""section_id"": ""qsec_n5_001""}",1,1,display_order,sequential,vocab_sentence_gap|grammar_sentence_order|listening_sentence_choice,,quiz,curated_seed,
lesson_map_n5_0174,les_1801,Read Simple Sentences,primary_content,jlpt_n5_example_sentences_seed.csv,reading,"{""difficulty_level"": [1, 2]}",10,8,display_order,sequential,vocab_meaning_choice|reading_true_false,,lesson_page,curated_seed,
lesson_map_n5_0175,les_1801,Read Simple Sentences,quiz_section,jlpt_n5_quiz_sections_seed.csv,quiz_section,"{""section_id"": ""qsec_n5_008""}",1,1,display_order,sequential,vocab_meaning_choice|reading_true_false,,quiz,curated_seed,
lesson_map_n5_0176,les_1802,Short Passage: Daily Routine,primary_content,reading_passages_n5_seed.csv,reading,"{""topic"": ""daily_routine""}",15,12,display_order,sequential,reading_comprehension_choice|reading_true_false,,lesson_page,curated_seed,
lesson_map_n5_0177,les_1802,Short Passage: Daily Routine,quiz_section,jlpt_n5_quiz_sections_seed.csv,quiz_section,"{""section_id"": ""qsec_n5_008""}",1,1,display_order,sequential,reading_comprehension_choice|reading_true_false,,quiz,curated_seed,
lesson_map_n5_0178,les_1803,Short Passage: Schedule & Time,primary_content,reading_passages_n5_seed.csv,reading,"{""topic"": ""schedule_time""}",15,12,display_order,sequential,reading_comprehension_choice|date_reading_choice,,lesson_page,curated_seed,
lesson_map_n5_0179,les_1803,Short Passage: Schedule & Time,quiz_section,jlpt_n5_quiz_sections_seed.csv,quiz_section,"{""section_id"": ""qsec_n5_008""}",1,1,display_order,sequential,reading_comprehension_choice|date_reading_choice,,quiz,curated_seed,
lesson_map_n5_0180,les_1804,Short Passage: Shopping/Notice,primary_content,reading_passages_n5_seed.csv,reading,"{""topic"": ""shopping_notice""}",15,12,display_order,sequential,reading_comprehension_choice|vocab_sentence_gap,,lesson_page,curated_seed,
lesson_map_n5_0181,les_1804,Short Passage: Shopping/Notice,quiz_section,jlpt_n5_quiz_sections_seed.csv,quiz_section,"{""section_id"": ""qsec_n5_008""}",1,1,display_order,sequential,reading_comprehension_choice|vocab_sentence_gap,,quiz,curated_seed,
lesson_map_n5_0182,les_1901,Kana & Vocab Listening,primary_content,kana_characters_hiragana_katakana.csv|jlpt_n5_vocabulary_seed_with_examples.csv,listening,"{""recommended_for_quiz"": ""true""}",10,8,display_order,sequential,kana_audio_choice|vocab_audio_meaning_choice,,lesson_page,curated_seed,
lesson_map_n5_0183,les_1901,Kana & Vocab Listening,quiz_section,jlpt_n5_quiz_sections_seed.csv,quiz_section,"{""section_id"": ""qsec_n5_007""}",1,1,display_order,sequential,kana_audio_choice|vocab_audio_meaning_choice,,quiz,curated_seed,
lesson_map_n5_0184,les_1902,Sentence Listening,primary_content,jlpt_n5_example_sentences_seed.csv,listening,"{""recommended_for_quiz"": ""true""}",15,12,display_order,sequential,listening_sentence_choice,,lesson_page,curated_seed,
lesson_map_n5_0185,les_1902,Sentence Listening,quiz_section,jlpt_n5_quiz_sections_seed.csv,quiz_section,"{""section_id"": ""qsec_n5_007""}",1,1,display_order,sequential,listening_sentence_choice,,quiz,curated_seed,
lesson_map_n5_0186,les_1903,Question & Response,primary_content,listening_scripts_n5_seed.csv,listening,"{""script_type"": ""question_response""}",15,12,display_order,sequential,listening_response_choice,,lesson_page,curated_seed,
lesson_map_n5_0187,les_1903,Question & Response,quiz_section,jlpt_n5_quiz_sections_seed.csv,quiz_section,"{""section_id"": ""qsec_n5_007""}",1,1,display_order,sequential,listening_response_choice,,quiz,curated_seed,
lesson_map_n5_0188,les_1904,Dictation Lite,primary_content,listening_scripts_n5_seed.csv,listening,"{""activity"": ""dictation""}",15,12,display_order,sequential,vocab_typing_reading|listening_sentence_choice,,lesson_page,curated_seed,
lesson_map_n5_0189,les_1904,Dictation Lite,quiz_section,jlpt_n5_quiz_sections_seed.csv,quiz_section,"{""section_id"": ""qsec_n5_007""}",1,1,display_order,sequential,vocab_typing_reading|listening_sentence_choice,,quiz,curated_seed,
lesson_map_n5_0190,les_1905,Reading & Listening Gate,primary_content,jlpt_n5_quiz_sections_seed.csv,reading_listening,"{""section_key"": [""reading_quiz"", ""listening_quiz""]}",25,20,display_order,sequential,reading_comprehension_choice|listening_sentence_choice,,lesson_page,curated_seed,
lesson_map_n5_0191,les_1905,Reading & Listening Gate,quiz_section,jlpt_n5_quiz_sections_seed.csv,quiz_section,"{""section_id"": ""qsec_n5_007|qsec_n5_008""}",1,1,display_order,sequential,reading_comprehension_choice|listening_sentence_choice,,quiz,curated_seed,
lesson_map_n5_0192,les_2001,SRS Catch-up,primary_content,srs_cards_seed.csv,srs,"{""due"": ""true""}",25,20,display_order,sequential,srs_flashcard_front_back,,lesson_page,curated_seed,
lesson_map_n5_0193,les_2002,Weakness Mix Quiz,primary_content,jlpt_n5_quiz_templates_seed.csv,mixed,"{""strategy"": ""lowest_accuracy""}",25,20,display_order,sequential,daily_mixed_quick_quiz,,lesson_page,curated_seed,
lesson_map_n5_0194,les_2002,Weakness Mix Quiz,quiz_section,jlpt_n5_quiz_sections_seed.csv,quiz_section,"{""section_id"": ""qsec_n5_001""}",1,1,display_order,sequential,daily_mixed_quick_quiz,,quiz,curated_seed,
lesson_map_n5_0195,les_2003,Mini Mock: Vocabulary,primary_content,jlpt_n5_quiz_sections_seed.csv,vocabulary,"{""section_key"": ""mock_vocab""}",25,20,display_order,sequential,mock_test_vocab_section,vocabulary_card,lesson_page,curated_seed,
lesson_map_n5_0196,les_2003,Mini Mock: Vocabulary,quiz_section,jlpt_n5_quiz_sections_seed.csv,quiz_section,"{""section_id"": ""qsec_n5_009""}",1,1,display_order,sequential,mock_test_vocab_section,,quiz,curated_seed,
lesson_map_n5_0197,les_2004,Mini Mock: Grammar + Reading,primary_content,jlpt_n5_quiz_sections_seed.csv,grammar_reading,"{""section_key"": ""mock_grammar_reading""}",25,20,display_order,sequential,mock_test_grammar_reading_section,,lesson_page,curated_seed,
lesson_map_n5_0198,les_2004,Mini Mock: Grammar + Reading,quiz_section,jlpt_n5_quiz_sections_seed.csv,quiz_section,"{""section_id"": ""qsec_n5_010""}",1,1,display_order,sequential,mock_test_grammar_reading_section,,quiz,curated_seed,
lesson_map_n5_0199,les_2005,Mini Mock: Listening,primary_content,jlpt_n5_quiz_sections_seed.csv,listening,"{""section_key"": ""mock_listening""}",25,20,display_order,sequential,mock_test_listening_section,,lesson_page,curated_seed,
lesson_map_n5_0200,les_2005,Mini Mock: Listening,quiz_section,jlpt_n5_quiz_sections_seed.csv,quiz_section,"{""section_id"": ""qsec_n5_011""}",1,1,display_order,sequential,mock_test_listening_section,,quiz,curated_seed,
lesson_map_n5_0201,les_2006,Full N5 Mock Test,primary_content,jlpt_n5_quiz_sections_seed.csv,mixed,"{""quiz_mode"": ""mock_test""}",25,20,display_order,sequential,mock_test_vocab_section|mock_test_grammar_reading_section|mock_test_listening_section,,lesson_page,curated_seed,
lesson_map_n5_0202,les_2006,Full N5 Mock Test,quiz_section,jlpt_n5_quiz_sections_seed.csv,quiz_section,"{""section_id"": ""qsec_n5_009|qsec_n5_010|qsec_n5_011""}",1,1,display_order,sequential,mock_test_vocab_section|mock_test_grammar_reading_section|mock_test_listening_section,,quiz,curated_seed,
lesson_map_n5_0203,les_2007,Final Review Plan,primary_content,progress_stats,mixed,"{""source"": ""mock_results""}",15,12,display_order,sequential,daily_mixed_quick_quiz,,lesson_page,curated_seed,
lesson_map_n5_0204,les_2007,Final Review Plan,quiz_section,jlpt_n5_quiz_sections_seed.csv,quiz_section,"{""section_id"": ""qsec_n5_001""}",1,1,display_order,sequential,daily_mixed_quick_quiz,,quiz,curated_seed,
