id,jlpt_level,tree_version,node_type,parent_id,path,slug,display_order,title_id,title_en,description_id,content_type,skill_domain,lesson_group,route_path,icon_key,estimated_minutes,target_xp,coin_reward,difficulty_order,unlock_order,is_mvp,is_required_for_n5,is_checkpoint,checkpoint_type,completion_rule_key,completion_rule_json,primary_dataset_refs,secondary_dataset_refs,item_filter_json,quiz_section_id,srs_deck_key,prerequisite_mode,recommended_review_after_days,tags,source_basis,source_url,notes
course_n5,N5,n5_mvp_v1,course,,n5,jlpt-n5-roadmap,1,JLPT N5 Roadmap,JLPT N5 Roadmap,Roadmap belajar Jepang N5 dari kana sampai mock test.,course,mixed,n5,/learn/n5,mixed,0,0,0,1,0,true,true,false,,complete_required_children,"{""required_node_type"": ""phase"", ""min_completion_percent"": 100}",all_seed_files,,{},,,all,,"course,n5,roadmap",official_jlpt_sections_plus_curated_app_sequence,https://www.jlpt.jp/sp/e/guideline/testsections.html,
phase_00,N5,n5_mvp_v1,phase,course_n5,n5/phase_00,getting-started,2,Getting Started,Getting Started,"Mulai dari setting app, input Jepang, dan placement ringan.",phase_overview,onboarding,phase_00,/learn/n5/phase_00,onboarding,0,50,5,1,0,true,true,false,,complete_required_children,"{""required_node_type"": ""lesson"", ""min_completion_percent"": 85}",,,{},,,all,,"phase,onboarding",official_jlpt_sections_plus_mlc_topic_hub,https://www.mlcjapanese.co.jp/n5.html,
phase_01,N5,n5_mvp_v1,phase,course_n5,n5/phase_01,kana-foundation,3,Kana Foundation,Kana Foundation,"Hiragana, katakana, tanda baca, dakuten, yōon, dan typing.",phase_overview,kana,phase_01,/learn/n5/phase_01,kana,0,50,5,2,1,true,true,false,,complete_required_children,"{""required_node_type"": ""lesson"", ""min_completion_percent"": 85}",,,{},,,all,,"phase,kana",official_jlpt_sections_plus_mlc_topic_hub,https://www.mlcjapanese.co.jp/n5.html,
phase_02,N5,n5_mvp_v1,phase,course_n5,n5/phase_02,sentence-foundation,4,Sentence Foundation,Sentence Foundation,"Pola kalimat dasar, partikel inti, pertanyaan, lokasi, arimasu/imasu.",phase_overview,grammar,phase_02,/learn/n5/phase_02,grammar,0,50,5,3,2,true,true,false,,complete_required_children,"{""required_node_type"": ""lesson"", ""min_completion_percent"": 85}",,,{},,,all,,"phase,grammar",official_jlpt_sections_plus_mlc_topic_hub,https://www.jlpt.jp/sp/e/guideline/testsections.html,
phase_03,N5,n5_mvp_v1,phase,course_n5,n5/phase_03,core-vocabulary,5,Core Vocabulary,Core Vocabulary,Kosakata inti N5 per tema plus flashcard deck awal.,phase_overview,vocabulary,phase_03,/learn/n5/phase_03,vocabulary,0,50,5,4,3,true,true,false,,complete_required_children,"{""required_node_type"": ""lesson"", ""min_completion_percent"": 85}",,,{},,,all,,"phase,vocabulary",official_jlpt_sections_plus_mlc_topic_hub,https://www.jlpt.jp/sp/e/guideline/testsections.html,
phase_04,N5,n5_mvp_v1,phase,course_n5,n5/phase_04,verb-and-adjective-system,6,Verb & Adjective System,Verb & Adjective System,Konjugasi kata kerja dan kata sifat yang paling sering dipakai N5.,phase_overview,grammar,phase_04,/learn/n5/phase_04,grammar,0,50,5,5,4,true,true,false,,complete_required_children,"{""required_node_type"": ""lesson"", ""min_completion_percent"": 85}",,,{},,,all,,"phase,grammar",official_jlpt_sections_plus_mlc_topic_hub,https://www.jlpt.jp/sp/e/guideline/testsections.html,
phase_05,N5,n5_mvp_v1,phase,course_n5,n5/phase_05,kanji-and-radicals,7,Kanji & Radicals,Kanji & Radicals,"Kanji N5, radical, stroke order, dan contoh kata.",phase_overview,kanji,phase_05,/learn/n5/phase_05,kanji,0,50,5,6,5,true,true,false,,complete_required_children,"{""required_node_type"": ""lesson"", ""min_completion_percent"": 85}",,,{},,,all,,"phase,kanji",official_jlpt_sections_plus_mlc_topic_hub,https://www.mlcjapanese.co.jp/n5.html,
phase_06,N5,n5_mvp_v1,phase,course_n5,n5/phase_06,numbers-time-and-counters,8,"Numbers, Time & Counters","Numbers, Time & Counters","Angka, tanggal, jam, uang, usia, dan counter Jepang.",phase_overview,numbers_counters,phase_06,/learn/n5/phase_06,numbers_counters,0,50,5,7,6,true,true,false,,complete_required_children,"{""required_node_type"": ""lesson"", ""min_completion_percent"": 85}",,,{},,,all,,"phase,numbers_counters",official_jlpt_sections_plus_mlc_topic_hub,https://www.mlcjapanese.co.jp/n5.html,
phase_07,N5,n5_mvp_v1,phase,course_n5,n5/phase_07,daily-communication,9,Daily Communication,Daily Communication,"Skenario harian: perkenalan, belanja, makan, arah, sekolah, hobi.",phase_overview,mixed,phase_07,/learn/n5/phase_07,mixed,0,50,5,8,7,true,true,false,,complete_required_children,"{""required_node_type"": ""lesson"", ""min_completion_percent"": 85}",,,{},,,all,,"phase,mixed",official_jlpt_sections_plus_mlc_topic_hub,https://www.mlcjapanese.co.jp/n5.html,
phase_08,N5,n5_mvp_v1,phase,course_n5,n5/phase_08,reading-and-listening,10,Reading & Listening,Reading & Listening,"Latihan bacaan pendek, listening, dictation, dan comprehension.",phase_overview,reading_listening,phase_08,/learn/n5/phase_08,reading_listening,0,50,5,9,8,true,true,false,,complete_required_children,"{""required_node_type"": ""lesson"", ""min_completion_percent"": 85}",,,{},,,all,,"phase,reading_listening",official_jlpt_sections_plus_mlc_topic_hub,https://www.jlpt.jp/sp/e/guideline/testsections.html,
phase_09,N5,n5_mvp_v1,phase,course_n5,n5/phase_09,review-and-mock-test,11,Review & Mock Test,Review & Mock Test,"SRS, mixed review, mini mock, dan simulasi JLPT N5.",phase_overview,mock_test,phase_09,/learn/n5/phase_09,mock_test,0,50,5,10,9,true,true,false,,complete_required_children,"{""required_node_type"": ""lesson"", ""min_completion_percent"": 85}",,,{},,,all,,"phase,mock_test",official_jlpt_sections_plus_mlc_topic_hub,https://www.jlpt.jp/sp/e/guideline/testsections.html,
mod_00_setup,N5,n5_mvp_v1,module,phase_00,n5/phase_00/mod_00_setup,app-setup-and-study-loop,12,App Setup & Study Loop,App Setup & Study Loop,Setup awal dan cara belajar dengan quiz + SRS.,module_overview,onboarding,mod_00_setup,/learn/n5/phase_00/mod_00_setup,onboarding,0,20,2,1,1,true,true,false,,complete_required_children,"{""required_node_type"": ""lesson"", ""min_completion_percent"": 80}",,,{},,,all,,"module,onboarding",curated_roadmap_seed,https://www.mlcjapanese.co.jp/n5.html,
mod_01_hiragana,N5,n5_mvp_v1,module,phase_01,n5/phase_01/mod_01_hiragana,hiragana,13,Hiragana,Hiragana,Kana utama untuk kata Jepang asli.,module_overview,kana,mod_01_hiragana,/learn/n5/phase_01/mod_01_hiragana,kana,0,20,2,1,1,true,true,false,,complete_required_children,"{""required_node_type"": ""lesson"", ""min_completion_percent"": 80}",,,{},,,all,,"module,kana",curated_roadmap_seed,https://www.mlcjapanese.co.jp/n5.html,
mod_02_katakana,N5,n5_mvp_v1,module,phase_01,n5/phase_01/mod_02_katakana,katakana,14,Katakana,Katakana,"Kana untuk kata serapan, nama asing, dan emphasis.",module_overview,kana,mod_02_katakana,/learn/n5/phase_01/mod_02_katakana,kana,0,20,2,1,1,true,true,false,,complete_required_children,"{""required_node_type"": ""lesson"", ""min_completion_percent"": 80}",,,{},,,all,,"module,kana",curated_roadmap_seed,https://www.mlcjapanese.co.jp/n5.html,
mod_03_kana_marks,N5,n5_mvp_v1,module,phase_01,n5/phase_01/mod_03_kana_marks,kana-marks-and-punctuation,15,Kana Marks & Punctuation,Kana Marks & Punctuation,"Dakuten, handakuten, yōon, sokuon, long vowel, dan tanda baca.",module_overview,kana,mod_03_kana_marks,/learn/n5/phase_01/mod_03_kana_marks,kana,0,20,2,1,1,true,true,false,,complete_required_children,"{""required_node_type"": ""lesson"", ""min_completion_percent"": 80}",,,{},,,all,,"module,kana",curated_roadmap_seed,https://www.mlcjapanese.co.jp/n5.html,
mod_04_basic_sentence,N5,n5_mvp_v1,module,phase_02,n5/phase_02/mod_04_basic_sentence,basic-sentences,16,Basic Sentences,Basic Sentences,"Pola ～は～です, pronoun, demonstrative, dan pertanyaan.",module_overview,grammar,mod_04_basic_sentence,/learn/n5/phase_02/mod_04_basic_sentence,grammar,0,20,2,1,1,true,true,false,,complete_required_children,"{""required_node_type"": ""lesson"", ""min_completion_percent"": 80}",,,{},,,all,,"module,grammar",curated_roadmap_seed,https://www.mlcjapanese.co.jp/n5.html,
mod_05_core_particles,N5,n5_mvp_v1,module,phase_02,n5/phase_02/mod_05_core_particles,core-particles,17,Core Particles,Core Particles,Partikel inti N5 sebagai fondasi semua kalimat.,module_overview,grammar,mod_05_core_particles,/learn/n5/phase_02/mod_05_core_particles,grammar,0,20,2,1,1,true,true,false,,complete_required_children,"{""required_node_type"": ""lesson"", ""min_completion_percent"": 80}",,,{},,,all,,"module,grammar",curated_roadmap_seed,https://www.mlcjapanese.co.jp/n5.html,
mod_06_existence_place,N5,n5_mvp_v1,module,phase_02,n5/phase_02/mod_06_existence_place,existence-and-location,18,Existence & Location,Existence & Location,"あります/います, lokasi, posisi, dan tempat.",module_overview,grammar,mod_06_existence_place,/learn/n5/phase_02/mod_06_existence_place,grammar,0,20,2,1,1,true,true,false,,complete_required_children,"{""required_node_type"": ""lesson"", ""min_completion_percent"": 80}",,,{},,,all,,"module,grammar",curated_roadmap_seed,https://www.mlcjapanese.co.jp/n5.html,
mod_07_vocab_people,N5,n5_mvp_v1,module,phase_03,n5/phase_03/mod_07_vocab_people,people-and-family,19,People & Family,People & Family,"Orang, keluarga, profesi, dan deskripsi dasar.",module_overview,vocabulary,mod_07_vocab_people,/learn/n5/phase_03/mod_07_vocab_people,vocabulary,0,20,2,1,1,true,true,false,,complete_required_children,"{""required_node_type"": ""lesson"", ""min_completion_percent"": 80}",,,{},,,all,,"module,vocabulary",curated_roadmap_seed,https://www.mlcjapanese.co.jp/n5.html,
mod_08_vocab_daily,N5,n5_mvp_v1,module,phase_03,n5/phase_03/mod_08_vocab_daily,daily-objects-and-food,20,Daily Objects & Food,Daily Objects & Food,"Benda harian, makanan, minuman, belanja.",module_overview,vocabulary,mod_08_vocab_daily,/learn/n5/phase_03/mod_08_vocab_daily,vocabulary,0,20,2,1,1,true,true,false,,complete_required_children,"{""required_node_type"": ""lesson"", ""min_completion_percent"": 80}",,,{},,,all,,"module,vocabulary",curated_roadmap_seed,https://www.mlcjapanese.co.jp/n5.html,
mod_09_vocab_places_time,N5,n5_mvp_v1,module,phase_03,n5/phase_03/mod_09_vocab_places_time,places-time-and-nature,21,"Places, Time & Nature","Places, Time & Nature","Tempat, transportasi, waktu, cuaca, alam.",module_overview,vocabulary,mod_09_vocab_places_time,/learn/n5/phase_03/mod_09_vocab_places_time,vocabulary,0,20,2,1,1,true,true,false,,complete_required_children,"{""required_node_type"": ""lesson"", ""min_completion_percent"": 80}",,,{},,,all,,"module,vocabulary",curated_roadmap_seed,https://www.mlcjapanese.co.jp/n5.html,
mod_10_verb_basics,N5,n5_mvp_v1,module,phase_04,n5/phase_04/mod_10_verb_basics,verb-basics,22,Verb Basics,Verb Basics,"ます, ません, ました, ない, た.",module_overview,grammar,mod_10_verb_basics,/learn/n5/phase_04/mod_10_verb_basics,grammar,0,20,2,1,1,true,true,false,,complete_required_children,"{""required_node_type"": ""lesson"", ""min_completion_percent"": 80}",,,{},,,all,,"module,grammar",curated_roadmap_seed,https://www.mlcjapanese.co.jp/n5.html,
mod_11_te_forms,N5,n5_mvp_v1,module,phase_04,n5/phase_04/mod_11_te_forms,te-form-patterns,23,Te-form Patterns,Te-form Patterns,"てください, ています, permission/prohibition, sequence.",module_overview,grammar,mod_11_te_forms,/learn/n5/phase_04/mod_11_te_forms,grammar,0,20,2,1,1,true,true,false,,complete_required_children,"{""required_node_type"": ""lesson"", ""min_completion_percent"": 80}",,,{},,,all,,"module,grammar",curated_roadmap_seed,https://www.mlcjapanese.co.jp/n5.html,
mod_12_adjectives,N5,n5_mvp_v1,module,phase_04,n5/phase_04/mod_12_adjectives,adjectives,24,Adjectives,Adjectives,"i-adj, na-adj, conjugation, adverbs, comparison.",module_overview,grammar,mod_12_adjectives,/learn/n5/phase_04/mod_12_adjectives,grammar,0,20,2,1,1,true,true,false,,complete_required_children,"{""required_node_type"": ""lesson"", ""min_completion_percent"": 80}",,,{},,,all,,"module,grammar",curated_roadmap_seed,https://www.mlcjapanese.co.jp/n5.html,
mod_13_kanji_intro,N5,n5_mvp_v1,module,phase_05,n5/phase_05/mod_13_kanji_intro,kanji-basics,25,Kanji Basics,Kanji Basics,"Radical, stroke count, on/kun, mnemonic.",module_overview,kanji,mod_13_kanji_intro,/learn/n5/phase_05/mod_13_kanji_intro,kanji,0,20,2,1,1,true,true,false,,complete_required_children,"{""required_node_type"": ""lesson"", ""min_completion_percent"": 80}",,,{},,,all,,"module,kanji",curated_roadmap_seed,https://www.mlcjapanese.co.jp/n5.html,
mod_14_kanji_batches,N5,n5_mvp_v1,module,phase_05,n5/phase_05/mod_14_kanji_batches,n5-kanji-batches,26,N5 Kanji Batches,N5 Kanji Batches,Kanji N5 dalam batch tematik.,module_overview,kanji,mod_14_kanji_batches,/learn/n5/phase_05/mod_14_kanji_batches,kanji,0,20,2,1,1,true,true,false,,complete_required_children,"{""required_node_type"": ""lesson"", ""min_completion_percent"": 80}",,,{},,,all,,"module,kanji",curated_roadmap_seed,https://www.mlcjapanese.co.jp/n5.html,
mod_15_numbers_time,N5,n5_mvp_v1,module,phase_06,n5/phase_06/mod_15_numbers_time,numbers-and-time,27,Numbers & Time,Numbers & Time,"Angka, jam, tanggal, bulan, hari.",module_overview,numbers_counters,mod_15_numbers_time,/learn/n5/phase_06/mod_15_numbers_time,numbers_counters,0,20,2,1,1,true,true,false,,complete_required_children,"{""required_node_type"": ""lesson"", ""min_completion_percent"": 80}",,,{},,,all,,"module,numbers_counters",curated_roadmap_seed,https://www.mlcjapanese.co.jp/n5.html,
mod_16_counters_money,N5,n5_mvp_v1,module,phase_06,n5/phase_06/mod_16_counters_money,counters-and-money,28,Counters & Money,Counters & Money,"Counter umum, uang, usia, frekuensi.",module_overview,numbers_counters,mod_16_counters_money,/learn/n5/phase_06/mod_16_counters_money,numbers_counters,0,20,2,1,1,true,true,false,,complete_required_children,"{""required_node_type"": ""lesson"", ""min_completion_percent"": 80}",,,{},,,all,,"module,numbers_counters",curated_roadmap_seed,https://www.mlcjapanese.co.jp/n5.html,
mod_17_scenarios,N5,n5_mvp_v1,module,phase_07,n5/phase_07/mod_17_scenarios,daily-scenarios,29,Daily Scenarios,Daily Scenarios,Latihan kalimat berdasarkan situasi harian.,module_overview,mixed,mod_17_scenarios,/learn/n5/phase_07/mod_17_scenarios,mixed,0,20,2,1,1,true,true,false,,complete_required_children,"{""required_node_type"": ""lesson"", ""min_completion_percent"": 80}",,,{},,,all,,"module,mixed",curated_roadmap_seed,https://www.mlcjapanese.co.jp/n5.html,
mod_18_reading,N5,n5_mvp_v1,module,phase_08,n5/phase_08/mod_18_reading,reading-practice,30,Reading Practice,Reading Practice,Bacaan pendek dan pertanyaan N5.,module_overview,reading,mod_18_reading,/learn/n5/phase_08/mod_18_reading,reading,0,20,2,1,1,true,true,false,,complete_required_children,"{""required_node_type"": ""lesson"", ""min_completion_percent"": 80}",,,{},,,all,,"module,reading",curated_roadmap_seed,https://www.mlcjapanese.co.jp/n5.html,
mod_19_listening,N5,n5_mvp_v1,module,phase_08,n5/phase_08/mod_19_listening,listening-practice,31,Listening Practice,Listening Practice,"Audio kata, kalimat, dan dialog pendek.",module_overview,listening,mod_19_listening,/learn/n5/phase_08/mod_19_listening,listening,0,20,2,1,1,true,true,false,,complete_required_children,"{""required_node_type"": ""lesson"", ""min_completion_percent"": 80}",,,{},,,all,,"module,listening",curated_roadmap_seed,https://www.mlcjapanese.co.jp/n5.html,
mod_20_review_mock,N5,n5_mvp_v1,module,phase_09,n5/phase_09/mod_20_review_mock,review-and-mock-test,32,Review & Mock Test,Review & Mock Test,"SRS, mixed review, dan mock test N5.",module_overview,mock_test,mod_20_review_mock,/learn/n5/phase_09/mod_20_review_mock,mock_test,0,20,2,1,1,true,true,false,,complete_required_children,"{""required_node_type"": ""lesson"", ""min_completion_percent"": 80}",,,{},,,all,,"module,mock_test",curated_roadmap_seed,https://www.jlpt.jp/sp/e/guideline/testsections.html,
les_0001,N5,n5_mvp_v1,lesson,mod_00_setup,n5/phase_00/mod_00_setup/les_0001,placement-mini-check,33,Placement Mini Check,Placement Mini Check,Tes ringan buat nentuin starting point.,placement_test,mixed,mod_00_setup,/learn/n5/phase_00/mod_00_setup/les_0001,mixed,10,20,2,1,1,true,true,false,,score_or_complete,"{""min_score_percent"": 70, ""required_items"": ""all_or_required_count""}",jlpt_n5_quiz_sections_seed.csv,jlpt_n5_example_sentences_seed.csv|jlpt_n5_quiz_templates_seed.csv,{},qsec_n5_001,,all,3|7,"lesson,mixed,placement_test",curated_roadmap_seed,https://www.mlcjapanese.co.jp/n5.html,
les_0002,N5,n5_mvp_v1,lesson,mod_00_setup,n5/phase_00/mod_00_setup/les_0002,japanese-input-basics,34,Japanese Input Basics,Japanese Input Basics,"Cara input kana, romaji, dan normalisasi jawaban.",guide,kana,mod_00_setup,/learn/n5/phase_00/mod_00_setup/les_0002,kana,8,10,1,1,2,true,true,false,,mark_complete,"{""type"": ""mark_complete""}",japanese_symbols_punctuation_seed.csv,jlpt_n5_example_sentences_seed.csv|jlpt_n5_quiz_templates_seed.csv,"{""is_common"": ""true""}",,deck_kana_n5,all,1|3|7|14,"lesson,kana,guide",curated_roadmap_seed,https://www.mlcjapanese.co.jp/n5.html,
les_0003,N5,n5_mvp_v1,lesson,mod_00_setup,n5/phase_00/mod_00_setup/les_0003,how-srs-works,35,How SRS Works,How SRS Works,Kenalan dengan flashcard interval ala Anki.,guide,srs,mod_00_setup,/learn/n5/phase_00/mod_00_setup/les_0003,srs,8,10,1,1,3,true,true,false,,mark_complete,"{""type"": ""mark_complete""}",jlpt_n5_quiz_templates_seed.csv,jlpt_n5_example_sentences_seed.csv|jlpt_n5_quiz_templates_seed.csv,"{""template_key"": ""srs_flashcard_front_back""}",,,all,3|7,"lesson,srs,guide",curated_roadmap_seed,https://www.mlcjapanese.co.jp/n5.html,
les_0004,N5,n5_mvp_v1,lesson,mod_00_setup,n5/phase_00/mod_00_setup/les_0004,first-daily-challenge,36,First Daily Challenge,First Daily Challenge,Daily challenge pertama: kana + vocab + quiz kecil.,daily_challenge,mixed,mod_00_setup,/learn/n5/phase_00/mod_00_setup/les_0004,mixed,10,15,1,1,4,true,true,false,,score_or_complete,"{""min_score_percent"": 70, ""required_items"": ""all_or_required_count""}",jlpt_n5_quiz_sections_seed.csv,jlpt_n5_example_sentences_seed.csv|jlpt_n5_quiz_templates_seed.csv,"{""section_key"": ""daily_quick_mix""}",qsec_n5_001,,all,3|7,"lesson,mixed,daily_challenge",curated_roadmap_seed,https://www.mlcjapanese.co.jp/n5.html,
les_0101,N5,n5_mvp_v1,lesson,mod_01_hiragana,n5/phase_01/mod_01_hiragana/les_0101,hiragana-a-row,37,Hiragana A-row,Hiragana A-row,あいうえお,kana_lesson,kana,mod_01_hiragana,/learn/n5/phase_01/mod_01_hiragana/les_0101,kana,8,10,1,1,5,true,true,false,,score_or_complete,"{""min_score_percent"": 70, ""required_items"": ""all_or_required_count""}",kana_characters_hiragana_katakana.csv,jlpt_n5_example_sentences_seed.csv|jlpt_n5_quiz_templates_seed.csv,"{""script"": ""hiragana"", ""row_group"": ""vowel""}",qsec_n5_002,deck_kana_n5,all,1|3|7|14,"lesson,kana,kana_lesson",curated_roadmap_seed,https://www.mlcjapanese.co.jp/n5.html,
les_0102,N5,n5_mvp_v1,lesson,mod_01_hiragana,n5/phase_01/mod_01_hiragana/les_0102,hiragana-k-s-t-rows,38,Hiragana K/S/T rows,Hiragana K/S/T rows,か〜と basic rows.,kana_lesson,kana,mod_01_hiragana,/learn/n5/phase_01/mod_01_hiragana/les_0102,kana,12,15,1,1,6,true,true,false,,score_or_complete,"{""min_score_percent"": 70, ""required_items"": ""all_or_required_count""}",kana_characters_hiragana_katakana.csv,jlpt_n5_example_sentences_seed.csv|jlpt_n5_quiz_templates_seed.csv,"{""script"": ""hiragana"", ""row_group"": [""k"", ""s"", ""t""]}",qsec_n5_002,deck_kana_n5,all,1|3|7|14,"lesson,kana,kana_lesson",curated_roadmap_seed,https://www.mlcjapanese.co.jp/n5.html,
les_0103,N5,n5_mvp_v1,lesson,mod_01_hiragana,n5/phase_01/mod_01_hiragana/les_0103,hiragana-n-h-m-rows,39,Hiragana N/H/M rows,Hiragana N/H/M rows,な〜も basic rows.,kana_lesson,kana,mod_01_hiragana,/learn/n5/phase_01/mod_01_hiragana/les_0103,kana,12,15,1,1,7,true,true,false,,score_or_complete,"{""min_score_percent"": 70, ""required_items"": ""all_or_required_count""}",kana_characters_hiragana_katakana.csv,jlpt_n5_example_sentences_seed.csv|jlpt_n5_quiz_templates_seed.csv,"{""script"": ""hiragana"", ""row_group"": [""n"", ""h"", ""m""]}",qsec_n5_002,deck_kana_n5,all,1|3|7|14,"lesson,kana,kana_lesson",curated_roadmap_seed,https://www.mlcjapanese.co.jp/n5.html,
les_0104,N5,n5_mvp_v1,lesson,mod_01_hiragana,n5/phase_01/mod_01_hiragana/les_0104,hiragana-y-r-w-plus-ん,40,Hiragana Y/R/W + ん,Hiragana Y/R/W + ん,や〜ん final basics.,kana_lesson,kana,mod_01_hiragana,/learn/n5/phase_01/mod_01_hiragana/les_0104,kana,12,15,1,1,8,true,true,false,,score_or_complete,"{""min_score_percent"": 70, ""required_items"": ""all_or_required_count""}",kana_characters_hiragana_katakana.csv,jlpt_n5_example_sentences_seed.csv|jlpt_n5_quiz_templates_seed.csv,"{""script"": ""hiragana"", ""row_group"": [""y"", ""r"", ""w"", ""n""]}",qsec_n5_002,deck_kana_n5,all,1|3|7|14,"lesson,kana,kana_lesson",curated_roadmap_seed,https://www.mlcjapanese.co.jp/n5.html,
les_0105,N5,n5_mvp_v1,lesson,mod_01_hiragana,n5/phase_01/mod_01_hiragana/les_0105,hiragana-review-gate,41,Hiragana Review Gate,Hiragana Review Gate,Review semua hiragana dasar.,quiz_gate,kana,mod_01_hiragana,/learn/n5/phase_01/mod_01_hiragana/les_0105,kana,15,30,3,1,9,true,true,true,quiz_gate,score_or_complete,"{""min_score_percent"": 80, ""required_items"": ""all_or_required_count""}",kana_characters_hiragana_katakana.csv,jlpt_n5_example_sentences_seed.csv|jlpt_n5_quiz_templates_seed.csv,"{""script"": ""hiragana"", ""category"": ""basic""}",qsec_n5_002,deck_kana_n5,all,1|3|7|14,"lesson,kana,quiz_gate",curated_roadmap_seed,https://www.mlcjapanese.co.jp/n5.html,
les_0201,N5,n5_mvp_v1,lesson,mod_02_katakana,n5/phase_01/mod_02_katakana/les_0201,katakana-a-row,42,Katakana A-row,Katakana A-row,アイウエオ,kana_lesson,kana,mod_02_katakana,/learn/n5/phase_01/mod_02_katakana/les_0201,kana,8,10,1,1,10,true,true,false,,score_or_complete,"{""min_score_percent"": 70, ""required_items"": ""all_or_required_count""}",kana_characters_hiragana_katakana.csv,jlpt_n5_example_sentences_seed.csv|jlpt_n5_quiz_templates_seed.csv,"{""script"": ""katakana"", ""row_group"": ""vowel""}",qsec_n5_002,deck_kana_n5,all,1|3|7|14,"lesson,kana,kana_lesson",curated_roadmap_seed,https://www.mlcjapanese.co.jp/n5.html,
les_0202,N5,n5_mvp_v1,lesson,mod_02_katakana,n5/phase_01/mod_02_katakana/les_0202,katakana-k-s-t-rows,43,Katakana K/S/T rows,Katakana K/S/T rows,カ〜ト basic rows.,kana_lesson,kana,mod_02_katakana,/learn/n5/phase_01/mod_02_katakana/les_0202,kana,12,15,1,1,11,true,true,false,,score_or_complete,"{""min_score_percent"": 70, ""required_items"": ""all_or_required_count""}",kana_characters_hiragana_katakana.csv,jlpt_n5_example_sentences_seed.csv|jlpt_n5_quiz_templates_seed.csv,"{""script"": ""katakana"", ""row_group"": [""k"", ""s"", ""t""]}",qsec_n5_002,deck_kana_n5,all,1|3|7|14,"lesson,kana,kana_lesson",curated_roadmap_seed,https://www.mlcjapanese.co.jp/n5.html,
les_0203,N5,n5_mvp_v1,lesson,mod_02_katakana,n5/phase_01/mod_02_katakana/les_0203,katakana-n-h-m-rows,44,Katakana N/H/M rows,Katakana N/H/M rows,ナ〜モ basic rows.,kana_lesson,kana,mod_02_katakana,/learn/n5/phase_01/mod_02_katakana/les_0203,kana,12,15,1,1,12,true,true,false,,score_or_complete,"{""min_score_percent"": 70, ""required_items"": ""all_or_required_count""}",kana_characters_hiragana_katakana.csv,jlpt_n5_example_sentences_seed.csv|jlpt_n5_quiz_templates_seed.csv,"{""script"": ""katakana"", ""row_group"": [""n"", ""h"", ""m""]}",qsec_n5_002,deck_kana_n5,all,1|3|7|14,"lesson,kana,kana_lesson",curated_roadmap_seed,https://www.mlcjapanese.co.jp/n5.html,
les_0204,N5,n5_mvp_v1,lesson,mod_02_katakana,n5/phase_01/mod_02_katakana/les_0204,katakana-y-r-w-plus-ン,45,Katakana Y/R/W + ン,Katakana Y/R/W + ン,ヤ〜ン final basics.,kana_lesson,kana,mod_02_katakana,/learn/n5/phase_01/mod_02_katakana/les_0204,kana,12,15,1,1,13,true,true,false,,score_or_complete,"{""min_score_percent"": 70, ""required_items"": ""all_or_required_count""}",kana_characters_hiragana_katakana.csv,jlpt_n5_example_sentences_seed.csv|jlpt_n5_quiz_templates_seed.csv,"{""script"": ""katakana"", ""row_group"": [""y"", ""r"", ""w"", ""n""]}",qsec_n5_002,deck_kana_n5,all,1|3|7|14,"lesson,kana,kana_lesson",curated_roadmap_seed,https://www.mlcjapanese.co.jp/n5.html,
les_0205,N5,n5_mvp_v1,lesson,mod_02_katakana,n5/phase_01/mod_02_katakana/les_0205,katakana-review-gate,46,Katakana Review Gate,Katakana Review Gate,Review semua katakana dasar.,quiz_gate,kana,mod_02_katakana,/learn/n5/phase_01/mod_02_katakana/les_0205,kana,15,30,3,1,14,true,true,true,quiz_gate,score_or_complete,"{""min_score_percent"": 80, ""required_items"": ""all_or_required_count""}",kana_characters_hiragana_katakana.csv,jlpt_n5_example_sentences_seed.csv|jlpt_n5_quiz_templates_seed.csv,"{""script"": ""katakana"", ""category"": ""basic""}",qsec_n5_002,deck_kana_n5,all,1|3|7|14,"lesson,kana,quiz_gate",curated_roadmap_seed,https://www.mlcjapanese.co.jp/n5.html,
les_0301,N5,n5_mvp_v1,lesson,mod_03_kana_marks,n5/phase_01/mod_03_kana_marks/les_0301,dakuten-and-handakuten,47,Dakuten & Handakuten,Dakuten & Handakuten,が/ざ/だ/ば/ぱ dan pasangan katakana.,kana_lesson,kana,mod_03_kana_marks,/learn/n5/phase_01/mod_03_kana_marks/les_0301,kana,15,20,2,1,15,true,true,false,,score_or_complete,"{""min_score_percent"": 70, ""required_items"": ""all_or_required_count""}",kana_characters_hiragana_katakana.csv,jlpt_n5_example_sentences_seed.csv|jlpt_n5_quiz_templates_seed.csv,"{""category"": [""dakuten"", ""handakuten""]}",qsec_n5_002,deck_kana_n5,all,1|3|7|14,"lesson,kana,kana_lesson",curated_roadmap_seed,https://www.mlcjapanese.co.jp/n5.html,
les_0302,N5,n5_mvp_v1,lesson,mod_03_kana_marks,n5/phase_01/mod_03_kana_marks/les_0302,youon-combinations,48,Yōon Combinations,Yōon Combinations,きゃ/しゃ/ちゃ dan combo kecil ゃゅょ.,kana_lesson,kana,mod_03_kana_marks,/learn/n5/phase_01/mod_03_kana_marks/les_0302,kana,15,20,2,1,16,true,true,false,,score_or_complete,"{""min_score_percent"": 70, ""required_items"": ""all_or_required_count""}",kana_characters_hiragana_katakana.csv,jlpt_n5_example_sentences_seed.csv|jlpt_n5_quiz_templates_seed.csv,"{""category"": ""yoon""}",qsec_n5_002,deck_kana_n5,all,1|3|7|14,"lesson,kana,kana_lesson",curated_roadmap_seed,https://www.mlcjapanese.co.jp/n5.html,
les_0303,N5,n5_mvp_v1,lesson,mod_03_kana_marks,n5/phase_01/mod_03_kana_marks/les_0303,sokuon-and-long-vowels,49,Sokuon & Long Vowels,Sokuon & Long Vowels,っ/ッ dan ー untuk bunyi panjang.,kana_lesson,kana,mod_03_kana_marks,/learn/n5/phase_01/mod_03_kana_marks/les_0303,kana,12,15,1,1,17,true,true,false,,score_or_complete,"{""min_score_percent"": 70, ""required_items"": ""all_or_required_count""}",kana_characters_hiragana_katakana.csv,jlpt_n5_example_sentences_seed.csv|jlpt_n5_quiz_templates_seed.csv,"{""category"": [""small_kana"", ""long_vowel""]}",qsec_n5_002,deck_kana_n5,all,1|3|7|14,"lesson,kana,kana_lesson",curated_roadmap_seed,https://www.mlcjapanese.co.jp/n5.html,
les_0304,N5,n5_mvp_v1,lesson,mod_03_kana_marks,n5/phase_01/mod_03_kana_marks/les_0304,japanese-punctuation,50,Japanese Punctuation,Japanese Punctuation,、。・「」！？ dan normalisasi input.,symbols_lesson,writing,mod_03_kana_marks,/learn/n5/phase_01/mod_03_kana_marks/les_0304,writing,10,10,1,1,18,true,true,false,,mark_complete,"{""type"": ""mark_complete""}",japanese_symbols_punctuation_seed.csv,jlpt_n5_example_sentences_seed.csv|jlpt_n5_quiz_templates_seed.csv,"{""is_common"": ""true""}",,,all,3|7,"lesson,writing,symbols_lesson",curated_roadmap_seed,https://www.mlcjapanese.co.jp/n5.html,
les_0305,N5,n5_mvp_v1,lesson,mod_03_kana_marks,n5/phase_01/mod_03_kana_marks/les_0305,kana-mastery-gate,51,Kana Mastery Gate,Kana Mastery Gate,Gate sebelum masuk kalimat: 80% kana quiz.,quiz_gate,kana,mod_03_kana_marks,/learn/n5/phase_01/mod_03_kana_marks/les_0305,kana,20,40,4,2,19,true,true,true,quiz_gate,score_or_complete,"{""min_score_percent"": 80, ""required_items"": ""all_or_required_count""}",kana_characters_hiragana_katakana.csv,jlpt_n5_example_sentences_seed.csv|jlpt_n5_quiz_templates_seed.csv,"{""is_common"": ""true"", ""n5_relevant"": ""true""}",qsec_n5_002,deck_kana_n5,all,1|3|7|14,"lesson,kana,quiz_gate",curated_roadmap_seed,https://www.mlcjapanese.co.jp/n5.html,
les_0401,N5,n5_mvp_v1,lesson,mod_04_basic_sentence,n5/phase_02/mod_04_basic_sentence/les_0401,pronouns-and-people,52,Pronouns & People,Pronouns & People,"私, あなた, 先生, 学生, orang dasar.",vocab_grammar,mixed,mod_04_basic_sentence,/learn/n5/phase_02/mod_04_basic_sentence/les_0401,mixed,12,15,1,2,20,true,true,false,,score_or_complete,"{""min_score_percent"": 70, ""required_items"": ""all_or_required_count""}",jlpt_n5_vocabulary_seed_with_examples.csv,jlpt_n5_example_sentences_seed.csv|jlpt_n5_quiz_templates_seed.csv,"{""semantic_category"": [""people"", ""pronoun""]}",qsec_n5_003,,all,3|7,"lesson,mixed,vocab_grammar",curated_roadmap_seed,https://www.mlcjapanese.co.jp/n5.html,
les_0402,N5,n5_mvp_v1,lesson,mod_04_basic_sentence,n5/phase_02/mod_04_basic_sentence/les_0402,はです,53,～は～です,～は～です,Kalimat identitas sopan.,grammar_lesson,grammar,mod_04_basic_sentence,/learn/n5/phase_02/mod_04_basic_sentence/les_0402,grammar,12,20,2,2,21,true,true,false,,score_or_complete,"{""min_score_percent"": 70, ""required_items"": ""all_or_required_count""}",jlpt_n5_grammar_seed.csv,jlpt_n5_example_sentences_seed.csv|jlpt_n5_quiz_templates_seed.csv,"{""grammar_point"": ""～です""}",qsec_n5_004,deck_grammar_n5,all,1|3|7|14,"lesson,grammar,grammar_lesson",curated_roadmap_seed,https://www.mlcjapanese.co.jp/n5.html,
les_0403,N5,n5_mvp_v1,lesson,mod_04_basic_sentence,n5/phase_02/mod_04_basic_sentence/les_0403,this-that-which,54,This/That/Which,This/That/Which,これ/それ/あれ/どれ dan この/その/あの.,grammar_lesson,grammar,mod_04_basic_sentence,/learn/n5/phase_02/mod_04_basic_sentence/les_0403,grammar,12,20,2,2,22,true,true,false,,score_or_complete,"{""min_score_percent"": 70, ""required_items"": ""all_or_required_count""}",jlpt_n5_grammar_seed.csv,jlpt_n5_example_sentences_seed.csv|jlpt_n5_quiz_templates_seed.csv,"{""tags_contains"": ""demonstrative""}",qsec_n5_004,deck_grammar_n5,all,1|3|7|14,"lesson,grammar,grammar_lesson",curated_roadmap_seed,https://www.mlcjapanese.co.jp/n5.html,
les_0404,N5,n5_mvp_v1,lesson,mod_04_basic_sentence,n5/phase_02/mod_04_basic_sentence/les_0404,question-words-plus-か,55,Question Words + か,Question Words + か,"誰, 何, どこ, いつ dan penanda pertanyaan.",grammar_lesson,grammar,mod_04_basic_sentence,/learn/n5/phase_02/mod_04_basic_sentence/les_0404,grammar,15,20,2,2,23,true,true,false,,score_or_complete,"{""min_score_percent"": 70, ""required_items"": ""all_or_required_count""}",jlpt_n5_grammar_seed.csv,jlpt_n5_example_sentences_seed.csv|jlpt_n5_quiz_templates_seed.csv,"{""tags_contains"": ""question""}",qsec_n5_004,deck_grammar_n5,all,1|3|7|14,"lesson,grammar,grammar_lesson",curated_roadmap_seed,https://www.mlcjapanese.co.jp/n5.html,
les_0501,N5,n5_mvp_v1,lesson,mod_05_core_particles,n5/phase_02/mod_05_core_particles/les_0501,particle-は-vs-が,56,Particle は vs が,Particle は vs が,Topik vs subjek/fokus.,particle_lesson,particles,mod_05_core_particles,/learn/n5/phase_02/mod_05_core_particles/les_0501,particles,15,25,2,2,24,true,true,false,,score_or_complete,"{""min_score_percent"": 70, ""required_items"": ""all_or_required_count""}",jlpt_n5_particles_seed.csv,jlpt_n5_example_sentences_seed.csv|jlpt_n5_quiz_templates_seed.csv,"{""particle"": [""は"", ""が""]}",qsec_n5_004,,all,3|7,"lesson,particles,particle_lesson",curated_roadmap_seed,https://www.mlcjapanese.co.jp/n5.html,
les_0502,N5,n5_mvp_v1,lesson,mod_05_core_particles,n5/phase_02/mod_05_core_particles/les_0502,particle-を,57,Particle を,Particle を,Objek langsung untuk verb aksi.,particle_lesson,particles,mod_05_core_particles,/learn/n5/phase_02/mod_05_core_particles/les_0502,particles,12,20,2,2,25,true,true,false,,score_or_complete,"{""min_score_percent"": 70, ""required_items"": ""all_or_required_count""}",jlpt_n5_particles_seed.csv,jlpt_n5_example_sentences_seed.csv|jlpt_n5_quiz_templates_seed.csv,"{""particle"": ""を""}",qsec_n5_004,,all,3|7,"lesson,particles,particle_lesson",curated_roadmap_seed,https://www.mlcjapanese.co.jp/n5.html,
les_0503,N5,n5_mvp_v1,lesson,mod_05_core_particles,n5/phase_02/mod_05_core_particles/les_0503,particle-の,58,Particle の,Particle の,"Milik, relasi noun, dan nominalizer awal.",particle_lesson,particles,mod_05_core_particles,/learn/n5/phase_02/mod_05_core_particles/les_0503,particles,12,20,2,2,26,true,true,false,,score_or_complete,"{""min_score_percent"": 70, ""required_items"": ""all_or_required_count""}",jlpt_n5_particles_seed.csv,jlpt_n5_example_sentences_seed.csv|jlpt_n5_quiz_templates_seed.csv,"{""particle"": ""の""}",qsec_n5_004,,all,3|7,"lesson,particles,particle_lesson",curated_roadmap_seed,https://www.mlcjapanese.co.jp/n5.html,
les_0504,N5,n5_mvp_v1,lesson,mod_05_core_particles,n5/phase_02/mod_05_core_particles/les_0504,particle-に--へ,59,Particle に / へ,Particle に / へ,"Tujuan, waktu spesifik, target.",particle_lesson,particles,mod_05_core_particles,/learn/n5/phase_02/mod_05_core_particles/les_0504,particles,15,25,2,2,27,true,true,false,,score_or_complete,"{""min_score_percent"": 70, ""required_items"": ""all_or_required_count""}",jlpt_n5_particles_seed.csv,jlpt_n5_example_sentences_seed.csv|jlpt_n5_quiz_templates_seed.csv,"{""particle"": [""に"", ""へ""]}",qsec_n5_004,,all,3|7,"lesson,particles,particle_lesson",curated_roadmap_seed,https://www.mlcjapanese.co.jp/n5.html,
les_0505,N5,n5_mvp_v1,lesson,mod_05_core_particles,n5/phase_02/mod_05_core_particles/les_0505,particle-で--と--も,60,Particle で / と / も,Particle で / と / も,"Lokasi aksi, alat, bersama, juga.",particle_lesson,particles,mod_05_core_particles,/learn/n5/phase_02/mod_05_core_particles/les_0505,particles,15,25,2,2,28,true,true,false,,score_or_complete,"{""min_score_percent"": 70, ""required_items"": ""all_or_required_count""}",jlpt_n5_particles_seed.csv,jlpt_n5_example_sentences_seed.csv|jlpt_n5_quiz_templates_seed.csv,"{""particle"": [""で"", ""と"", ""も""]}",qsec_n5_004,,all,3|7,"lesson,particles,particle_lesson",curated_roadmap_seed,https://www.mlcjapanese.co.jp/n5.html,
les_0506,N5,n5_mvp_v1,lesson,mod_05_core_particles,n5/phase_02/mod_05_core_particles/les_0506,particle-checkpoint,61,Particle Checkpoint,Particle Checkpoint,Quiz partikel inti.,quiz_gate,particles,mod_05_core_particles,/learn/n5/phase_02/mod_05_core_particles/les_0506,particles,18,35,3,2,29,true,true,true,quiz_gate,score_or_complete,"{""min_score_percent"": 80, ""required_items"": ""all_or_required_count""}",jlpt_n5_particles_seed.csv,jlpt_n5_example_sentences_seed.csv|jlpt_n5_quiz_templates_seed.csv,"{""is_core_n5"": ""true""}",qsec_n5_004,,all,3|7,"lesson,particles,quiz_gate",curated_roadmap_seed,https://www.mlcjapanese.co.jp/n5.html,
les_0601,N5,n5_mvp_v1,lesson,mod_06_existence_place,n5/phase_02/mod_06_existence_place/les_0601,あります--います,62,あります / います,あります / います,Ada/berada untuk benda vs makhluk hidup.,grammar_lesson,grammar,mod_06_existence_place,/learn/n5/phase_02/mod_06_existence_place/les_0601,grammar,15,25,2,2,30,true,true,false,,score_or_complete,"{""min_score_percent"": 70, ""required_items"": ""all_or_required_count""}",jlpt_n5_grammar_seed.csv,jlpt_n5_example_sentences_seed.csv|jlpt_n5_quiz_templates_seed.csv,"{""grammar_point"": [""あります"", ""います""]}",qsec_n5_004,deck_grammar_n5,all,1|3|7|14,"lesson,grammar,grammar_lesson",curated_roadmap_seed,https://www.mlcjapanese.co.jp/n5.html,
les_0602,N5,n5_mvp_v1,lesson,mod_06_existence_place,n5/phase_02/mod_06_existence_place/les_0602,location-words,63,Location Words,Location Words,"上, 下, 前, 後ろ, 中, 外, 近く.",vocab_grammar,mixed,mod_06_existence_place,/learn/n5/phase_02/mod_06_existence_place/les_0602,mixed,12,20,2,2,31,true,true,false,,score_or_complete,"{""min_score_percent"": 70, ""required_items"": ""all_or_required_count""}",jlpt_n5_vocabulary_seed_with_examples.csv,jlpt_n5_example_sentences_seed.csv|jlpt_n5_quiz_templates_seed.csv,"{""semantic_category"": ""location""}",qsec_n5_003,,all,3|7,"lesson,mixed,vocab_grammar",curated_roadmap_seed,https://www.mlcjapanese.co.jp/n5.html,
les_0603,N5,n5_mvp_v1,lesson,mod_06_existence_place,n5/phase_02/mod_06_existence_place/les_0603,place-sentences,64,Place Sentences,Place Sentences,机の上に本があります pattern.,practice_lesson,mixed,mod_06_existence_place,/learn/n5/phase_02/mod_06_existence_place/les_0603,mixed,15,25,2,2,32,true,true,false,,score_or_complete,"{""min_score_percent"": 70, ""required_items"": ""all_or_required_count""}",jlpt_n5_example_sentences_seed.csv,jlpt_n5_example_sentences_seed.csv|jlpt_n5_quiz_templates_seed.csv,"{""sentence_type"": [""existence"", ""place""]}",qsec_n5_004,,all,3|7,"lesson,mixed,practice_lesson",curated_roadmap_seed,https://www.mlcjapanese.co.jp/n5.html,
les_0604,N5,n5_mvp_v1,lesson,mod_06_existence_place,n5/phase_02/mod_06_existence_place/les_0604,foundation-gate,65,Foundation Gate,Foundation Gate,Review basic sentence + particles + existence.,quiz_gate,mixed,mod_06_existence_place,/learn/n5/phase_02/mod_06_existence_place/les_0604,mixed,20,40,4,2,33,true,true,true,quiz_gate,score_or_complete,"{""min_score_percent"": 80, ""required_items"": ""all_or_required_count""}",jlpt_n5_quiz_templates_seed.csv,jlpt_n5_example_sentences_seed.csv|jlpt_n5_quiz_templates_seed.csv,"{""lesson_scope"": [""particles"", ""grammar"", ""sentence""]}",qsec_n5_004,,all,3|7,"lesson,mixed,quiz_gate",curated_roadmap_seed,https://www.mlcjapanese.co.jp/n5.html,
les_0701,N5,n5_mvp_v1,lesson,mod_07_vocab_people,n5/phase_03/mod_07_vocab_people/les_0701,family-words,66,Family Words,Family Words,"母, 父, 兄, 姉, 妹, 兄弟.",vocab_lesson,vocabulary,mod_07_vocab_people,/learn/n5/phase_03/mod_07_vocab_people/les_0701,vocabulary,12,20,2,2,34,true,true,false,,score_or_complete,"{""min_score_percent"": 70, ""required_items"": ""all_or_required_count""}",jlpt_n5_vocabulary_seed_with_examples.csv,jlpt_n5_example_sentences_seed.csv|jlpt_n5_quiz_templates_seed.csv,"{""semantic_category"": ""family""}",qsec_n5_003,deck_vocabulary_n5,all,1|3|7|14,"lesson,vocabulary,vocab_lesson",curated_roadmap_seed,https://www.mlcjapanese.co.jp/n5.html,
les_0702,N5,n5_mvp_v1,lesson,mod_07_vocab_people,n5/phase_03/mod_07_vocab_people/les_0702,people-and-jobs,67,People & Jobs,People & Jobs,"先生, 学生, 医者, 会社員, 友達.",vocab_lesson,vocabulary,mod_07_vocab_people,/learn/n5/phase_03/mod_07_vocab_people/les_0702,vocabulary,12,20,2,2,35,true,true,false,,score_or_complete,"{""min_score_percent"": 70, ""required_items"": ""all_or_required_count""}",jlpt_n5_vocabulary_seed_with_examples.csv,jlpt_n5_example_sentences_seed.csv|jlpt_n5_quiz_templates_seed.csv,"{""semantic_category"": [""people"", ""jobs""]}",qsec_n5_003,deck_vocabulary_n5,all,1|3|7|14,"lesson,vocabulary,vocab_lesson",curated_roadmap_seed,https://www.mlcjapanese.co.jp/n5.html,
les_0703,N5,n5_mvp_v1,lesson,mod_07_vocab_people,n5/phase_03/mod_07_vocab_people/les_0703,body-and-health-basics,68,Body & Health Basics,Body & Health Basics,"体, 手, 目, 耳, 薬, 病気.",vocab_lesson,vocabulary,mod_07_vocab_people,/learn/n5/phase_03/mod_07_vocab_people/les_0703,vocabulary,12,20,2,2,36,true,true,false,,score_or_complete,"{""min_score_percent"": 70, ""required_items"": ""all_or_required_count""}",jlpt_n5_vocabulary_seed_with_examples.csv,jlpt_n5_example_sentences_seed.csv|jlpt_n5_quiz_templates_seed.csv,"{""semantic_category"": [""body"", ""health""]}",qsec_n5_003,deck_vocabulary_n5,all,1|3|7|14,"lesson,vocabulary,vocab_lesson",curated_roadmap_seed,https://www.mlcjapanese.co.jp/n5.html,
les_0704,N5,n5_mvp_v1,lesson,mod_07_vocab_people,n5/phase_03/mod_07_vocab_people/les_0704,people-vocab-review,69,People Vocab Review,People Vocab Review,Review people/family flashcards.,review_gate,vocabulary,mod_07_vocab_people,/learn/n5/phase_03/mod_07_vocab_people/les_0704,vocabulary,15,25,2,3,37,true,true,true,quiz_gate,score_or_complete,"{""min_score_percent"": 80, ""required_items"": ""all_or_required_count""}",jlpt_n5_vocabulary_seed_with_examples.csv,jlpt_n5_example_sentences_seed.csv|jlpt_n5_quiz_templates_seed.csv,"{""semantic_category"": [""family"", ""people"", ""jobs"", ""body"", ""health""]}",qsec_n5_003,deck_vocabulary_n5,all,1|3|7|14,"lesson,vocabulary,review_gate",curated_roadmap_seed,https://www.mlcjapanese.co.jp/n5.html,
les_0801,N5,n5_mvp_v1,lesson,mod_08_vocab_daily,n5/phase_03/mod_08_vocab_daily/les_0801,food-and-drink,70,Food & Drink,Food & Drink,"水, お茶, ご飯, パン, 肉, 魚.",vocab_lesson,vocabulary,mod_08_vocab_daily,/learn/n5/phase_03/mod_08_vocab_daily/les_0801,vocabulary,12,20,2,3,38,true,true,false,,score_or_complete,"{""min_score_percent"": 70, ""required_items"": ""all_or_required_count""}",jlpt_n5_vocabulary_seed_with_examples.csv,jlpt_n5_example_sentences_seed.csv|jlpt_n5_quiz_templates_seed.csv,"{""semantic_category"": [""food"", ""drink""]}",qsec_n5_003,deck_vocabulary_n5,all,1|3|7|14,"lesson,vocabulary,vocab_lesson",curated_roadmap_seed,https://www.mlcjapanese.co.jp/n5.html,
les_0802,N5,n5_mvp_v1,lesson,mod_08_vocab_daily,n5/phase_03/mod_08_vocab_daily/les_0802,home-and-objects,71,Home & Objects,Home & Objects,"家, 部屋, 机, 椅子, 本, ペン.",vocab_lesson,vocabulary,mod_08_vocab_daily,/learn/n5/phase_03/mod_08_vocab_daily/les_0802,vocabulary,12,20,2,3,39,true,true,false,,score_or_complete,"{""min_score_percent"": 70, ""required_items"": ""all_or_required_count""}",jlpt_n5_vocabulary_seed_with_examples.csv,jlpt_n5_example_sentences_seed.csv|jlpt_n5_quiz_templates_seed.csv,"{""semantic_category"": [""home"", ""objects""]}",qsec_n5_003,deck_vocabulary_n5,all,1|3|7|14,"lesson,vocabulary,vocab_lesson",curated_roadmap_seed,https://www.mlcjapanese.co.jp/n5.html,
les_0803,N5,n5_mvp_v1,lesson,mod_08_vocab_daily,n5/phase_03/mod_08_vocab_daily/les_0803,shopping-words,72,Shopping Words,Shopping Words,"店, お金, 円, 買う, ください, いくら.",vocab_lesson,vocabulary,mod_08_vocab_daily,/learn/n5/phase_03/mod_08_vocab_daily/les_0803,vocabulary,12,20,2,3,40,true,true,false,,score_or_complete,"{""min_score_percent"": 70, ""required_items"": ""all_or_required_count""}",jlpt_n5_vocabulary_seed_with_examples.csv,jlpt_n5_example_sentences_seed.csv|jlpt_n5_quiz_templates_seed.csv,"{""semantic_category"": [""shopping"", ""money""]}",qsec_n5_003,deck_vocabulary_n5,all,1|3|7|14,"lesson,vocabulary,vocab_lesson",curated_roadmap_seed,https://www.mlcjapanese.co.jp/n5.html,
les_0804,N5,n5_mvp_v1,lesson,mod_08_vocab_daily,n5/phase_03/mod_08_vocab_daily/les_0804,food-and-object-review,73,Food & Object Review,Food & Object Review,Review benda dan makanan.,review_gate,vocabulary,mod_08_vocab_daily,/learn/n5/phase_03/mod_08_vocab_daily/les_0804,vocabulary,15,25,2,3,41,true,true,true,quiz_gate,score_or_complete,"{""min_score_percent"": 80, ""required_items"": ""all_or_required_count""}",jlpt_n5_vocabulary_seed_with_examples.csv,jlpt_n5_example_sentences_seed.csv|jlpt_n5_quiz_templates_seed.csv,"{""semantic_category"": [""food"", ""drink"", ""home"", ""objects"", ""shopping""]}",qsec_n5_003,deck_vocabulary_n5,all,1|3|7|14,"lesson,vocabulary,review_gate",curated_roadmap_seed,https://www.mlcjapanese.co.jp/n5.html,
les_0901,N5,n5_mvp_v1,lesson,mod_09_vocab_places_time,n5/phase_03/mod_09_vocab_places_time/les_0901,places-and-buildings,74,Places & Buildings,Places & Buildings,"学校, 駅, 図書館, 銀行, 郵便局.",vocab_lesson,vocabulary,mod_09_vocab_places_time,/learn/n5/phase_03/mod_09_vocab_places_time/les_0901,vocabulary,12,20,2,3,42,true,true,false,,score_or_complete,"{""min_score_percent"": 70, ""required_items"": ""all_or_required_count""}",jlpt_n5_vocabulary_seed_with_examples.csv,jlpt_n5_example_sentences_seed.csv|jlpt_n5_quiz_templates_seed.csv,"{""semantic_category"": [""places"", ""buildings""]}",qsec_n5_003,deck_vocabulary_n5,all,1|3|7|14,"lesson,vocabulary,vocab_lesson",curated_roadmap_seed,https://www.mlcjapanese.co.jp/n5.html,
les_0902,N5,n5_mvp_v1,lesson,mod_09_vocab_places_time,n5/phase_03/mod_09_vocab_places_time/les_0902,transport-and-directions,75,Transport & Directions,Transport & Directions,"電車, 車, バス, 右, 左, 道.",vocab_lesson,vocabulary,mod_09_vocab_places_time,/learn/n5/phase_03/mod_09_vocab_places_time/les_0902,vocabulary,12,20,2,3,43,true,true,false,,score_or_complete,"{""min_score_percent"": 70, ""required_items"": ""all_or_required_count""}",jlpt_n5_vocabulary_seed_with_examples.csv,jlpt_n5_example_sentences_seed.csv|jlpt_n5_quiz_templates_seed.csv,"{""semantic_category"": [""transport"", ""direction""]}",qsec_n5_003,deck_vocabulary_n5,all,1|3|7|14,"lesson,vocabulary,vocab_lesson",curated_roadmap_seed,https://www.mlcjapanese.co.jp/n5.html,
les_0903,N5,n5_mvp_v1,lesson,mod_09_vocab_places_time,n5/phase_03/mod_09_vocab_places_time/les_0903,time-and-frequency-words,76,Time & Frequency Words,Time & Frequency Words,"今日, 明日, 毎日, 朝, 夜, 週.",vocab_lesson,vocabulary,mod_09_vocab_places_time,/learn/n5/phase_03/mod_09_vocab_places_time/les_0903,vocabulary,12,20,2,3,44,true,true,false,,score_or_complete,"{""min_score_percent"": 70, ""required_items"": ""all_or_required_count""}",jlpt_n5_vocabulary_seed_with_examples.csv,jlpt_n5_example_sentences_seed.csv|jlpt_n5_quiz_templates_seed.csv,"{""semantic_category"": [""time"", ""frequency""]}",qsec_n5_003,deck_vocabulary_n5,all,1|3|7|14,"lesson,vocabulary,vocab_lesson",curated_roadmap_seed,https://www.mlcjapanese.co.jp/n5.html,
les_0904,N5,n5_mvp_v1,lesson,mod_09_vocab_places_time,n5/phase_03/mod_09_vocab_places_time/les_0904,weather-and-nature,77,Weather & Nature,Weather & Nature,"雨, 空, 山, 川, 春, 夏, 冬.",vocab_lesson,vocabulary,mod_09_vocab_places_time,/learn/n5/phase_03/mod_09_vocab_places_time/les_0904,vocabulary,12,20,2,3,45,true,true,false,,score_or_complete,"{""min_score_percent"": 70, ""required_items"": ""all_or_required_count""}",jlpt_n5_vocabulary_seed_with_examples.csv,jlpt_n5_example_sentences_seed.csv|jlpt_n5_quiz_templates_seed.csv,"{""semantic_category"": [""weather"", ""nature"", ""season""]}",qsec_n5_003,deck_vocabulary_n5,all,1|3|7|14,"lesson,vocabulary,vocab_lesson",curated_roadmap_seed,https://www.mlcjapanese.co.jp/n5.html,
les_0905,N5,n5_mvp_v1,lesson,mod_09_vocab_places_time,n5/phase_03/mod_09_vocab_places_time/les_0905,core-vocab-gate,78,Core Vocab Gate,Core Vocab Gate,Mixed vocab quiz + SRS unlock.,quiz_gate,vocabulary,mod_09_vocab_places_time,/learn/n5/phase_03/mod_09_vocab_places_time/les_0905,vocabulary,20,40,4,3,46,true,true,true,quiz_gate,score_or_complete,"{""min_score_percent"": 80, ""required_items"": ""all_or_required_count""}",jlpt_n5_vocabulary_seed_with_examples.csv,jlpt_n5_example_sentences_seed.csv|jlpt_n5_quiz_templates_seed.csv,"{""is_common"": ""true""}",qsec_n5_003,deck_vocabulary_n5,all,1|3|7|14,"lesson,vocabulary,quiz_gate",curated_roadmap_seed,https://www.mlcjapanese.co.jp/n5.html,
les_1001,N5,n5_mvp_v1,lesson,mod_10_verb_basics,n5/phase_04/mod_10_verb_basics/les_1001,verb-groups,79,Verb Groups,Verb Groups,"Godan, ichidan, する, 来る.",conjugation_lesson,grammar,mod_10_verb_basics,/learn/n5/phase_04/mod_10_verb_basics/les_1001,grammar,15,25,2,3,47,true,true,false,,score_or_complete,"{""min_score_percent"": 70, ""required_items"": ""all_or_required_count""}",jlpt_n5_verb_conjugation_rules_seed.csv,jlpt_n5_example_sentences_seed.csv|jlpt_n5_quiz_templates_seed.csv,"{""rule_family"": ""verb_group_detection""}",qsec_n5_004,deck_grammar_n5,all,1|3|7|14,"lesson,grammar,conjugation_lesson",curated_roadmap_seed,https://www.mlcjapanese.co.jp/n5.html,
les_1002,N5,n5_mvp_v1,lesson,mod_10_verb_basics,n5/phase_04/mod_10_verb_basics/les_1002,ます--ません,80,ます / ません,ます / ません,Polite non-past affirmative/negative.,conjugation_lesson,grammar,mod_10_verb_basics,/learn/n5/phase_04/mod_10_verb_basics/les_1002,grammar,15,25,2,3,48,true,true,false,,score_or_complete,"{""min_score_percent"": 70, ""required_items"": ""all_or_required_count""}",jlpt_n5_verb_conjugation_rules_seed.csv,jlpt_n5_example_sentences_seed.csv|jlpt_n5_quiz_templates_seed.csv,"{""form_key"": [""masu_form"", ""masen_form""]}",qsec_n5_004,deck_grammar_n5,all,1|3|7|14,"lesson,grammar,conjugation_lesson",curated_roadmap_seed,https://www.mlcjapanese.co.jp/n5.html,
les_1003,N5,n5_mvp_v1,lesson,mod_10_verb_basics,n5/phase_04/mod_10_verb_basics/les_1003,ました--ませんでした,81,ました / ませんでした,ました / ませんでした,Polite past affirmative/negative.,conjugation_lesson,grammar,mod_10_verb_basics,/learn/n5/phase_04/mod_10_verb_basics/les_1003,grammar,15,25,2,3,49,true,true,false,,score_or_complete,"{""min_score_percent"": 70, ""required_items"": ""all_or_required_count""}",jlpt_n5_verb_conjugation_rules_seed.csv,jlpt_n5_example_sentences_seed.csv|jlpt_n5_quiz_templates_seed.csv,"{""form_key"": [""mashita_form"", ""masen_deshita_form""]}",qsec_n5_004,deck_grammar_n5,all,1|3|7|14,"lesson,grammar,conjugation_lesson",curated_roadmap_seed,https://www.mlcjapanese.co.jp/n5.html,
les_1004,N5,n5_mvp_v1,lesson,mod_10_verb_basics,n5/phase_04/mod_10_verb_basics/les_1004,plain-ない--た--なかった,82,Plain ない / た / なかった,Plain ない / た / なかった,Plain forms for N5 patterns.,conjugation_lesson,grammar,mod_10_verb_basics,/learn/n5/phase_04/mod_10_verb_basics/les_1004,grammar,18,30,3,3,50,true,true,false,,score_or_complete,"{""min_score_percent"": 70, ""required_items"": ""all_or_required_count""}",jlpt_n5_verb_conjugation_rules_seed.csv,jlpt_n5_example_sentences_seed.csv|jlpt_n5_quiz_templates_seed.csv,"{""form_key"": [""nai_form"", ""ta_form"", ""nakatta_form""]}",qsec_n5_004,deck_grammar_n5,all,1|3|7|14,"lesson,grammar,conjugation_lesson",curated_roadmap_seed,https://www.mlcjapanese.co.jp/n5.html,
les_1005,N5,n5_mvp_v1,lesson,mod_10_verb_basics,n5/phase_04/mod_10_verb_basics/les_1005,common-n5-verbs-deck,83,Common N5 Verbs Deck,Common N5 Verbs Deck,"行く, 来る, 食べる, 飲む, 見る, 読む.",vocab_lesson,vocabulary,mod_10_verb_basics,/learn/n5/phase_04/mod_10_verb_basics/les_1005,vocabulary,12,20,2,3,51,true,true,false,,score_or_complete,"{""min_score_percent"": 70, ""required_items"": ""all_or_required_count""}",jlpt_n5_vocabulary_seed_with_examples.csv,jlpt_n5_example_sentences_seed.csv|jlpt_n5_quiz_templates_seed.csv,"{""part_of_speech_id"": [""kata_kerja"", ""kata_kerja_suru""]}",qsec_n5_003,deck_vocabulary_n5,all,1|3|7|14,"lesson,vocabulary,vocab_lesson",curated_roadmap_seed,https://www.mlcjapanese.co.jp/n5.html,
les_1101,N5,n5_mvp_v1,lesson,mod_11_te_forms,n5/phase_04/mod_11_te_forms/les_1101,て-form,84,て Form,て Form,Te-form rule untuk semua grup verb.,conjugation_lesson,grammar,mod_11_te_forms,/learn/n5/phase_04/mod_11_te_forms/les_1101,grammar,18,30,3,3,52,true,true,false,,score_or_complete,"{""min_score_percent"": 70, ""required_items"": ""all_or_required_count""}",jlpt_n5_verb_conjugation_rules_seed.csv,jlpt_n5_example_sentences_seed.csv|jlpt_n5_quiz_templates_seed.csv,"{""form_key"": ""te_form""}",qsec_n5_004,deck_grammar_n5,all,1|3|7|14,"lesson,grammar,conjugation_lesson",curated_roadmap_seed,https://www.mlcjapanese.co.jp/n5.html,
les_1102,N5,n5_mvp_v1,lesson,mod_11_te_forms,n5/phase_04/mod_11_te_forms/les_1102,てください--ないでください,85,てください / ないでください,てください / ないでください,Permintaan sopan positif/negatif.,grammar_lesson,grammar,mod_11_te_forms,/learn/n5/phase_04/mod_11_te_forms/les_1102,grammar,15,25,2,3,53,true,true,false,,score_or_complete,"{""min_score_percent"": 70, ""required_items"": ""all_or_required_count""}",jlpt_n5_grammar_seed.csv,jlpt_n5_example_sentences_seed.csv|jlpt_n5_quiz_templates_seed.csv,"{""grammar_point"": [""～てください"", ""～ないでください""]}",qsec_n5_004,deck_grammar_n5,all,1|3|7|14,"lesson,grammar,grammar_lesson",curated_roadmap_seed,https://www.mlcjapanese.co.jp/n5.html,
les_1103,N5,n5_mvp_v1,lesson,mod_11_te_forms,n5/phase_04/mod_11_te_forms/les_1103,ています,86,ています,ています,Sedang melakukan / keadaan hasil.,grammar_lesson,grammar,mod_11_te_forms,/learn/n5/phase_04/mod_11_te_forms/les_1103,grammar,15,25,2,3,54,true,true,false,,score_or_complete,"{""min_score_percent"": 70, ""required_items"": ""all_or_required_count""}",jlpt_n5_grammar_seed.csv,jlpt_n5_example_sentences_seed.csv|jlpt_n5_quiz_templates_seed.csv,"{""grammar_point"": ""～ています""}",qsec_n5_004,deck_grammar_n5,all,1|3|7|14,"lesson,grammar,grammar_lesson",curated_roadmap_seed,https://www.mlcjapanese.co.jp/n5.html,
les_1104,N5,n5_mvp_v1,lesson,mod_11_te_forms,n5/phase_04/mod_11_te_forms/les_1104,てもいい--てはいけません,87,てもいい / てはいけません,てもいい / てはいけません,Izin dan larangan.,grammar_lesson,grammar,mod_11_te_forms,/learn/n5/phase_04/mod_11_te_forms/les_1104,grammar,15,25,2,4,55,true,true,false,,score_or_complete,"{""min_score_percent"": 70, ""required_items"": ""all_or_required_count""}",jlpt_n5_grammar_seed.csv,jlpt_n5_example_sentences_seed.csv|jlpt_n5_quiz_templates_seed.csv,"{""grammar_point"": [""～てもいいです"", ""～てはいけません""]}",qsec_n5_004,deck_grammar_n5,all,1|3|7|14,"lesson,grammar,grammar_lesson",curated_roadmap_seed,https://www.mlcjapanese.co.jp/n5.html,
les_1105,N5,n5_mvp_v1,lesson,mod_11_te_forms,n5/phase_04/mod_11_te_forms/les_1105,てから--て-て,88,"てから / て, て","てから / て, て",Urutan aksi.,grammar_lesson,grammar,mod_11_te_forms,/learn/n5/phase_04/mod_11_te_forms/les_1105,grammar,12,20,2,4,56,true,true,false,,score_or_complete,"{""min_score_percent"": 70, ""required_items"": ""all_or_required_count""}",jlpt_n5_grammar_seed.csv,jlpt_n5_example_sentences_seed.csv|jlpt_n5_quiz_templates_seed.csv,"{""grammar_point"": [""～てから"", ""～て、～て""]}",qsec_n5_004,deck_grammar_n5,all,1|3|7|14,"lesson,grammar,grammar_lesson",curated_roadmap_seed,https://www.mlcjapanese.co.jp/n5.html,
les_1201,N5,n5_mvp_v1,lesson,mod_12_adjectives,n5/phase_04/mod_12_adjectives/les_1201,i-adjectives,89,i-Adjectives,i-Adjectives,"高い, 安い, 寒い, 暑い.",adjective_lesson,grammar,mod_12_adjectives,/learn/n5/phase_04/mod_12_adjectives/les_1201,grammar,12,20,2,4,57,true,true,false,,score_or_complete,"{""min_score_percent"": 70, ""required_items"": ""all_or_required_count""}",jlpt_n5_adjective_conjugation_rules_seed.csv,jlpt_n5_example_sentences_seed.csv|jlpt_n5_quiz_templates_seed.csv,"{""adjective_type"": ""i_adjective""}",qsec_n5_004,deck_grammar_n5,all,1|3|7|14,"lesson,grammar,adjective_lesson",curated_roadmap_seed,https://www.mlcjapanese.co.jp/n5.html,
les_1202,N5,n5_mvp_v1,lesson,mod_12_adjectives,n5/phase_04/mod_12_adjectives/les_1202,na-adjectives,90,na-Adjectives,na-Adjectives,"静か, 便利, きれい, 好き.",adjective_lesson,grammar,mod_12_adjectives,/learn/n5/phase_04/mod_12_adjectives/les_1202,grammar,12,20,2,4,58,true,true,false,,score_or_complete,"{""min_score_percent"": 70, ""required_items"": ""all_or_required_count""}",jlpt_n5_adjective_conjugation_rules_seed.csv,jlpt_n5_example_sentences_seed.csv|jlpt_n5_quiz_templates_seed.csv,"{""adjective_type"": ""na_adjective""}",qsec_n5_004,deck_grammar_n5,all,1|3|7|14,"lesson,grammar,adjective_lesson",curated_roadmap_seed,https://www.mlcjapanese.co.jp/n5.html,
les_1203,N5,n5_mvp_v1,lesson,mod_12_adjectives,n5/phase_04/mod_12_adjectives/les_1203,adjective-past-and-negative,91,Adjective Past & Negative,Adjective Past & Negative,"高くない, 高かった, 便利でした.",adjective_lesson,grammar,mod_12_adjectives,/learn/n5/phase_04/mod_12_adjectives/les_1203,grammar,15,25,2,4,59,true,true,false,,score_or_complete,"{""min_score_percent"": 70, ""required_items"": ""all_or_required_count""}",jlpt_n5_adjective_conjugation_rules_seed.csv,jlpt_n5_example_sentences_seed.csv|jlpt_n5_quiz_templates_seed.csv,"{""form_key"": [""plain_negative"", ""plain_past"", ""polite_negative"", ""polite_past""]}",qsec_n5_004,deck_grammar_n5,all,1|3|7|14,"lesson,grammar,adjective_lesson",curated_roadmap_seed,https://www.mlcjapanese.co.jp/n5.html,
les_1204,N5,n5_mvp_v1,lesson,mod_12_adjectives,n5/phase_04/mod_12_adjectives/les_1204,くて--で--に,92,くて / で / に,くて / で / に,Connective and adverb forms.,adjective_lesson,grammar,mod_12_adjectives,/learn/n5/phase_04/mod_12_adjectives/les_1204,grammar,15,25,2,4,60,true,true,false,,score_or_complete,"{""min_score_percent"": 70, ""required_items"": ""all_or_required_count""}",jlpt_n5_adjective_conjugation_rules_seed.csv,jlpt_n5_example_sentences_seed.csv|jlpt_n5_quiz_templates_seed.csv,"{""form_key"": [""te_form"", ""adverbial_form""]}",qsec_n5_004,deck_grammar_n5,all,1|3|7|14,"lesson,grammar,adjective_lesson",curated_roadmap_seed,https://www.mlcjapanese.co.jp/n5.html,
les_1205,N5,n5_mvp_v1,lesson,mod_12_adjectives,n5/phase_04/mod_12_adjectives/les_1205,verb-and-adjective-gate,93,Verb & Adjective Gate,Verb & Adjective Gate,Konjugasi mixed checkpoint.,quiz_gate,grammar,mod_12_adjectives,/learn/n5/phase_04/mod_12_adjectives/les_1205,grammar,20,45,4,4,61,true,true,true,quiz_gate,score_or_complete,"{""min_score_percent"": 80, ""required_items"": ""all_or_required_count""}",jlpt_n5_quiz_templates_seed.csv,jlpt_n5_example_sentences_seed.csv|jlpt_n5_quiz_templates_seed.csv,"{""lesson_scope"": ""conjugation""}",qsec_n5_004,deck_grammar_n5,all,1|3|7|14,"lesson,grammar,quiz_gate",curated_roadmap_seed,https://www.mlcjapanese.co.jp/n5.html,
les_1301,N5,n5_mvp_v1,lesson,mod_13_kanji_intro,n5/phase_05/mod_13_kanji_intro/les_1301,radicals-101,94,Radicals 101,Radicals 101,Apa itu radical dan variant bentuknya.,radical_lesson,kanji,mod_13_kanji_intro,/learn/n5/phase_05/mod_13_kanji_intro/les_1301,kanji,15,25,2,4,62,true,true,false,,score_or_complete,"{""min_score_percent"": 70, ""required_items"": ""all_or_required_count""}",kanji_radicals_214_seed.csv,jlpt_n5_example_sentences_seed.csv|jlpt_n5_quiz_templates_seed.csv,"{""n5_relevant"": ""true""}",qsec_n5_005,deck_kanji_n5,all,1|3|7|14,"lesson,kanji,radical_lesson",curated_roadmap_seed,https://www.mlcjapanese.co.jp/n5.html,
les_1302,N5,n5_mvp_v1,lesson,mod_13_kanji_intro,n5/phase_05/mod_13_kanji_intro/les_1302,stroke-count-and-order,95,Stroke Count & Order,Stroke Count & Order,Cara baca stroke count dan path SVG.,kanji_lesson,kanji,mod_13_kanji_intro,/learn/n5/phase_05/mod_13_kanji_intro/les_1302,kanji,12,20,2,4,63,true,true,false,,score_or_complete,"{""min_score_percent"": 70, ""required_items"": ""all_or_required_count""}",jlpt_n5_kanji_extended_103.csv,jlpt_n5_example_sentences_seed.csv|jlpt_n5_quiz_templates_seed.csv,"{""set_type"": ""core_80_common_n5""}",qsec_n5_005,deck_kanji_n5,all,1|3|7|14,"lesson,kanji,kanji_lesson",curated_roadmap_seed,https://www.mlcjapanese.co.jp/n5.html,
les_1303,N5,n5_mvp_v1,lesson,mod_13_kanji_intro,n5/phase_05/mod_13_kanji_intro/les_1303,onyomi-vs-kunyomi,96,Onyomi vs Kunyomi,Onyomi vs Kunyomi,Bacaan Cina vs Jepang dalam contoh kata.,kanji_lesson,kanji,mod_13_kanji_intro,/learn/n5/phase_05/mod_13_kanji_intro/les_1303,kanji,12,20,2,4,64,true,true,false,,score_or_complete,"{""min_score_percent"": 70, ""required_items"": ""all_or_required_count""}",jlpt_n5_kanji_extended_103.csv,jlpt_n5_example_sentences_seed.csv|jlpt_n5_quiz_templates_seed.csv,"{""set_type"": ""core_80_common_n5""}",qsec_n5_005,deck_kanji_n5,all,1|3|7|14,"lesson,kanji,kanji_lesson",curated_roadmap_seed,https://www.mlcjapanese.co.jp/n5.html,
les_1401,N5,n5_mvp_v1,lesson,mod_14_kanji_batches,n5/phase_05/mod_14_kanji_batches/les_1401,kanji-numbers-and-time,97,Kanji Numbers & Time,Kanji Numbers & Time,一二三四五六七八九十百千万円日月年時分.,kanji_lesson,kanji,mod_14_kanji_batches,/learn/n5/phase_05/mod_14_kanji_batches/les_1401,kanji,15,25,2,4,65,true,true,false,,score_or_complete,"{""min_score_percent"": 70, ""required_items"": ""all_or_required_count""}",jlpt_n5_kanji_extended_103.csv,jlpt_n5_example_sentences_seed.csv|jlpt_n5_quiz_templates_seed.csv,"{""semantic_group"": ""numbers_time""}",qsec_n5_005,deck_kanji_n5,all,1|3|7|14,"lesson,kanji,kanji_lesson",curated_roadmap_seed,https://www.mlcjapanese.co.jp/n5.html,
les_1402,N5,n5_mvp_v1,lesson,mod_14_kanji_batches,n5/phase_05/mod_14_kanji_batches/les_1402,kanji-people-and-body,98,Kanji People & Body,Kanji People & Body,人子女男目耳口手足父母友.,kanji_lesson,kanji,mod_14_kanji_batches,/learn/n5/phase_05/mod_14_kanji_batches/les_1402,kanji,15,25,2,4,66,true,true,false,,score_or_complete,"{""min_score_percent"": 70, ""required_items"": ""all_or_required_count""}",jlpt_n5_kanji_extended_103.csv,jlpt_n5_example_sentences_seed.csv|jlpt_n5_quiz_templates_seed.csv,"{""semantic_group"": ""people_body""}",qsec_n5_005,deck_kanji_n5,all,1|3|7|14,"lesson,kanji,kanji_lesson",curated_roadmap_seed,https://www.mlcjapanese.co.jp/n5.html,
les_1403,N5,n5_mvp_v1,lesson,mod_14_kanji_batches,n5/phase_05/mod_14_kanji_batches/les_1403,kanji-nature-and-direction,99,Kanji Nature & Direction,Kanji Nature & Direction,山川田天雨火水木金土上下左右中外.,kanji_lesson,kanji,mod_14_kanji_batches,/learn/n5/phase_05/mod_14_kanji_batches/les_1403,kanji,15,25,2,4,67,true,true,false,,score_or_complete,"{""min_score_percent"": 70, ""required_items"": ""all_or_required_count""}",jlpt_n5_kanji_extended_103.csv,jlpt_n5_example_sentences_seed.csv|jlpt_n5_quiz_templates_seed.csv,"{""semantic_group"": ""nature_direction""}",qsec_n5_005,deck_kanji_n5,all,1|3|7|14,"lesson,kanji,kanji_lesson",curated_roadmap_seed,https://www.mlcjapanese.co.jp/n5.html,
les_1404,N5,n5_mvp_v1,lesson,mod_14_kanji_batches,n5/phase_05/mod_14_kanji_batches/les_1404,kanji-school-and-places,100,Kanji School & Places,Kanji School & Places,学校先生活会社駅店町国語本,kanji_lesson,kanji,mod_14_kanji_batches,/learn/n5/phase_05/mod_14_kanji_batches/les_1404,kanji,15,25,2,4,68,true,true,false,,score_or_complete,"{""min_score_percent"": 70, ""required_items"": ""all_or_required_count""}",jlpt_n5_kanji_extended_103.csv,jlpt_n5_example_sentences_seed.csv|jlpt_n5_quiz_templates_seed.csv,"{""semantic_group"": ""school_places""}",qsec_n5_005,deck_kanji_n5,all,1|3|7|14,"lesson,kanji,kanji_lesson",curated_roadmap_seed,https://www.mlcjapanese.co.jp/n5.html,
les_1405,N5,n5_mvp_v1,lesson,mod_14_kanji_batches,n5/phase_05/mod_14_kanji_batches/les_1405,kanji-actions-and-adjectives,101,Kanji Actions & Adjectives,Kanji Actions & Adjectives,行来見聞食飲書読買休高安大小新古.,kanji_lesson,kanji,mod_14_kanji_batches,/learn/n5/phase_05/mod_14_kanji_batches/les_1405,kanji,15,25,2,4,69,true,true,false,,score_or_complete,"{""min_score_percent"": 70, ""required_items"": ""all_or_required_count""}",jlpt_n5_kanji_extended_103.csv,jlpt_n5_example_sentences_seed.csv|jlpt_n5_quiz_templates_seed.csv,"{""semantic_group"": ""actions_adjectives""}",qsec_n5_005,deck_kanji_n5,all,1|3|7|14,"lesson,kanji,kanji_lesson",curated_roadmap_seed,https://www.mlcjapanese.co.jp/n5.html,
les_1406,N5,n5_mvp_v1,lesson,mod_14_kanji_batches,n5/phase_05/mod_14_kanji_batches/les_1406,kanji-core-80-gate,102,Kanji Core 80 Gate,Kanji Core 80 Gate,Review 80 kanji inti.,quiz_gate,kanji,mod_14_kanji_batches,/learn/n5/phase_05/mod_14_kanji_batches/les_1406,kanji,25,50,5,4,70,true,true,true,quiz_gate,score_or_complete,"{""min_score_percent"": 80, ""required_items"": ""all_or_required_count""}",jlpt_n5_kanji_core_80.csv,jlpt_n5_example_sentences_seed.csv|jlpt_n5_quiz_templates_seed.csv,"{""set_type"": ""core_80_common_n5""}",qsec_n5_005,deck_kanji_n5,all,1|3|7|14,"lesson,kanji,quiz_gate",curated_roadmap_seed,https://www.mlcjapanese.co.jp/n5.html,
les_1407,N5,n5_mvp_v1,lesson,mod_14_kanji_batches,n5/phase_05/mod_14_kanji_batches/les_1407,extended-n5-kanji,103,Extended N5 Kanji,Extended N5 Kanji,23 kandidat tambahan dari list lama.,kanji_lesson,kanji,mod_14_kanji_batches,/learn/n5/phase_05/mod_14_kanji_batches/les_1407,kanji,18,30,3,4,71,true,true,false,,score_or_complete,"{""min_score_percent"": 70, ""required_items"": ""all_or_required_count""}",jlpt_n5_kanji_extended_103.csv,jlpt_n5_example_sentences_seed.csv|jlpt_n5_quiz_templates_seed.csv,"{""set_type"": ""extended_103_old_n5_candidate""}",qsec_n5_005,deck_kanji_n5,all,1|3|7|14,"lesson,kanji,kanji_lesson",curated_roadmap_seed,https://www.mlcjapanese.co.jp/n5.html,
les_1501,N5,n5_mvp_v1,lesson,mod_15_numbers_time,n5/phase_06/mod_15_numbers_time/les_1501,numbers-0-100,104,Numbers 0–100,Numbers 0–100,Angka dasar dan variasi 4/7/9.,numbers_lesson,numbers_counters,mod_15_numbers_time,/learn/n5/phase_06/mod_15_numbers_time/les_1501,numbers_counters,12,20,2,4,72,true,true,false,,score_or_complete,"{""min_score_percent"": 70, ""required_items"": ""all_or_required_count""}",japanese_numbers_seed.csv,jlpt_n5_example_sentences_seed.csv|jlpt_n5_quiz_templates_seed.csv,"{""number_value_range"": ""0-100""}",qsec_n5_006,deck_numbers_counters_n5,all,3|7,"lesson,numbers_counters,numbers_lesson",curated_roadmap_seed,https://www.mlcjapanese.co.jp/n5.html,
les_1502,N5,n5_mvp_v1,lesson,mod_15_numbers_time,n5/phase_06/mod_15_numbers_time/les_1502,large-numbers-and-yen,105,Large Numbers & Yen,Large Numbers & Yen,"百, 千, 万, 円 untuk belanja.",numbers_lesson,numbers_counters,mod_15_numbers_time,/learn/n5/phase_06/mod_15_numbers_time/les_1502,numbers_counters,12,20,2,5,73,true,true,false,,score_or_complete,"{""min_score_percent"": 70, ""required_items"": ""all_or_required_count""}",japanese_numbers_seed.csv|japanese_counter_forms_n5_seed.csv,jlpt_n5_example_sentences_seed.csv|jlpt_n5_quiz_templates_seed.csv,"{""counter_id"": ""ctr_en""}",qsec_n5_006,deck_numbers_counters_n5,all,3|7,"lesson,numbers_counters,numbers_lesson",curated_roadmap_seed,https://www.mlcjapanese.co.jp/n5.html,
les_1503,N5,n5_mvp_v1,lesson,mod_15_numbers_time,n5/phase_06/mod_15_numbers_time/les_1503,clock-time,106,Clock Time,Clock Time,"時, 分, 半, 午前/午後.",time_lesson,numbers_counters,mod_15_numbers_time,/learn/n5/phase_06/mod_15_numbers_time/les_1503,numbers_counters,15,25,2,5,74,true,true,false,,score_or_complete,"{""min_score_percent"": 70, ""required_items"": ""all_or_required_count""}",japanese_counter_forms_n5_seed.csv|japanese_calendar_time_n5_seed.csv,jlpt_n5_example_sentences_seed.csv|jlpt_n5_quiz_templates_seed.csv,"{""counter_id"": [""ctr_ji"", ""ctr_fun""]}",qsec_n5_006,deck_numbers_counters_n5,all,3|7,"lesson,numbers_counters,time_lesson",curated_roadmap_seed,https://www.mlcjapanese.co.jp/n5.html,
les_1504,N5,n5_mvp_v1,lesson,mod_15_numbers_time,n5/phase_06/mod_15_numbers_time/les_1504,days-months-weekdays,107,"Days, Months, Weekdays","Days, Months, Weekdays","曜日, 月, 日 irregular readings.",calendar_lesson,numbers_counters,mod_15_numbers_time,/learn/n5/phase_06/mod_15_numbers_time/les_1504,numbers_counters,18,30,3,5,75,true,true,false,,score_or_complete,"{""min_score_percent"": 70, ""required_items"": ""all_or_required_count""}",japanese_calendar_time_n5_seed.csv,jlpt_n5_example_sentences_seed.csv|jlpt_n5_quiz_templates_seed.csv,"{""calendar_type"": [""weekday"", ""month_name"", ""day_of_month""]}",qsec_n5_006,deck_numbers_counters_n5,all,3|7,"lesson,numbers_counters,calendar_lesson",curated_roadmap_seed,https://www.mlcjapanese.co.jp/n5.html,
les_1601,N5,n5_mvp_v1,lesson,mod_16_counters_money,n5/phase_06/mod_16_counters_money/les_1601,general-counters-つ--個,108,General Counters つ / 個,General Counters つ / 個,Fallback benda umum dan item kecil.,counter_lesson,numbers_counters,mod_16_counters_money,/learn/n5/phase_06/mod_16_counters_money/les_1601,numbers_counters,12,20,2,5,76,true,true,false,,score_or_complete,"{""min_score_percent"": 70, ""required_items"": ""all_or_required_count""}",japanese_counter_forms_n5_seed.csv,jlpt_n5_example_sentences_seed.csv|jlpt_n5_quiz_templates_seed.csv,"{""counter_id"": [""ctr_tsu"", ""ctr_ko""]}",qsec_n5_006,deck_numbers_counters_n5,all,3|7,"lesson,numbers_counters,counter_lesson",curated_roadmap_seed,https://www.mlcjapanese.co.jp/n5.html,
les_1602,N5,n5_mvp_v1,lesson,mod_16_counters_money,n5/phase_06/mod_16_counters_money/les_1602,people-and-animals-counters,109,People & Animals Counters,People & Animals Counters,"人, 匹, 羽, 頭.",counter_lesson,numbers_counters,mod_16_counters_money,/learn/n5/phase_06/mod_16_counters_money/les_1602,numbers_counters,12,20,2,5,77,true,true,false,,score_or_complete,"{""min_score_percent"": 70, ""required_items"": ""all_or_required_count""}",japanese_counter_forms_n5_seed.csv,jlpt_n5_example_sentences_seed.csv|jlpt_n5_quiz_templates_seed.csv,"{""counter_id"": [""ctr_nin"", ""ctr_hiki"", ""ctr_wa"", ""ctr_tou""]}",qsec_n5_006,deck_numbers_counters_n5,all,3|7,"lesson,numbers_counters,counter_lesson",curated_roadmap_seed,https://www.mlcjapanese.co.jp/n5.html,
les_1603,N5,n5_mvp_v1,lesson,mod_16_counters_money,n5/phase_06/mod_16_counters_money/les_1603,object-shape-counters,110,Object Shape Counters,Object Shape Counters,"本, 枚, 冊, 台, 杯.",counter_lesson,numbers_counters,mod_16_counters_money,/learn/n5/phase_06/mod_16_counters_money/les_1603,numbers_counters,15,25,2,5,78,true,true,false,,score_or_complete,"{""min_score_percent"": 70, ""required_items"": ""all_or_required_count""}",japanese_counter_forms_n5_seed.csv,jlpt_n5_example_sentences_seed.csv|jlpt_n5_quiz_templates_seed.csv,"{""counter_id"": [""ctr_hon"", ""ctr_mai"", ""ctr_satsu"", ""ctr_dai"", ""ctr_hai""]}",qsec_n5_006,deck_numbers_counters_n5,all,3|7,"lesson,numbers_counters,counter_lesson",curated_roadmap_seed,https://www.mlcjapanese.co.jp/n5.html,
les_1604,N5,n5_mvp_v1,lesson,mod_16_counters_money,n5/phase_06/mod_16_counters_money/les_1604,age-frequency-duration,111,"Age, Frequency, Duration","Age, Frequency, Duration","歳, 回, 時間, 週間, ヶ月.",counter_lesson,numbers_counters,mod_16_counters_money,/learn/n5/phase_06/mod_16_counters_money/les_1604,numbers_counters,15,25,2,5,79,true,true,false,,score_or_complete,"{""min_score_percent"": 70, ""required_items"": ""all_or_required_count""}",japanese_counter_forms_n5_seed.csv,jlpt_n5_example_sentences_seed.csv|jlpt_n5_quiz_templates_seed.csv,"{""counter_id"": [""ctr_sai"", ""ctr_kai_times"", ""ctr_jikan"", ""ctr_shuukan"", ""ctr_kagetsu""]}",qsec_n5_006,deck_numbers_counters_n5,all,3|7,"lesson,numbers_counters,counter_lesson",curated_roadmap_seed,https://www.mlcjapanese.co.jp/n5.html,
les_1605,N5,n5_mvp_v1,lesson,mod_16_counters_money,n5/phase_06/mod_16_counters_money/les_1605,numbers-and-counters-gate,112,Numbers & Counters Gate,Numbers & Counters Gate,Irregular reading checkpoint.,quiz_gate,numbers_counters,mod_16_counters_money,/learn/n5/phase_06/mod_16_counters_money/les_1605,numbers_counters,20,40,4,5,80,true,true,true,quiz_gate,score_or_complete,"{""min_score_percent"": 80, ""required_items"": ""all_or_required_count""}",japanese_counter_forms_n5_seed.csv,jlpt_n5_example_sentences_seed.csv|jlpt_n5_quiz_templates_seed.csv,"{""recommended_for_quiz"": ""true""}",qsec_n5_006,deck_numbers_counters_n5,all,3|7,"lesson,numbers_counters,quiz_gate",curated_roadmap_seed,https://www.mlcjapanese.co.jp/n5.html,
les_1701,N5,n5_mvp_v1,lesson,mod_17_scenarios,n5/phase_07/mod_17_scenarios/les_1701,self-introduction,113,Self Introduction,Self Introduction,"Nama, asal, status, umur, hobi.",scenario_lesson,mixed,mod_17_scenarios,/learn/n5/phase_07/mod_17_scenarios/les_1701,mixed,15,25,2,5,81,true,true,false,,score_or_complete,"{""min_score_percent"": 70, ""required_items"": ""all_or_required_count""}",jlpt_n5_example_sentences_seed.csv,jlpt_n5_example_sentences_seed.csv|jlpt_n5_quiz_templates_seed.csv,"{""sentence_type"": [""basic_sentence"", ""people""]}",qsec_n5_004,,all,3|7,"lesson,mixed,scenario_lesson",curated_roadmap_seed,https://www.mlcjapanese.co.jp/n5.html,
les_1702,N5,n5_mvp_v1,lesson,mod_17_scenarios,n5/phase_07/mod_17_scenarios/les_1702,at-school,114,At School,At School,"Kelas, guru, PR, ujian, jadwal.",scenario_lesson,mixed,mod_17_scenarios,/learn/n5/phase_07/mod_17_scenarios/les_1702,mixed,15,25,2,5,82,true,true,false,,score_or_complete,"{""min_score_percent"": 70, ""required_items"": ""all_or_required_count""}",jlpt_n5_example_sentences_seed.csv,jlpt_n5_example_sentences_seed.csv|jlpt_n5_quiz_templates_seed.csv,"{""tags_contains"": ""school""}",qsec_n5_003,,all,3|7,"lesson,mixed,scenario_lesson",curated_roadmap_seed,https://www.mlcjapanese.co.jp/n5.html,
les_1703,N5,n5_mvp_v1,lesson,mod_17_scenarios,n5/phase_07/mod_17_scenarios/les_1703,shopping,115,Shopping,Shopping,"Harga, counter, ください, いくら.",scenario_lesson,mixed,mod_17_scenarios,/learn/n5/phase_07/mod_17_scenarios/les_1703,mixed,15,25,2,5,83,true,true,false,,score_or_complete,"{""min_score_percent"": 70, ""required_items"": ""all_or_required_count""}",jlpt_n5_example_sentences_seed.csv,jlpt_n5_example_sentences_seed.csv|jlpt_n5_quiz_templates_seed.csv,"{""sentence_type"": [""shopping"", ""money"", ""counter""]}",qsec_n5_003,,all,3|7,"lesson,mixed,scenario_lesson",curated_roadmap_seed,https://www.mlcjapanese.co.jp/n5.html,
les_1704,N5,n5_mvp_v1,lesson,mod_17_scenarios,n5/phase_07/mod_17_scenarios/les_1704,restaurant-and-food,116,Restaurant & Food,Restaurant & Food,"注文, 好き, 食べる, 飲む.",scenario_lesson,mixed,mod_17_scenarios,/learn/n5/phase_07/mod_17_scenarios/les_1704,mixed,15,25,2,5,84,true,true,false,,score_or_complete,"{""min_score_percent"": 70, ""required_items"": ""all_or_required_count""}",jlpt_n5_example_sentences_seed.csv,jlpt_n5_example_sentences_seed.csv|jlpt_n5_quiz_templates_seed.csv,"{""sentence_type"": [""food"", ""preference""]}",qsec_n5_007,,all,3|7,"lesson,mixed,scenario_lesson",curated_roadmap_seed,https://www.mlcjapanese.co.jp/n5.html,
les_1705,N5,n5_mvp_v1,lesson,mod_17_scenarios,n5/phase_07/mod_17_scenarios/les_1705,directions-and-transport,117,Directions & Transport,Directions & Transport,"駅, バス, 右, 左, まっすぐ.",scenario_lesson,mixed,mod_17_scenarios,/learn/n5/phase_07/mod_17_scenarios/les_1705,mixed,15,25,2,5,85,true,true,false,,score_or_complete,"{""min_score_percent"": 70, ""required_items"": ""all_or_required_count""}",jlpt_n5_example_sentences_seed.csv,jlpt_n5_example_sentences_seed.csv|jlpt_n5_quiz_templates_seed.csv,"{""sentence_type"": [""transport"", ""direction""]}",qsec_n5_007,,all,3|7,"lesson,mixed,scenario_lesson",curated_roadmap_seed,https://www.mlcjapanese.co.jp/n5.html,
les_1706,N5,n5_mvp_v1,lesson,mod_17_scenarios,n5/phase_07/mod_17_scenarios/les_1706,weather-and-seasons,118,Weather & Seasons,Weather & Seasons,"天気, 雨, 暑い, 寒い, 春夏秋冬.",scenario_lesson,mixed,mod_17_scenarios,/learn/n5/phase_07/mod_17_scenarios/les_1706,mixed,12,20,2,5,86,true,true,false,,score_or_complete,"{""min_score_percent"": 70, ""required_items"": ""all_or_required_count""}",jlpt_n5_example_sentences_seed.csv,jlpt_n5_example_sentences_seed.csv|jlpt_n5_quiz_templates_seed.csv,"{""sentence_type"": [""weather"", ""season""]}",qsec_n5_008,,all,3|7,"lesson,mixed,scenario_lesson",curated_roadmap_seed,https://www.mlcjapanese.co.jp/n5.html,
les_1707,N5,n5_mvp_v1,lesson,mod_17_scenarios,n5/phase_07/mod_17_scenarios/les_1707,health-and-requests,119,Health & Requests,Health & Requests,"薬, 病気, てください, ないでください.",scenario_lesson,mixed,mod_17_scenarios,/learn/n5/phase_07/mod_17_scenarios/les_1707,mixed,12,20,2,5,87,true,true,false,,score_or_complete,"{""min_score_percent"": 70, ""required_items"": ""all_or_required_count""}",jlpt_n5_example_sentences_seed.csv,jlpt_n5_example_sentences_seed.csv|jlpt_n5_quiz_templates_seed.csv,"{""sentence_type"": [""health"", ""request""]}",qsec_n5_004,,all,3|7,"lesson,mixed,scenario_lesson",curated_roadmap_seed,https://www.mlcjapanese.co.jp/n5.html,
les_1708,N5,n5_mvp_v1,lesson,mod_17_scenarios,n5/phase_07/mod_17_scenarios/les_1708,daily-scenario-gate,120,Daily Scenario Gate,Daily Scenario Gate,Mixed scenario quiz.,quiz_gate,mixed,mod_17_scenarios,/learn/n5/phase_07/mod_17_scenarios/les_1708,mixed,20,40,4,5,88,true,true,true,quiz_gate,score_or_complete,"{""min_score_percent"": 80, ""required_items"": ""all_or_required_count""}",jlpt_n5_example_sentences_seed.csv,jlpt_n5_example_sentences_seed.csv|jlpt_n5_quiz_templates_seed.csv,"{""set_type"": ""curated_original_n5""}",qsec_n5_001,,all,3|7,"lesson,mixed,quiz_gate",curated_roadmap_seed,https://www.mlcjapanese.co.jp/n5.html,
les_1801,N5,n5_mvp_v1,lesson,mod_18_reading,n5/phase_08/mod_18_reading/les_1801,read-simple-sentences,121,Read Simple Sentences,Read Simple Sentences,Baca 1 kalimat dan jawab arti.,reading_lesson,reading,mod_18_reading,/learn/n5/phase_08/mod_18_reading/les_1801,reading,12,20,2,5,89,true,true,false,,score_or_complete,"{""min_score_percent"": 70, ""required_items"": ""all_or_required_count""}",jlpt_n5_example_sentences_seed.csv,jlpt_n5_example_sentences_seed.csv|jlpt_n5_quiz_templates_seed.csv,"{""difficulty_level"": [1, 2]}",qsec_n5_008,,all,3|7,"lesson,reading,reading_lesson",curated_roadmap_seed,https://www.mlcjapanese.co.jp/n5.html,
les_1802,N5,n5_mvp_v1,lesson,mod_18_reading,n5/phase_08/mod_18_reading/les_1802,short-passage-daily-routine,122,Short Passage: Daily Routine,Short Passage: Daily Routine,Rutinitas harian 2–4 kalimat.,reading_lesson,reading,mod_18_reading,/learn/n5/phase_08/mod_18_reading/les_1802,reading,15,25,2,5,90,true,true,false,,score_or_complete,"{""min_score_percent"": 70, ""required_items"": ""all_or_required_count""}",reading_passages_n5_seed.csv,jlpt_n5_example_sentences_seed.csv|jlpt_n5_quiz_templates_seed.csv,"{""topic"": ""daily_routine""}",qsec_n5_008,,all,3|7,"lesson,reading,reading_lesson",curated_roadmap_seed,https://www.mlcjapanese.co.jp/n5.html,
les_1803,N5,n5_mvp_v1,lesson,mod_18_reading,n5/phase_08/mod_18_reading/les_1803,short-passage-schedule-and-time,123,Short Passage: Schedule & Time,Short Passage: Schedule & Time,"Jadwal, jam, tanggal, dan hari.",reading_lesson,reading,mod_18_reading,/learn/n5/phase_08/mod_18_reading/les_1803,reading,15,25,2,5,91,true,true,false,,score_or_complete,"{""min_score_percent"": 70, ""required_items"": ""all_or_required_count""}",reading_passages_n5_seed.csv,jlpt_n5_example_sentences_seed.csv|jlpt_n5_quiz_templates_seed.csv,"{""topic"": ""schedule_time""}",qsec_n5_008,,all,3|7,"lesson,reading,reading_lesson",curated_roadmap_seed,https://www.mlcjapanese.co.jp/n5.html,
les_1804,N5,n5_mvp_v1,lesson,mod_18_reading,n5/phase_08/mod_18_reading/les_1804,short-passage-shopping-notice,124,Short Passage: Shopping/Notice,Short Passage: Shopping/Notice,"Pengumuman pendek, harga, dan tempat.",reading_lesson,reading,mod_18_reading,/learn/n5/phase_08/mod_18_reading/les_1804,reading,15,25,2,5,92,true,true,false,,score_or_complete,"{""min_score_percent"": 70, ""required_items"": ""all_or_required_count""}",reading_passages_n5_seed.csv,jlpt_n5_example_sentences_seed.csv|jlpt_n5_quiz_templates_seed.csv,"{""topic"": ""shopping_notice""}",qsec_n5_008,,all,3|7,"lesson,reading,reading_lesson",curated_roadmap_seed,https://www.mlcjapanese.co.jp/n5.html,
les_1901,N5,n5_mvp_v1,lesson,mod_19_listening,n5/phase_08/mod_19_listening/les_1901,kana-and-vocab-listening,125,Kana & Vocab Listening,Kana & Vocab Listening,"Dengar kana/kata, pilih jawaban.",listening_lesson,listening,mod_19_listening,/learn/n5/phase_08/mod_19_listening/les_1901,listening,12,20,2,5,93,true,true,false,,score_or_complete,"{""min_score_percent"": 70, ""required_items"": ""all_or_required_count""}",kana_characters_hiragana_katakana.csv|jlpt_n5_vocabulary_seed_with_examples.csv,jlpt_n5_example_sentences_seed.csv|jlpt_n5_quiz_templates_seed.csv,"{""recommended_for_quiz"": ""true""}",qsec_n5_007,,all,3|7,"lesson,listening,listening_lesson",curated_roadmap_seed,https://www.mlcjapanese.co.jp/n5.html,
les_1902,N5,n5_mvp_v1,lesson,mod_19_listening,n5/phase_08/mod_19_listening/les_1902,sentence-listening,126,Sentence Listening,Sentence Listening,Dengar kalimat pendek dan pilih arti.,listening_lesson,listening,mod_19_listening,/learn/n5/phase_08/mod_19_listening/les_1902,listening,15,25,2,5,94,true,true,false,,score_or_complete,"{""min_score_percent"": 70, ""required_items"": ""all_or_required_count""}",jlpt_n5_example_sentences_seed.csv,jlpt_n5_example_sentences_seed.csv|jlpt_n5_quiz_templates_seed.csv,"{""recommended_for_quiz"": ""true""}",qsec_n5_007,,all,3|7,"lesson,listening,listening_lesson",curated_roadmap_seed,https://www.mlcjapanese.co.jp/n5.html,
les_1903,N5,n5_mvp_v1,lesson,mod_19_listening,n5/phase_08/mod_19_listening/les_1903,question-and-response,127,Question & Response,Question & Response,"Dengar pertanyaan, pilih respon.",listening_lesson,listening,mod_19_listening,/learn/n5/phase_08/mod_19_listening/les_1903,listening,15,25,2,5,95,true,true,false,,score_or_complete,"{""min_score_percent"": 70, ""required_items"": ""all_or_required_count""}",listening_scripts_n5_seed.csv,jlpt_n5_example_sentences_seed.csv|jlpt_n5_quiz_templates_seed.csv,"{""script_type"": ""question_response""}",qsec_n5_007,,all,3|7,"lesson,listening,listening_lesson",curated_roadmap_seed,https://www.mlcjapanese.co.jp/n5.html,
les_1904,N5,n5_mvp_v1,lesson,mod_19_listening,n5/phase_08/mod_19_listening/les_1904,dictation-lite,128,Dictation Lite,Dictation Lite,Ketik kata kunci dari audio.,listening_lesson,listening,mod_19_listening,/learn/n5/phase_08/mod_19_listening/les_1904,listening,15,25,2,5,96,true,true,false,,score_or_complete,"{""min_score_percent"": 70, ""required_items"": ""all_or_required_count""}",listening_scripts_n5_seed.csv,jlpt_n5_example_sentences_seed.csv|jlpt_n5_quiz_templates_seed.csv,"{""activity"": ""dictation""}",qsec_n5_007,,all,3|7,"lesson,listening,listening_lesson",curated_roadmap_seed,https://www.mlcjapanese.co.jp/n5.html,
les_1905,N5,n5_mvp_v1,lesson,mod_19_listening,n5/phase_08/mod_19_listening/les_1905,reading-and-listening-gate,129,Reading & Listening Gate,Reading & Listening Gate,Checkpoint comprehension.,quiz_gate,reading_listening,mod_19_listening,/learn/n5/phase_08/mod_19_listening/les_1905,reading_listening,25,45,4,5,97,true,true,true,quiz_gate,score_or_complete,"{""min_score_percent"": 80, ""required_items"": ""all_or_required_count""}",jlpt_n5_quiz_sections_seed.csv,jlpt_n5_example_sentences_seed.csv|jlpt_n5_quiz_templates_seed.csv,"{""section_key"": [""reading_quiz"", ""listening_quiz""]}",qsec_n5_007|qsec_n5_008,,all,3|7,"lesson,reading_listening,quiz_gate",curated_roadmap_seed,https://www.mlcjapanese.co.jp/n5.html,
les_2001,N5,n5_mvp_v1,lesson,mod_20_review_mock,n5/phase_09/mod_20_review_mock/les_2001,srs-catch-up,130,SRS Catch-up,SRS Catch-up,Review semua due cards.,srs_review,srs,mod_20_review_mock,/learn/n5/phase_09/mod_20_review_mock/les_2001,srs,20,30,3,5,98,true,true,false,,mark_complete,"{""type"": ""mark_complete""}",srs_cards_seed.csv,jlpt_n5_example_sentences_seed.csv|jlpt_n5_quiz_templates_seed.csv,"{""due"": ""true""}",,,all,3|7,"lesson,srs,srs_review",curated_roadmap_seed,https://www.mlcjapanese.co.jp/n5.html,
les_2002,N5,n5_mvp_v1,lesson,mod_20_review_mock,n5/phase_09/mod_20_review_mock/les_2002,weakness-mix-quiz,131,Weakness Mix Quiz,Weakness Mix Quiz,Quiz dari kategori akurasi rendah.,adaptive_quiz,mixed,mod_20_review_mock,/learn/n5/phase_09/mod_20_review_mock/les_2002,mixed,20,35,3,5,99,true,true,false,,score_or_complete,"{""min_score_percent"": 70, ""required_items"": ""all_or_required_count""}",jlpt_n5_quiz_templates_seed.csv,jlpt_n5_example_sentences_seed.csv|jlpt_n5_quiz_templates_seed.csv,"{""strategy"": ""lowest_accuracy""}",qsec_n5_001,,all,3|7,"lesson,mixed,adaptive_quiz",curated_roadmap_seed,https://www.mlcjapanese.co.jp/n5.html,
les_2003,N5,n5_mvp_v1,lesson,mod_20_review_mock,n5/phase_09/mod_20_review_mock/les_2003,mini-mock-vocabulary,132,Mini Mock: Vocabulary,Mini Mock: Vocabulary,Simulasi kosakata 20 menit.,mock_section,vocabulary,mod_20_review_mock,/learn/n5/phase_09/mod_20_review_mock/les_2003,vocabulary,20,50,5,5,100,true,true,false,,score_or_complete,"{""min_score_percent"": 70, ""required_items"": ""all_or_required_count""}",jlpt_n5_quiz_sections_seed.csv,jlpt_n5_example_sentences_seed.csv|jlpt_n5_quiz_templates_seed.csv,"{""section_key"": ""mock_vocab""}",qsec_n5_009,deck_vocabulary_n5,all,1|3|7|14,"lesson,vocabulary,mock_section",curated_roadmap_seed,https://www.jlpt.jp/sp/e/guideline/testsections.html,
les_2004,N5,n5_mvp_v1,lesson,mod_20_review_mock,n5/phase_09/mod_20_review_mock/les_2004,mini-mock-grammar-plus-reading,133,Mini Mock: Grammar + Reading,Mini Mock: Grammar + Reading,Simulasi grammar + reading 40 menit.,mock_section,grammar_reading,mod_20_review_mock,/learn/n5/phase_09/mod_20_review_mock/les_2004,grammar_reading,40,70,7,5,101,true,true,false,,score_or_complete,"{""min_score_percent"": 70, ""required_items"": ""all_or_required_count""}",jlpt_n5_quiz_sections_seed.csv,jlpt_n5_example_sentences_seed.csv|jlpt_n5_quiz_templates_seed.csv,"{""section_key"": ""mock_grammar_reading""}",qsec_n5_010,,all,3|7,"lesson,grammar_reading,mock_section",curated_roadmap_seed,https://www.jlpt.jp/sp/e/guideline/testsections.html,
les_2005,N5,n5_mvp_v1,lesson,mod_20_review_mock,n5/phase_09/mod_20_review_mock/les_2005,mini-mock-listening,134,Mini Mock: Listening,Mini Mock: Listening,Simulasi listening 30 menit.,mock_section,listening,mod_20_review_mock,/learn/n5/phase_09/mod_20_review_mock/les_2005,listening,30,60,6,5,102,true,true,false,,score_or_complete,"{""min_score_percent"": 70, ""required_items"": ""all_or_required_count""}",jlpt_n5_quiz_sections_seed.csv,jlpt_n5_example_sentences_seed.csv|jlpt_n5_quiz_templates_seed.csv,"{""section_key"": ""mock_listening""}",qsec_n5_011,,all,3|7,"lesson,listening,mock_section",curated_roadmap_seed,https://www.jlpt.jp/sp/e/guideline/testsections.html,
les_2006,N5,n5_mvp_v1,lesson,mod_20_review_mock,n5/phase_09/mod_20_review_mock/les_2006,full-n5-mock-test,135,Full N5 Mock Test,Full N5 Mock Test,Simulasi full 90 menit.,mock_test,mixed,mod_20_review_mock,/learn/n5/phase_09/mod_20_review_mock/les_2006,mixed,90,150,15,5,103,true,true,false,,score_or_complete,"{""min_score_percent"": 70, ""required_items"": ""all_or_required_count""}",jlpt_n5_quiz_sections_seed.csv,jlpt_n5_example_sentences_seed.csv|jlpt_n5_quiz_templates_seed.csv,"{""quiz_mode"": ""mock_test""}",qsec_n5_009|qsec_n5_010|qsec_n5_011,,all,3|7,"lesson,mixed,mock_test",curated_roadmap_seed,https://www.jlpt.jp/sp/e/guideline/testsections.html,
les_2007,N5,n5_mvp_v1,lesson,mod_20_review_mock,n5/phase_09/mod_20_review_mock/les_2007,final-review-plan,136,Final Review Plan,Final Review Plan,Review final berdasarkan hasil mock.,review_plan,mixed,mod_20_review_mock,/learn/n5/phase_09/mod_20_review_mock/les_2007,mixed,15,30,3,5,104,true,true,false,,score_or_complete,"{""min_score_percent"": 70, ""required_items"": ""all_or_required_count""}",progress_stats,jlpt_n5_example_sentences_seed.csv|jlpt_n5_quiz_templates_seed.csv,"{""source"": ""mock_results""}",qsec_n5_001,,all,3|7,"lesson,mixed,review_plan",curated_roadmap_seed,https://www.mlcjapanese.co.jp/n5.html,
