id,jlpt_level,set_type,display_order,rule_family,form_key,form_name_id,meaning_id,source_form,verb_group,applies_to_ending,match_condition,operation,stem_change,append_text,result_formula_id,example_verb,example_reading,example_romaji,example_result,example_result_romaji,example_meaning_id,polarity,tense,politeness,used_by_grammar_points,is_core_n5,recommended_for_quiz,priority,source_url,notes
vcr_n5_001,N5,engine_support,1,verb_group_detection,detect_group_from_vocab,Deteksi grup dari data kosakata,Gunakan kolom verb_group di tabel vocab sebagai sumber utama.,dictionary,any,any,vocabulary.verb_group is present,read_metadata,,,group = vocabulary.verb_group,帰る,かえる,kaeru,godan,godan,Pulang; contoh る-verb yang bukan ichidan.,,,,,true,false,1,https://www.tofugu.com/japanese-grammar/verb-conjugation-groups/,Paling aman: simpan group per verb. Jangan hanya tebak dari akhiran karena ada る-verb pengecualian.
vcr_n5_002,N5,engine_support,2,verb_group_detection,detect_irregular_suru,Deteksi irregular する,する dan compound 〜する diperlakukan sebagai irregular/suru verb.,dictionary,irregular_suru,する,dictionary_form == する OR ends_with(する),classify,,,group = irregular_suru,勉強する,べんきょうする,benkyou suru,irregular_suru,suru-verb,Belajar / melakukan belajar.,,,,,true,true,1,https://www.tofugu.com/japanese-grammar/verb-conjugation-groups/,"Compound noun + する sangat umum di N5: 勉強する, 散歩する, 買い物する."
vcr_n5_003,N5,engine_support,3,verb_group_detection,detect_irregular_kuru,Deteksi irregular 来る,来る / くる adalah irregular verb.,dictionary,irregular_kuru,来る|くる,"dictionary_form in [来る,くる]",classify,,,group = irregular_kuru,来る,くる,kuru,irregular_kuru,kuru-verb,Datang.,,,,,true,true,1,https://www.tofugu.com/japanese-grammar/verb-conjugation-groups/,"Stem bisa berubah: きます, こない, きて, きた."
vcr_n5_004,N5,engine_support,4,verb_group_detection,detect_ichidan_candidate,Kandidat ichidan,"Banyak verb yang berakhir いる/える adalah ichidan, tapi tidak semua.",dictionary,ichidan,いる|える,"ends_with(いる) OR ends_with(える), except known godan exceptions",classify_candidate,,,group = ichidan_candidate,食べる,たべる,taberu,ichidan,ichidan,Makan.,,,,,true,true,2,https://www.tofugu.com/japanese-grammar/verb-conjugation-groups/,"Untuk production, tetap pakai dictionary metadata karena 入る/帰る/走る/切る adalah godan."
vcr_n5_005,N5,engine_support,5,verb_group_detection,detect_godan_u,Deteksi godan akhiran う,Verb godan yang berakhir う.,dictionary,godan,う,verb_group == godan AND ends_with(う),classify,,,group = godan_う,買う,かう,kau,godan_u,godan_u,Contoh verb godan.,,,,,true,false,2,https://www.tofugu.com/japanese-grammar/verb-conjugation-groups/,Godan mengubah bunyi akhir sesuai baris kana untuk berbagai bentuk.
vcr_n5_006,N5,engine_support,6,verb_group_detection,detect_godan_ku,Deteksi godan akhiran く,Verb godan yang berakhir く.,dictionary,godan,く,verb_group == godan AND ends_with(く),classify,,,group = godan_く,書く,かく,kaku,godan_ku,godan_ku,Contoh verb godan.,,,,,true,false,2,https://www.tofugu.com/japanese-grammar/verb-conjugation-groups/,Godan mengubah bunyi akhir sesuai baris kana untuk berbagai bentuk.
vcr_n5_007,N5,engine_support,7,verb_group_detection,detect_godan_gu,Deteksi godan akhiran ぐ,Verb godan yang berakhir ぐ.,dictionary,godan,ぐ,verb_group == godan AND ends_with(ぐ),classify,,,group = godan_ぐ,泳ぐ,およぐ,oyogu,godan_gu,godan_gu,Contoh verb godan.,,,,,true,false,2,https://www.tofugu.com/japanese-grammar/verb-conjugation-groups/,Godan mengubah bunyi akhir sesuai baris kana untuk berbagai bentuk.
vcr_n5_008,N5,engine_support,8,verb_group_detection,detect_godan_su,Deteksi godan akhiran す,Verb godan yang berakhir す.,dictionary,godan,す,verb_group == godan AND ends_with(す),classify,,,group = godan_す,話す,はなす,hanasu,godan_su,godan_su,Contoh verb godan.,,,,,true,false,2,https://www.tofugu.com/japanese-grammar/verb-conjugation-groups/,Godan mengubah bunyi akhir sesuai baris kana untuk berbagai bentuk.
vcr_n5_009,N5,engine_support,9,verb_group_detection,detect_godan_tsu,Deteksi godan akhiran つ,Verb godan yang berakhir つ.,dictionary,godan,つ,verb_group == godan AND ends_with(つ),classify,,,group = godan_つ,待つ,まつ,matsu,godan_tsu,godan_tsu,Contoh verb godan.,,,,,true,false,2,https://www.tofugu.com/japanese-grammar/verb-conjugation-groups/,Godan mengubah bunyi akhir sesuai baris kana untuk berbagai bentuk.
vcr_n5_010,N5,engine_support,10,verb_group_detection,detect_godan_nu,Deteksi godan akhiran ぬ,Verb godan yang berakhir ぬ.,dictionary,godan,ぬ,verb_group == godan AND ends_with(ぬ),classify,,,group = godan_ぬ,死ぬ,しぬ,shinu,godan_nu,godan_nu,Contoh verb godan.,,,,,true,false,2,https://www.tofugu.com/japanese-grammar/verb-conjugation-groups/,Godan mengubah bunyi akhir sesuai baris kana untuk berbagai bentuk.
vcr_n5_011,N5,engine_support,11,verb_group_detection,detect_godan_bu,Deteksi godan akhiran ぶ,Verb godan yang berakhir ぶ.,dictionary,godan,ぶ,verb_group == godan AND ends_with(ぶ),classify,,,group = godan_ぶ,遊ぶ,あそぶ,asobu,godan_bu,godan_bu,Contoh verb godan.,,,,,true,false,2,https://www.tofugu.com/japanese-grammar/verb-conjugation-groups/,Godan mengubah bunyi akhir sesuai baris kana untuk berbagai bentuk.
vcr_n5_012,N5,engine_support,12,verb_group_detection,detect_godan_mu,Deteksi godan akhiran む,Verb godan yang berakhir む.,dictionary,godan,む,verb_group == godan AND ends_with(む),classify,,,group = godan_む,読む,よむ,yomu,godan_mu,godan_mu,Contoh verb godan.,,,,,true,false,2,https://www.tofugu.com/japanese-grammar/verb-conjugation-groups/,Godan mengubah bunyi akhir sesuai baris kana untuk berbagai bentuk.
vcr_n5_013,N5,engine_support,13,verb_group_detection,detect_godan_ru,Deteksi godan akhiran る,Verb godan yang berakhir る.,dictionary,godan,る,verb_group == godan AND ends_with(る),classify,,,group = godan_る,帰る,かえる,kaeru,godan_ru,godan_ru,Contoh verb godan.,,,,,true,false,2,https://www.tofugu.com/japanese-grammar/verb-conjugation-groups/,Godan mengubah bunyi akhir sesuai baris kana untuk berbagai bentuk.
vcr_n5_014,N5,core_n5_conjugation,14,basic_form,dictionary_form,Bentuk kamus,Bentuk dasar/plain non-past affirmative.,dictionary,any,any,any verb,identity,,,dictionary_form,食べる,たべる,taberu,食べる,taberu,Makan.,affirmative,non_past,plain,plain_form|から|ので|前に,true,true,1,https://www.mlcjapanese.co.jp/n5_06_01.html,Dipakai sebagai base input utama.
vcr_n5_015,N5,core_n5_conjugation,15,stem_conversion,masu_stem,ます stem / renyoukei,Stem untuk bentuk sopan dan beberapa pola N5.,dictionary,ichidan,る,verb_group == ichidan AND ending matches る,drop_final_kana,る->,,dictionary -> masu_stem,食べる,たべる,taberu,食べ,tabe,Stem sebelum ます.,neutral,none,neutral,ます|ません|ました|ませんでした|たい|ましょう|ませんか|に行く,true,true,1,https://www.tofugu.com/japanese-grammar/verb-conjugation-groups/,"Untuk 来る, simpan reading_override=き saat menghasilkan きます."
vcr_n5_016,N5,core_n5_conjugation,16,stem_conversion,masu_stem,ます stem / renyoukei,Stem untuk bentuk sopan dan beberapa pola N5.,dictionary,godan,う,verb_group == godan AND ending matches う,replace_last_kana,う->い,,dictionary -> masu_stem,買う,かう,kau,買い,kai,Stem sebelum ます.,neutral,none,neutral,ます|ません|ました|ませんでした|たい|ましょう|ませんか|に行く,true,true,1,https://www.tofugu.com/japanese-grammar/verb-conjugation-groups/,"Untuk 来る, simpan reading_override=き saat menghasilkan きます."
vcr_n5_017,N5,core_n5_conjugation,17,stem_conversion,masu_stem,ます stem / renyoukei,Stem untuk bentuk sopan dan beberapa pola N5.,dictionary,godan,く,verb_group == godan AND ending matches く,replace_last_kana,く->き,,dictionary -> masu_stem,書く,かく,kaku,書き,kaki,Stem sebelum ます.,neutral,none,neutral,ます|ません|ました|ませんでした|たい|ましょう|ませんか|に行く,true,true,1,https://www.tofugu.com/japanese-grammar/verb-conjugation-groups/,"Untuk 来る, simpan reading_override=き saat menghasilkan きます."
vcr_n5_018,N5,core_n5_conjugation,18,stem_conversion,masu_stem,ます stem / renyoukei,Stem untuk bentuk sopan dan beberapa pola N5.,dictionary,godan,ぐ,verb_group == godan AND ending matches ぐ,replace_last_kana,ぐ->ぎ,,dictionary -> masu_stem,泳ぐ,およぐ,oyogu,泳ぎ,oyogi,Stem sebelum ます.,neutral,none,neutral,ます|ません|ました|ませんでした|たい|ましょう|ませんか|に行く,true,true,1,https://www.tofugu.com/japanese-grammar/verb-conjugation-groups/,"Untuk 来る, simpan reading_override=き saat menghasilkan きます."
vcr_n5_019,N5,core_n5_conjugation,19,stem_conversion,masu_stem,ます stem / renyoukei,Stem untuk bentuk sopan dan beberapa pola N5.,dictionary,godan,す,verb_group == godan AND ending matches す,replace_last_kana,す->し,,dictionary -> masu_stem,話す,はなす,hanasu,話し,hanashi,Stem sebelum ます.,neutral,none,neutral,ます|ません|ました|ませんでした|たい|ましょう|ませんか|に行く,true,true,1,https://www.tofugu.com/japanese-grammar/verb-conjugation-groups/,"Untuk 来る, simpan reading_override=き saat menghasilkan きます."
vcr_n5_020,N5,core_n5_conjugation,20,stem_conversion,masu_stem,ます stem / renyoukei,Stem untuk bentuk sopan dan beberapa pola N5.,dictionary,godan,つ,verb_group == godan AND ending matches つ,replace_last_kana,つ->ち,,dictionary -> masu_stem,待つ,まつ,matsu,待ち,machi,Stem sebelum ます.,neutral,none,neutral,ます|ません|ました|ませんでした|たい|ましょう|ませんか|に行く,true,true,1,https://www.tofugu.com/japanese-grammar/verb-conjugation-groups/,"Untuk 来る, simpan reading_override=き saat menghasilkan きます."
vcr_n5_021,N5,core_n5_conjugation,21,stem_conversion,masu_stem,ます stem / renyoukei,Stem untuk bentuk sopan dan beberapa pola N5.,dictionary,godan,ぬ,verb_group == godan AND ending matches ぬ,replace_last_kana,ぬ->に,,dictionary -> masu_stem,死ぬ,しぬ,shinu,死に,shini,Stem sebelum ます.,neutral,none,neutral,ます|ません|ました|ませんでした|たい|ましょう|ませんか|に行く,true,true,1,https://www.tofugu.com/japanese-grammar/verb-conjugation-groups/,"Untuk 来る, simpan reading_override=き saat menghasilkan きます."
vcr_n5_022,N5,core_n5_conjugation,22,stem_conversion,masu_stem,ます stem / renyoukei,Stem untuk bentuk sopan dan beberapa pola N5.,dictionary,godan,ぶ,verb_group == godan AND ending matches ぶ,replace_last_kana,ぶ->び,,dictionary -> masu_stem,遊ぶ,あそぶ,asobu,遊び,asobi,Stem sebelum ます.,neutral,none,neutral,ます|ません|ました|ませんでした|たい|ましょう|ませんか|に行く,true,true,1,https://www.tofugu.com/japanese-grammar/verb-conjugation-groups/,"Untuk 来る, simpan reading_override=き saat menghasilkan きます."
vcr_n5_023,N5,core_n5_conjugation,23,stem_conversion,masu_stem,ます stem / renyoukei,Stem untuk bentuk sopan dan beberapa pola N5.,dictionary,godan,む,verb_group == godan AND ending matches む,replace_last_kana,む->み,,dictionary -> masu_stem,読む,よむ,yomu,読み,yomi,Stem sebelum ます.,neutral,none,neutral,ます|ません|ました|ませんでした|たい|ましょう|ませんか|に行く,true,true,1,https://www.tofugu.com/japanese-grammar/verb-conjugation-groups/,"Untuk 来る, simpan reading_override=き saat menghasilkan きます."
vcr_n5_024,N5,core_n5_conjugation,24,stem_conversion,masu_stem,ます stem / renyoukei,Stem untuk bentuk sopan dan beberapa pola N5.,dictionary,godan,る,verb_group == godan AND ending matches る,replace_last_kana,る->り,,dictionary -> masu_stem,帰る,かえる,kaeru,帰り,kaeri,Stem sebelum ます.,neutral,none,neutral,ます|ません|ました|ませんでした|たい|ましょう|ませんか|に行く,true,true,1,https://www.tofugu.com/japanese-grammar/verb-conjugation-groups/,"Untuk 来る, simpan reading_override=き saat menghasilkan きます."
vcr_n5_025,N5,core_n5_conjugation,25,stem_conversion,masu_stem,ます stem / renyoukei,Stem untuk bentuk sopan dan beberapa pola N5.,dictionary,irregular_suru,する,verb_group == irregular_suru AND ending matches する,replace_whole_word,する->し,,dictionary -> masu_stem,する,する,suru,し,shi,Stem sebelum ます.,neutral,none,neutral,ます|ません|ました|ませんでした|たい|ましょう|ませんか|に行く,true,true,1,https://www.tofugu.com/japanese-grammar/verb-conjugation-groups/,"Untuk 来る, simpan reading_override=き saat menghasilkan きます."
vcr_n5_026,N5,core_n5_conjugation,26,stem_conversion,masu_stem,ます stem / renyoukei,Stem untuk bentuk sopan dan beberapa pola N5.,dictionary,irregular_kuru,来る|くる,verb_group == irregular_kuru AND ending matches 来る|くる,replace_whole_word,来る->来(き),,dictionary -> masu_stem,来る,くる,kuru,来,ki,Stem sebelum ます.,neutral,none,neutral,ます|ません|ました|ませんでした|たい|ましょう|ませんか|に行く,true,true,1,https://www.tofugu.com/japanese-grammar/verb-conjugation-groups/,"Untuk 来る, simpan reading_override=き saat menghasilkan きます."
vcr_n5_027,N5,core_n5_conjugation,27,auxiliary_suffix,masu_form,Bentuk ます,bentuk sopan non-lampau afirmatif,masu_stem,any,any,masu_stem exists,append_suffix,,ます,masu_stem + ます,読む,よむ,yomu,読みます,yomimasu,Membaca.,affirmative,non_past,polite,ます,true,true,1,https://nihongoichiban.com/2011/09/08/japanese-grammar-of-verbs-for-jlpt-n5/,Bisa dijalankan setelah rule masu_stem.
vcr_n5_028,N5,core_n5_conjugation,28,auxiliary_suffix,masen_form,Bentuk ません,bentuk sopan negatif non-lampau,masu_stem,any,any,masu_stem exists,append_suffix,,ません,masu_stem + ません,読む,よむ,yomu,読みません,yomimasen,Membaca.,negative,non_past,polite,ません,true,true,1,https://nihongoichiban.com/2011/09/08/japanese-grammar-of-verbs-for-jlpt-n5/,Bisa dijalankan setelah rule masu_stem.
vcr_n5_029,N5,core_n5_conjugation,29,auxiliary_suffix,mashita_form,Bentuk ました,bentuk sopan lampau afirmatif,masu_stem,any,any,masu_stem exists,append_suffix,,ました,masu_stem + ました,読む,よむ,yomu,読みました,yomimashita,Membaca.,affirmative,past,polite,ました,true,true,1,https://nihongoichiban.com/2011/09/08/japanese-grammar-of-verbs-for-jlpt-n5/,Bisa dijalankan setelah rule masu_stem.
vcr_n5_030,N5,core_n5_conjugation,30,auxiliary_suffix,masen_deshita_form,Bentuk ませんでした,bentuk sopan lampau negatif,masu_stem,any,any,masu_stem exists,append_suffix,,ませんでした,masu_stem + ませんでした,読む,よむ,yomu,読みませんでした,yomimasen deshita,Membaca.,negative,past,polite,ませんでした,true,true,1,https://nihongoichiban.com/2011/09/08/japanese-grammar-of-verbs-for-jlpt-n5/,Bisa dijalankan setelah rule masu_stem.
vcr_n5_031,N5,core_n5_conjugation,31,auxiliary_suffix,mashou_form,Bentuk ましょう,ayo/mari melakukan; ajakan sopan,masu_stem,any,any,masu_stem exists,append_suffix,,ましょう,masu_stem + ましょう,読む,よむ,yomu,読みましょう,yomimashou,Membaca.,affirmative,volitional,polite,ましょう,true,true,1,https://www.mlcjapanese.co.jp/n5_04_08.html,Bisa dijalankan setelah rule masu_stem.
vcr_n5_032,N5,core_n5_conjugation,32,auxiliary_suffix,masenka_form,Bentuk ませんか,ajakan sopan: maukah/kenapa tidak,masu_stem,any,any,masu_stem exists,append_suffix,,ませんか,masu_stem + ませんか,読む,よむ,yomu,読みませんか,yomimasen ka,Membaca.,question,non_past,polite,ませんか,true,true,1,https://www.mlcjapanese.co.jp/n5_04_08.html,Bisa dijalankan setelah rule masu_stem.
vcr_n5_033,N5,core_n5_conjugation,33,auxiliary_suffix,tai_desu_form,Bentuk たいです,ingin melakukan sesuatu,masu_stem,any,any,masu_stem exists,append_suffix,,たいです,masu_stem + たいです,読む,よむ,yomu,読みたいです,yomitai desu,Membaca.,affirmative,non_past,polite,たい,true,true,1,https://www.mlcjapanese.co.jp/n5_04_08.html,Bisa dijalankan setelah rule masu_stem.
vcr_n5_034,N5,core_n5_conjugation,34,plain_negative,nai_form,ない form,bentuk plain negatif non-lampau.,dictionary,ichidan,る,verb_group == ichidan AND ending matches る,drop_final_kana_append,る->,ない,dictionary -> nai_form,食べる,たべる,taberu,食べない,tabenai,Tidak melakukan aksi.,negative,non_past,plain,ない|ないでください|なければなりません|なくてもいい|ないほうがいい,true,true,1,https://www.mlcjapanese.co.jp/n5_06_01.html,"Khusus godan う menjadi わない, bukan あない."
vcr_n5_035,N5,core_n5_conjugation,35,plain_negative,nai_form,ない form,bentuk plain negatif non-lampau.,dictionary,godan,う,verb_group == godan AND ending matches う,replace_last_kana_append,う->わ,ない,dictionary -> nai_form,買う,かう,kau,買わない,kawanai,Tidak melakukan aksi.,negative,non_past,plain,ない|ないでください|なければなりません|なくてもいい|ないほうがいい,true,true,1,https://www.mlcjapanese.co.jp/n5_06_01.html,"Khusus godan う menjadi わない, bukan あない."
vcr_n5_036,N5,core_n5_conjugation,36,plain_negative,nai_form,ない form,bentuk plain negatif non-lampau.,dictionary,godan,く,verb_group == godan AND ending matches く,replace_last_kana_append,く->か,ない,dictionary -> nai_form,書く,かく,kaku,書かない,kakanai,Tidak melakukan aksi.,negative,non_past,plain,ない|ないでください|なければなりません|なくてもいい|ないほうがいい,true,true,1,https://www.mlcjapanese.co.jp/n5_06_01.html,"Khusus godan う menjadi わない, bukan あない."
vcr_n5_037,N5,core_n5_conjugation,37,plain_negative,nai_form,ない form,bentuk plain negatif non-lampau.,dictionary,godan,ぐ,verb_group == godan AND ending matches ぐ,replace_last_kana_append,ぐ->が,ない,dictionary -> nai_form,泳ぐ,およぐ,oyogu,泳がない,oyoganai,Tidak melakukan aksi.,negative,non_past,plain,ない|ないでください|なければなりません|なくてもいい|ないほうがいい,true,true,1,https://www.mlcjapanese.co.jp/n5_06_01.html,"Khusus godan う menjadi わない, bukan あない."
vcr_n5_038,N5,core_n5_conjugation,38,plain_negative,nai_form,ない form,bentuk plain negatif non-lampau.,dictionary,godan,す,verb_group == godan AND ending matches す,replace_last_kana_append,す->さ,ない,dictionary -> nai_form,話す,はなす,hanasu,話さない,hanasanai,Tidak melakukan aksi.,negative,non_past,plain,ない|ないでください|なければなりません|なくてもいい|ないほうがいい,true,true,1,https://www.mlcjapanese.co.jp/n5_06_01.html,"Khusus godan う menjadi わない, bukan あない."
vcr_n5_039,N5,core_n5_conjugation,39,plain_negative,nai_form,ない form,bentuk plain negatif non-lampau.,dictionary,godan,つ,verb_group == godan AND ending matches つ,replace_last_kana_append,つ->た,ない,dictionary -> nai_form,待つ,まつ,matsu,待たない,matanai,Tidak melakukan aksi.,negative,non_past,plain,ない|ないでください|なければなりません|なくてもいい|ないほうがいい,true,true,1,https://www.mlcjapanese.co.jp/n5_06_01.html,"Khusus godan う menjadi わない, bukan あない."
vcr_n5_040,N5,core_n5_conjugation,40,plain_negative,nai_form,ない form,bentuk plain negatif non-lampau.,dictionary,godan,ぬ,verb_group == godan AND ending matches ぬ,replace_last_kana_append,ぬ->な,ない,dictionary -> nai_form,死ぬ,しぬ,shinu,死なない,shinanai,Tidak melakukan aksi.,negative,non_past,plain,ない|ないでください|なければなりません|なくてもいい|ないほうがいい,true,true,1,https://www.mlcjapanese.co.jp/n5_06_01.html,"Khusus godan う menjadi わない, bukan あない."
vcr_n5_041,N5,core_n5_conjugation,41,plain_negative,nai_form,ない form,bentuk plain negatif non-lampau.,dictionary,godan,ぶ,verb_group == godan AND ending matches ぶ,replace_last_kana_append,ぶ->ば,ない,dictionary -> nai_form,遊ぶ,あそぶ,asobu,遊ばない,asobanai,Tidak melakukan aksi.,negative,non_past,plain,ない|ないでください|なければなりません|なくてもいい|ないほうがいい,true,true,1,https://www.mlcjapanese.co.jp/n5_06_01.html,"Khusus godan う menjadi わない, bukan あない."
vcr_n5_042,N5,core_n5_conjugation,42,plain_negative,nai_form,ない form,bentuk plain negatif non-lampau.,dictionary,godan,む,verb_group == godan AND ending matches む,replace_last_kana_append,む->ま,ない,dictionary -> nai_form,読む,よむ,yomu,読まない,yomanai,Tidak melakukan aksi.,negative,non_past,plain,ない|ないでください|なければなりません|なくてもいい|ないほうがいい,true,true,1,https://www.mlcjapanese.co.jp/n5_06_01.html,"Khusus godan う menjadi わない, bukan あない."
vcr_n5_043,N5,core_n5_conjugation,43,plain_negative,nai_form,ない form,bentuk plain negatif non-lampau.,dictionary,godan,る,verb_group == godan AND ending matches る,replace_last_kana_append,る->ら,ない,dictionary -> nai_form,帰る,かえる,kaeru,帰らない,kaeranai,Tidak melakukan aksi.,negative,non_past,plain,ない|ないでください|なければなりません|なくてもいい|ないほうがいい,true,true,1,https://www.mlcjapanese.co.jp/n5_06_01.html,"Khusus godan う menjadi わない, bukan あない."
vcr_n5_044,N5,core_n5_conjugation,44,plain_negative,nai_form,ない form,bentuk plain negatif non-lampau.,dictionary,irregular_suru,する,verb_group == irregular_suru AND ending matches する,replace_whole_word,する->しない,,dictionary -> nai_form,する,する,suru,しない,shinai,Tidak melakukan aksi.,negative,non_past,plain,ない|ないでください|なければなりません|なくてもいい|ないほうがいい,true,true,1,https://www.mlcjapanese.co.jp/n5_06_01.html,"Khusus godan う menjadi わない, bukan あない."
vcr_n5_045,N5,core_n5_conjugation,45,plain_negative,nai_form,ない form,bentuk plain negatif non-lampau.,dictionary,irregular_kuru,来る|くる,verb_group == irregular_kuru AND ending matches 来る|くる,replace_whole_word,来る->来(こ)ない,,dictionary -> nai_form,来る,くる,kuru,来ない,konai,Tidak melakukan aksi.,negative,non_past,plain,ない|ないでください|なければなりません|なくてもいい|ないほうがいい,true,true,1,https://www.mlcjapanese.co.jp/n5_06_01.html,"Khusus godan う menjadi わない, bukan あない."
vcr_n5_046,N5,core_n5_conjugation,46,plain_past_negative,nakatta_form,なかった form,bentuk plain lampau negatif.,nai_form,any,ない,nai_form ends_with ない,replace_suffix,ない->なかった,,replace final ない with なかった,読む,よむ,yomu,読まなかった,yomanakatta,Tidak membaca / belum membaca.,negative,past,plain,plain_past_negative,true,true,1,https://www.mlcjapanese.co.jp/n5_06_01.html,"Lebih aman generate dari nai_form agar irregular ikut benar: しない→しなかった, 来ない→来なかった."
vcr_n5_047,N5,core_n5_conjugation,47,te_ta_conversion,te_form,て form,"bentuk て untuk sambungan, request, progressive, izin, larangan.",dictionary,ichidan,る,verb_group == ichidan AND ending matches る,drop_final_kana_append,る->,て,dictionary -> te_form,食べる,たべる,taberu,食べて,tabete,Bentuk て.,affirmative,non_past,plain,てください|ています|てもいいです|てはいけません|てから,true,true,1,https://www.tofugu.com/japanese-grammar/te-form/,"行く adalah pengecualian: 行って, bukan 行いて."
vcr_n5_048,N5,core_n5_conjugation,48,te_ta_conversion,te_form,て form,"bentuk て untuk sambungan, request, progressive, izin, larangan.",dictionary,godan,う|つ|る,verb_group == godan AND ending matches う|つ|る,replace_last_kana_append,う/つ/る->っ,て,dictionary -> te_form,買う,かう,kau,買って,katte,Bentuk て.,affirmative,non_past,plain,てください|ています|てもいいです|てはいけません|てから,true,true,1,https://www.tofugu.com/japanese-grammar/te-form/,"行く adalah pengecualian: 行って, bukan 行いて."
vcr_n5_049,N5,core_n5_conjugation,49,te_ta_conversion,te_form,て form,"bentuk て untuk sambungan, request, progressive, izin, larangan.",dictionary,godan,む|ぶ|ぬ,verb_group == godan AND ending matches む|ぶ|ぬ,replace_last_kana_append,む/ぶ/ぬ->ん,で,dictionary -> te_form,読む,よむ,yomu,読んで,yonde,Bentuk て.,affirmative,non_past,plain,てください|ています|てもいいです|てはいけません|てから,true,true,1,https://www.tofugu.com/japanese-grammar/te-form/,"行く adalah pengecualian: 行って, bukan 行いて."
vcr_n5_050,N5,core_n5_conjugation,50,te_ta_conversion,te_form,て form,"bentuk て untuk sambungan, request, progressive, izin, larangan.",dictionary,godan,く,verb_group == godan AND ending matches く,replace_last_kana_append,く->い,て,dictionary -> te_form,書く,かく,kaku,書いて,kaite,Bentuk て.,affirmative,non_past,plain,てください|ています|てもいいです|てはいけません|てから,true,true,1,https://www.tofugu.com/japanese-grammar/te-form/,"行く adalah pengecualian: 行って, bukan 行いて."
vcr_n5_051,N5,core_n5_conjugation,51,te_ta_conversion,te_form,て form,"bentuk て untuk sambungan, request, progressive, izin, larangan.",dictionary,godan_exception,行く,verb_group == godan_exception AND ending matches 行く,replace_whole_word,行く->行っ,て,dictionary -> te_form,行く,いく,iku,行って,itte,Bentuk て.,affirmative,non_past,plain,てください|ています|てもいいです|てはいけません|てから,true,true,1,https://www.tofugu.com/japanese-grammar/te-form/,"行く adalah pengecualian: 行って, bukan 行いて."
vcr_n5_052,N5,core_n5_conjugation,52,te_ta_conversion,te_form,て form,"bentuk て untuk sambungan, request, progressive, izin, larangan.",dictionary,godan,ぐ,verb_group == godan AND ending matches ぐ,replace_last_kana_append,ぐ->い,で,dictionary -> te_form,泳ぐ,およぐ,oyogu,泳いで,oyoide,Bentuk て.,affirmative,non_past,plain,てください|ています|てもいいです|てはいけません|てから,true,true,1,https://www.tofugu.com/japanese-grammar/te-form/,"行く adalah pengecualian: 行って, bukan 行いて."
vcr_n5_053,N5,core_n5_conjugation,53,te_ta_conversion,te_form,て form,"bentuk て untuk sambungan, request, progressive, izin, larangan.",dictionary,godan,す,verb_group == godan AND ending matches す,replace_last_kana_append,す->し,て,dictionary -> te_form,話す,はなす,hanasu,話して,hanashite,Bentuk て.,affirmative,non_past,plain,てください|ています|てもいいです|てはいけません|てから,true,true,1,https://www.tofugu.com/japanese-grammar/te-form/,"行く adalah pengecualian: 行って, bukan 行いて."
vcr_n5_054,N5,core_n5_conjugation,54,te_ta_conversion,te_form,て form,"bentuk て untuk sambungan, request, progressive, izin, larangan.",dictionary,irregular_suru,する,verb_group == irregular_suru AND ending matches する,replace_whole_word,する->し,て,dictionary -> te_form,する,する,suru,して,shite,Bentuk て.,affirmative,non_past,plain,てください|ています|てもいいです|てはいけません|てから,true,true,1,https://www.tofugu.com/japanese-grammar/te-form/,"行く adalah pengecualian: 行って, bukan 行いて."
vcr_n5_055,N5,core_n5_conjugation,55,te_ta_conversion,te_form,て form,"bentuk て untuk sambungan, request, progressive, izin, larangan.",dictionary,irregular_kuru,来る|くる,verb_group == irregular_kuru AND ending matches 来る|くる,replace_whole_word,来る->来(き),て,dictionary -> te_form,来る,くる,kuru,来て,kite,Bentuk て.,affirmative,non_past,plain,てください|ています|てもいいです|てはいけません|てから,true,true,1,https://www.tofugu.com/japanese-grammar/te-form/,"行く adalah pengecualian: 行って, bukan 行いて."
vcr_n5_056,N5,core_n5_conjugation,56,te_ta_conversion,ta_form,た form,bentuk plain lampau afirmatif.,dictionary,ichidan,る,verb_group == ichidan AND ending matches る,drop_final_kana_append,る->,た,dictionary -> ta_form,食べる,たべる,taberu,食べた,tabeta,Bentuk lampau plain.,affirmative,past,plain,た|たほうがいい,true,true,1,https://www.mlcjapanese.co.jp/n5_06_01.html,Pattern mirip て form: て/で menjadi た/だ.
vcr_n5_057,N5,core_n5_conjugation,57,te_ta_conversion,ta_form,た form,bentuk plain lampau afirmatif.,dictionary,godan,う|つ|る,verb_group == godan AND ending matches う|つ|る,replace_last_kana_append,う/つ/る->っ,た,dictionary -> ta_form,買う,かう,kau,買った,katta,Bentuk lampau plain.,affirmative,past,plain,た|たほうがいい,true,true,1,https://www.mlcjapanese.co.jp/n5_06_01.html,Pattern mirip て form: て/で menjadi た/だ.
vcr_n5_058,N5,core_n5_conjugation,58,te_ta_conversion,ta_form,た form,bentuk plain lampau afirmatif.,dictionary,godan,む|ぶ|ぬ,verb_group == godan AND ending matches む|ぶ|ぬ,replace_last_kana_append,む/ぶ/ぬ->ん,だ,dictionary -> ta_form,読む,よむ,yomu,読んだ,yonda,Bentuk lampau plain.,affirmative,past,plain,た|たほうがいい,true,true,1,https://www.mlcjapanese.co.jp/n5_06_01.html,Pattern mirip て form: て/で menjadi た/だ.
vcr_n5_059,N5,core_n5_conjugation,59,te_ta_conversion,ta_form,た form,bentuk plain lampau afirmatif.,dictionary,godan,く,verb_group == godan AND ending matches く,replace_last_kana_append,く->い,た,dictionary -> ta_form,書く,かく,kaku,書いた,kaita,Bentuk lampau plain.,affirmative,past,plain,た|たほうがいい,true,true,1,https://www.mlcjapanese.co.jp/n5_06_01.html,Pattern mirip て form: て/で menjadi た/だ.
vcr_n5_060,N5,core_n5_conjugation,60,te_ta_conversion,ta_form,た form,bentuk plain lampau afirmatif.,dictionary,godan_exception,行く,verb_group == godan_exception AND ending matches 行く,replace_whole_word,行く->行っ,た,dictionary -> ta_form,行く,いく,iku,行った,itta,Bentuk lampau plain.,affirmative,past,plain,た|たほうがいい,true,true,1,https://www.mlcjapanese.co.jp/n5_06_01.html,Pattern mirip て form: て/で menjadi た/だ.
vcr_n5_061,N5,core_n5_conjugation,61,te_ta_conversion,ta_form,た form,bentuk plain lampau afirmatif.,dictionary,godan,ぐ,verb_group == godan AND ending matches ぐ,replace_last_kana_append,ぐ->い,だ,dictionary -> ta_form,泳ぐ,およぐ,oyogu,泳いだ,oyoida,Bentuk lampau plain.,affirmative,past,plain,た|たほうがいい,true,true,1,https://www.mlcjapanese.co.jp/n5_06_01.html,Pattern mirip て form: て/で menjadi た/だ.
vcr_n5_062,N5,core_n5_conjugation,62,te_ta_conversion,ta_form,た form,bentuk plain lampau afirmatif.,dictionary,godan,す,verb_group == godan AND ending matches す,replace_last_kana_append,す->し,た,dictionary -> ta_form,話す,はなす,hanasu,話した,hanashita,Bentuk lampau plain.,affirmative,past,plain,た|たほうがいい,true,true,1,https://www.mlcjapanese.co.jp/n5_06_01.html,Pattern mirip て form: て/で menjadi た/だ.
vcr_n5_063,N5,core_n5_conjugation,63,te_ta_conversion,ta_form,た form,bentuk plain lampau afirmatif.,dictionary,irregular_suru,する,verb_group == irregular_suru AND ending matches する,replace_whole_word,する->し,た,dictionary -> ta_form,する,する,suru,した,shita,Bentuk lampau plain.,affirmative,past,plain,た|たほうがいい,true,true,1,https://www.mlcjapanese.co.jp/n5_06_01.html,Pattern mirip て form: て/で menjadi た/だ.
vcr_n5_064,N5,core_n5_conjugation,64,te_ta_conversion,ta_form,た form,bentuk plain lampau afirmatif.,dictionary,irregular_kuru,来る|くる,verb_group == irregular_kuru AND ending matches 来る|くる,replace_whole_word,来る->来(き),た,dictionary -> ta_form,来る,くる,kuru,来た,kita,Bentuk lampau plain.,affirmative,past,plain,た|たほうがいい,true,true,1,https://www.mlcjapanese.co.jp/n5_06_01.html,Pattern mirip て form: て/で menjadi た/だ.
vcr_n5_065,N5,core_n5_pattern,65,n5_grammar_pattern,te_kudasai_form,てください,tolong lakukan,te_form,any,any,te_form exists,append_suffix,,ください,te_form + ください,読む,よむ,yomu,読んでください,yonde kudasai,Membaca.,positive_request,non_past,polite,てください,true,true,2,https://jlptsensei.com/learn-japanese-grammar/%E3%81%A6%E3%81%8F%E3%81%A0%E3%81%95%E3%81%84-te-kudasai-meaning/,Request sopan.
vcr_n5_066,N5,core_n5_pattern,66,n5_grammar_pattern,te_imasu_form,ています,sedang melakukan / keadaan hasil,te_form,any,any,te_form exists,append_suffix,,います,te_form + います,読む,よむ,yomu,読んでいます,yonde imasu,Membaca.,affirmative,progressive_or_result_state,polite,ています,true,true,2,https://nihongoichiban.com/2011/09/08/japanese-grammar-of-verbs-for-jlpt-n5/,N5 basic progressive.
vcr_n5_067,N5,core_n5_pattern,67,n5_grammar_pattern,te_imashita_form,ていました,sedang melakukan di masa lampau,te_form,any,any,te_form exists,append_suffix,,いました,te_form + いました,読む,よむ,yomu,読んでいました,yonde imashita,Membaca.,affirmative,past_progressive,polite,ていました,true,true,2,https://nihongoichiban.com/2011/09/08/japanese-grammar-of-verbs-for-jlpt-n5/,Derived dari ています.
vcr_n5_068,N5,core_n5_pattern,68,n5_grammar_pattern,te_mo_ii_form,てもいいです,boleh melakukan,te_form,any,any,te_form exists,append_suffix,,もいいです,te_form + もいいです,読む,よむ,yomu,読んでもいいです,yonde mo ii desu,Membaca.,permission,non_past,polite,てもいいです,true,true,2,https://nihongoichiban.com/2011/09/08/japanese-grammar-of-verbs-for-jlpt-n5/,Izin.
vcr_n5_069,N5,core_n5_pattern,69,n5_grammar_pattern,te_wa_ikemasen_form,てはいけません,tidak boleh melakukan,te_form,any,any,te_form exists,append_suffix,,はいけません,te_form + はいけません,読む,よむ,yomu,読んではいけません,yonde wa ikemasen,Membaca.,prohibition,non_past,polite,てはいけません,true,true,2,https://nihongoichiban.com/2011/09/08/japanese-grammar-of-verbs-for-jlpt-n5/,Larangan sopan.
vcr_n5_070,N5,core_n5_pattern,70,n5_grammar_pattern,nai_de_kudasai_form,ないでください,tolong jangan melakukan,nai_form,any,any,nai_form exists,append_suffix,,でください,nai_form + でください,読む,よむ,yomu,読まないでください,yomanai de kudasai,Membaca.,negative_request,non_past,polite,ないでください,true,true,2,https://nihongoichiban.com/2011/09/08/japanese-grammar-of-verbs-for-jlpt-n5/,Request negatif.
vcr_n5_071,N5,core_n5_pattern,71,n5_grammar_pattern,nakereba_narimasen_form,なければなりません,harus melakukan,nai_form,any,any,nai_form exists,replace_suffix,,なければなりません,replace ない with なければなりません,読む,よむ,yomu,読まなければなりません,yomanakereba narimasen,Membaca.,obligation,non_past,polite,なければなりません,true,true,2,https://nihongoichiban.com/2011/09/08/japanese-grammar-of-verbs-for-jlpt-n5/,Obligation N5/N4 foundational; useful untuk app beginner.
vcr_n5_072,N5,core_n5_pattern,72,n5_grammar_pattern,nakute_mo_ii_form,なくてもいいです,tidak perlu melakukan / boleh tidak,nai_form,any,any,nai_form exists,replace_suffix,,なくてもいいです,replace ない with なくてもいいです,読む,よむ,yomu,読まなくてもいいです,yomanakute mo ii desu,Membaca.,permission_negative,non_past,polite,なくてもいいです,true,true,2,https://nihongoichiban.com/2011/09/08/japanese-grammar-of-verbs-for-jlpt-n5/,Permission negatif.
vcr_n5_073,N5,core_n5_pattern,73,n5_grammar_pattern,ta_hou_ga_ii_form,たほうがいいです,sebaiknya melakukan,ta_form,any,any,ta_form exists,append_suffix,,ほうがいいです,ta_form + ほうがいいです,読む,よむ,yomu,読んだほうがいいです,yonda hou ga ii desu,Membaca.,advice,non_past,polite,たほうがいい,true,true,2,https://nihongoichiban.com/2011/09/08/japanese-grammar-of-verbs-for-jlpt-n5/,Saran positif.
vcr_n5_074,N5,core_n5_pattern,74,n5_grammar_pattern,nai_hou_ga_ii_form,ないほうがいいです,sebaiknya tidak melakukan,nai_form,any,any,nai_form exists,append_suffix,,ほうがいいです,nai_form + ほうがいいです,読む,よむ,yomu,読まないほうがいいです,yomanai hou ga ii desu,Membaca.,advice_negative,non_past,polite,ないほうがいい,true,true,2,https://nihongoichiban.com/2011/09/08/japanese-grammar-of-verbs-for-jlpt-n5/,Saran negatif.
vcr_n5_075,N5,core_n5_pattern,75,n5_grammar_pattern,ni_ikimasu_form,に行きます,pergi untuk melakukan,masu_stem,any,any,masu_stem exists,append_suffix,,に行きます,masu_stem + に行きます,読む,よむ,yomu,読みに行きます,yomi ni ikimasu,Membaca.,purpose,non_past,polite,に行く,true,true,2,https://nihongoichiban.com/2011/09/08/japanese-grammar-of-verbs-for-jlpt-n5/,Pakai masu stem tanpa ます.
vcr_n5_076,N4+,boundary_reference,76,out_of_scope,plain_volitional_form,plain volitional,bentuk ajakan plain; biasanya setelah N5,masu_stem/godan_o_stem,any,any,not recommended for N5 MVP,out_of_scope,,う/よう,godan o-row + う / ichidan stem + よう,読む,よむ,yomu,読もう,yomou,Membaca.,varies,varies,plain,N4+,false,false,9,https://www.tofugu.com/japanese-grammar/verb-conjugation-groups/,Disimpan sebagai boundary agar roadmap tidak kebablasan.
vcr_n5_077,N4+,boundary_reference,77,out_of_scope,potential_form,potential,bisa/mampu melakukan; biasanya setelah N5,dictionary,any,any,not recommended for N5 MVP,out_of_scope,,れる/られる,not in core N5 seed,読む,よむ,yomu,読める,yomeru,Membaca.,varies,varies,plain,N4+,false,false,9,https://www.tofugu.com/japanese-grammar/verb-conjugation-groups/,Disimpan sebagai boundary agar roadmap tidak kebablasan.
vcr_n5_078,N4+,boundary_reference,78,out_of_scope,passive_form,passive,pasif; bukan prioritas N5,dictionary,any,any,not recommended for N5 MVP,out_of_scope,,れる/られる,not in core N5 seed,読む,よむ,yomu,読まれる,yomareru,Membaca.,varies,varies,plain,N4+,false,false,9,https://www.tofugu.com/japanese-grammar/verb-conjugation-groups/,Disimpan sebagai boundary agar roadmap tidak kebablasan.
