id,jlpt_level,set_type,display_order,grammar_point,reading_kana,romaji,meaning_id,meaning_en,category_id,lesson_group,structure_pattern,usage_explanation_id,example_jp,example_romaji,example_meaning_id,practice_type,practice_prompt_id,practice_answer,related_points,confusable_with,formality,polarity,register,difficulty_order,tags,is_core_n5,recommended_for_quiz,illustration_path,audio_path,source_basis,source_url,notes
grm_n5_001,N5,core_84_common_n5,1,ちゃいけない・じゃいけない,ちゃいけない・じゃいけない,cha ikenai / ja ikenai,tidak boleh melakukan,must not do,prohibition,requests_rules,Vて → Vちゃいけない / Vで → Vじゃいけない,"Bentuk santai untuk larangan. Cocok di percakapan, tapi untuk web pemula tetap beri label kasual.",ここで写真を撮っちゃいけません。,Koko de shashin o totcha ikemasen.,Tidak boleh mengambil foto di sini.,fill_blank,ここで写真を____いけません。,撮っちゃ,てはいけない,ないでください,casual,negative,spoken,1,"te-form,prohibition",True,True,/assets/grammar/n5/001/illustration.svg,/assets/audio/grammar/n5/001/example.mp3,JLPTsensei common 84 grammar study-list,https://jlptsensei.com/jlpt-n5-grammar-list/,"Study-list item, not an official JLPT-published grammar specification."
grm_n5_002,N5,core_84_common_n5,2,だ / です,だ / です,da / desu,adalah; menjadi kopula,to be; copula,copula,basic_sentence,N + だ / です,Dipakai untuk menyatakan identitas atau keadaan. です lebih sopan daripada だ.,私は学生です。,Watashi wa gakusei desu.,Saya adalah pelajar.,fill_blank,私は学生____。,です,じゃない・ではない,,polite/plain,affirmative,neutral,2,"copula,basic",True,True,/assets/grammar/n5/002/illustration.svg,/assets/audio/grammar/n5/002/example.mp3,JLPTsensei common 84 grammar study-list,https://jlptsensei.com/jlpt-n5-grammar-list/,"Study-list item, not an official JLPT-published grammar specification."
grm_n5_003,N5,core_84_common_n5,3,だけ,だけ,dake,hanya; cuma,only; just,limitation,basic_expression,N / jumlah / klausa + だけ,Membatasi makna menjadi satu hal atau jumlah tertentu.,水だけ飲みます。,Mizu dake nomimasu.,Saya hanya minum air.,multiple_choice,「hanya air」 = 水____,だけ,しか,,neutral,affirmative,neutral,3,limitation,True,True,/assets/grammar/n5/003/illustration.svg,/assets/audio/grammar/n5/003/example.mp3,JLPTsensei common 84 grammar study-list,https://jlptsensei.com/jlpt-n5-grammar-list/,"Study-list item, not an official JLPT-published grammar specification."
grm_n5_004,N5,core_84_common_n5,4,だろう,だろう,darou,mungkin; barangkali,probably; I think,modality,sentence_ending,Bentuk biasa + だろう,Menyatakan dugaan. Lebih kasual daripada でしょう.,明日は雨だろう。,Ashita wa ame darou.,Besok mungkin hujan.,fill_blank,明日は雨____。,だろう,でしょう,,plain,affirmative,spoken,4,"guess,modality",True,True,/assets/grammar/n5/004/illustration.svg,/assets/audio/grammar/n5/004/example.mp3,JLPTsensei common 84 grammar study-list,https://jlptsensei.com/jlpt-n5-grammar-list/,"Study-list item, not an official JLPT-published grammar specification."
grm_n5_005,N5,core_84_common_n5,5,で,で,de,di; dengan; memakai,at/in; by/with,particle,particles,Tempat/alat/cara + で,Menandai tempat aksi atau alat/cara melakukan sesuatu.,図書館で勉強します。,Toshokan de benkyou shimasu.,Saya belajar di perpustakaan.,fill_blank,図書館____勉強します。,で,に,,neutral,affirmative,neutral,5,"particle,location,means",True,True,/assets/grammar/n5/005/illustration.svg,/assets/audio/grammar/n5/005/example.mp3,JLPTsensei common 84 grammar study-list,https://jlptsensei.com/jlpt-n5-grammar-list/,"Study-list item, not an official JLPT-published grammar specification."
grm_n5_006,N5,core_84_common_n5,6,でも,でも,demo,tetapi; namun,but; however,connector,connectors,Kalimat. でも kalimat.,Konjungsi untuk menyambung ide yang berlawanan.,雨です。でも行きます。,Ame desu. Demo ikimasu.,Hujan. Tapi saya pergi.,multiple_choice,Pilih arti でも,tetapi,しかし,けれども,neutral,affirmative,neutral,6,"connector,contrast",True,True,/assets/grammar/n5/006/illustration.svg,/assets/audio/grammar/n5/006/example.mp3,JLPTsensei common 84 grammar study-list,https://jlptsensei.com/jlpt-n5-grammar-list/,"Study-list item, not an official JLPT-published grammar specification."
grm_n5_007,N5,core_84_common_n5,7,でしょう,でしょう,deshou,mungkin; kan?,probably; right?,modality,sentence_ending,Bentuk biasa + でしょう,Menyatakan dugaan atau meminta persetujuan dengan nuansa sopan.,明日は暑いでしょう。,Ashita wa atsui deshou.,Besok mungkin panas.,fill_blank,明日は暑い____。,でしょう,だろう,,polite,affirmative,neutral,7,"guess,modality",True,True,/assets/grammar/n5/007/illustration.svg,/assets/audio/grammar/n5/007/example.mp3,JLPTsensei common 84 grammar study-list,https://jlptsensei.com/jlpt-n5-grammar-list/,"Study-list item, not an official JLPT-published grammar specification."
grm_n5_008,N5,core_84_common_n5,8,どんな,どんな,donna,seperti apa; jenis apa,what kind of,question_word,questions,どんな + N,Menanyakan jenis atau sifat suatu benda/orang.,どんな本が好きですか。,Donna hon ga suki desu ka.,Kamu suka buku seperti apa?,fill_blank,____本が好きですか。,どんな,どの,,neutral,question,neutral,8,question,True,True,/assets/grammar/n5/008/illustration.svg,/assets/audio/grammar/n5/008/example.mp3,JLPTsensei common 84 grammar study-list,https://jlptsensei.com/jlpt-n5-grammar-list/,"Study-list item, not an official JLPT-published grammar specification."
grm_n5_009,N5,core_84_common_n5,9,どうして,どうして,doushite,kenapa; mengapa,why; how come,question_word,questions,どうして + kalimat,Menanyakan alasan.,どうして来ませんか。,Doushite kimasen ka.,Kenapa tidak datang?,fill_blank,____来ませんか。,どうして,なぜ,,neutral,question,neutral,9,"question,reason",True,True,/assets/grammar/n5/009/illustration.svg,/assets/audio/grammar/n5/009/example.mp3,JLPTsensei common 84 grammar study-list,https://jlptsensei.com/jlpt-n5-grammar-list/,"Study-list item, not an official JLPT-published grammar specification."
grm_n5_010,N5,core_84_common_n5,10,どうやって,どうやって,douyatte,bagaimana caranya,how; by what means,question_word,questions,どうやって + kata kerja,Menanyakan cara atau metode.,どうやって駅へ行きますか。,Douyatte eki e ikimasu ka.,Bagaimana cara pergi ke stasiun?,fill_blank,____駅へ行きますか。,どうやって,どうして,,neutral,question,neutral,10,"question,method",True,True,/assets/grammar/n5/010/illustration.svg,/assets/audio/grammar/n5/010/example.mp3,JLPTsensei common 84 grammar study-list,https://jlptsensei.com/jlpt-n5-grammar-list/,"Study-list item, not an official JLPT-published grammar specification."
grm_n5_011,N5,core_84_common_n5,11,が,が,ga,penanda subjek; tetapi,subject marker; but,particle,particles,N + が / klausa + が,"Menandai subjek, fokus informasi baru, atau menyambung klausa dengan arti 'tetapi'.",猫がいます。,Neko ga imasu.,Ada kucing.,fill_blank,猫____います。,が,は,,neutral,affirmative,neutral,11,"particle,subject",True,True,/assets/grammar/n5/011/illustration.svg,/assets/audio/grammar/n5/011/example.mp3,JLPTsensei common 84 grammar study-list,https://jlptsensei.com/jlpt-n5-grammar-list/,"Study-list item, not an official JLPT-published grammar specification."
grm_n5_012,N5,core_84_common_n5,12,があります,があります,ga arimasu,ada untuk benda mati,there is; non-living existence,existence,existence,Tempat + に + N + があります,Dipakai untuk keberadaan benda mati atau hal abstrak.,机の上に本があります。,Tsukue no ue ni hon ga arimasu.,Ada buku di atas meja.,fill_blank,本____あります。,が,がいます,,polite,affirmative,neutral,12,existence,True,True,/assets/grammar/n5/012/illustration.svg,/assets/audio/grammar/n5/012/example.mp3,JLPTsensei common 84 grammar study-list,https://jlptsensei.com/jlpt-n5-grammar-list/,"Study-list item, not an official JLPT-published grammar specification."
grm_n5_013,N5,core_84_common_n5,13,がほしい,がほしい,ga hoshii,ingin sesuatu,want something,desire,desire,N + が + ほしい,Menyatakan keinginan memiliki sesuatu.,新しいかばんがほしいです。,Atarashii kaban ga hoshii desu.,Saya ingin tas baru.,fill_blank,新しいかばん____ほしいです。,が,たい,,polite,affirmative,neutral,13,desire,True,True,/assets/grammar/n5/013/illustration.svg,/assets/audio/grammar/n5/013/example.mp3,JLPTsensei common 84 grammar study-list,https://jlptsensei.com/jlpt-n5-grammar-list/,"Study-list item, not an official JLPT-published grammar specification."
grm_n5_014,N5,core_84_common_n5,14,がいます,がいます,ga imasu,ada untuk makhluk hidup,there is; living existence,existence,existence,Tempat + に + N + がいます,Dipakai untuk keberadaan orang atau hewan.,教室に先生がいます。,Kyoushitsu ni sensei ga imasu.,Ada guru di kelas.,fill_blank,先生____います。,が,があります,,polite,affirmative,neutral,14,existence,True,True,/assets/grammar/n5/014/illustration.svg,/assets/audio/grammar/n5/014/example.mp3,JLPTsensei common 84 grammar study-list,https://jlptsensei.com/jlpt-n5-grammar-list/,"Study-list item, not an official JLPT-published grammar specification."
grm_n5_015,N5,core_84_common_n5,15,ほうがいい,ほうがいい,hou ga ii,lebih baik; sebaiknya,had better; should,advice,advice,Vた / Vない + ほうがいい,"Memberi saran. Vたほうがいい untuk sebaiknya melakukan, Vないほうがいい untuk sebaiknya tidak.",早く寝たほうがいいです。,Hayaku neta hou ga ii desu.,Sebaiknya tidur lebih awal.,fill_blank,早く寝た____がいいです。,ほう,たほうがいい,ないほうがいい,polite/plain,affirmative/negative,neutral,15,advice,True,True,/assets/grammar/n5/015/illustration.svg,/assets/audio/grammar/n5/015/example.mp3,JLPTsensei common 84 grammar study-list,https://jlptsensei.com/jlpt-n5-grammar-list/,"Study-list item, not an official JLPT-published grammar specification."
grm_n5_016,N5,core_84_common_n5,16,い-adjectives,い-adjectives,i-adjectives,kata sifat-i,i-adjectives,adjective,adjectives,い-adj + N / い-adj + です,Kata sifat yang biasanya berakhir dengan い dan langsung menerangkan noun.,高い本です。,Takai hon desu.,Ini buku mahal.,identify,高い termasuk jenis apa?,い-adjective,な-adjectives,,neutral,affirmative,neutral,16,adjective,True,True,/assets/grammar/n5/016/illustration.svg,/assets/audio/grammar/n5/016/example.mp3,JLPTsensei common 84 grammar study-list,https://jlptsensei.com/jlpt-n5-grammar-list/,"Study-list item, not an official JLPT-published grammar specification."
grm_n5_017,N5,core_84_common_n5,17,一番,いちばん,ichiban,paling; nomor satu,the most; best,superlative,comparisons,N / kelompok + で + 一番 + kata sifat,Menyatakan yang paling dalam suatu kelompok.,日本語が一番好きです。,Nihongo ga ichiban suki desu.,Saya paling suka bahasa Jepang.,fill_blank,日本語が____好きです。,一番,より,,polite,affirmative,neutral,17,"comparison,superlative",True,True,/assets/grammar/n5/017/illustration.svg,/assets/audio/grammar/n5/017/example.mp3,JLPTsensei common 84 grammar study-list,https://jlptsensei.com/jlpt-n5-grammar-list/,"Study-list item, not an official JLPT-published grammar specification."
grm_n5_018,N5,core_84_common_n5,18,一緒に,いっしょに,issho ni,bersama-sama,together,adverbial,social,一緒に + kata kerja,Menunjukkan melakukan sesuatu bersama orang lain.,一緒に勉強しましょう。,Issho ni benkyou shimashou.,Ayo belajar bersama.,fill_blank,____勉強しましょう。,一緒に,,,polite,affirmative,neutral,18,"adverb,social",True,True,/assets/grammar/n5/018/illustration.svg,/assets/audio/grammar/n5/018/example.mp3,JLPTsensei common 84 grammar study-list,https://jlptsensei.com/jlpt-n5-grammar-list/,"Study-list item, not an official JLPT-published grammar specification."
grm_n5_019,N5,core_84_common_n5,19,いつも,いつも,itsumo,selalu; biasanya,always; usually,adverb,frequency,いつも + kata kerja/kata sifat,Menunjukkan kebiasaan atau frekuensi tinggi.,いつも七時に起きます。,Itsumo shichi-ji ni okimasu.,Saya selalu bangun jam tujuh.,fill_blank,____七時に起きます。,いつも,よく,,polite,affirmative,neutral,19,frequency,True,True,/assets/grammar/n5/019/illustration.svg,/assets/audio/grammar/n5/019/example.mp3,JLPTsensei common 84 grammar study-list,https://jlptsensei.com/jlpt-n5-grammar-list/,"Study-list item, not an official JLPT-published grammar specification."
grm_n5_020,N5,core_84_common_n5,20,じゃない・ではない,じゃない・ではない,janai / dewa nai,bukan; tidak menjadi,is not; are not,copula_negative,basic_sentence,N/な-adj + じゃない / ではない,Bentuk negatif dari だ/です. ではない lebih formal daripada じゃない.,私は先生じゃないです。,Watashi wa sensei janai desu.,Saya bukan guru.,fill_blank,私は先生____です。,じゃない,だ / です,,polite/plain,negative,neutral,20,"copula,negative",True,True,/assets/grammar/n5/020/illustration.svg,/assets/audio/grammar/n5/020/example.mp3,JLPTsensei common 84 grammar study-list,https://jlptsensei.com/jlpt-n5-grammar-list/,"Study-list item, not an official JLPT-published grammar specification."
grm_n5_021,N5,core_84_common_n5,21,か,か,ka,penanda pertanyaan,question marker,particle,questions,Kalimat + か,"Membuat kalimat menjadi pertanyaan, terutama dalam bentuk sopan.",学生ですか。,Gakusei desu ka.,Apakah kamu pelajar?,fill_blank,学生です____。,か,,,polite,question,neutral,21,"particle,question",True,True,/assets/grammar/n5/021/illustration.svg,/assets/audio/grammar/n5/021/example.mp3,JLPTsensei common 84 grammar study-list,https://jlptsensei.com/jlpt-n5-grammar-list/,"Study-list item, not an official JLPT-published grammar specification."
grm_n5_022,N5,core_84_common_n5,22,か～か,か～か,ka~ka,atau,or,connector,choices,A か B,Menandai pilihan antara dua opsi.,コーヒーかお茶を飲みます。,Koohii ka ocha o nomimasu.,Saya minum kopi atau teh.,fill_blank,コーヒー____お茶を飲みます。,か,や,と,neutral,affirmative,neutral,22,choice,True,True,/assets/grammar/n5/022/illustration.svg,/assets/audio/grammar/n5/022/example.mp3,JLPTsensei common 84 grammar study-list,https://jlptsensei.com/jlpt-n5-grammar-list/,"Study-list item, not an official JLPT-published grammar specification."
grm_n5_023,N5,core_84_common_n5,23,から,から,kara,karena; dari,because; from,particle_connector,reason_time_place,Klausa + から / N + から,Menunjukkan alasan atau titik awal waktu/tempat.,暑いから窓を開けます。,Atsui kara mado o akemasu.,"Karena panas, saya membuka jendela.",fill_blank,暑い____窓を開けます。,から,ので,,neutral,affirmative,neutral,23,"reason,from",True,True,/assets/grammar/n5/023/illustration.svg,/assets/audio/grammar/n5/023/example.mp3,JLPTsensei common 84 grammar study-list,https://jlptsensei.com/jlpt-n5-grammar-list/,"Study-list item, not an official JLPT-published grammar specification."
grm_n5_024,N5,core_84_common_n5,24,方,かた,kata,cara melakukan,way of doing,nominalization,how_to,Batang kata kerja + 方,Mengubah kata kerja menjadi 'cara melakukan sesuatu'.,漢字の書き方を教えてください。,Kanji no kakikata o oshiete kudasai.,Tolong ajari cara menulis kanji.,fill_blank,漢字の書き____を教えてください。,方,どうやって,,polite,affirmative,neutral,24,how-to,True,True,/assets/grammar/n5/024/illustration.svg,/assets/audio/grammar/n5/024/example.mp3,JLPTsensei common 84 grammar study-list,https://jlptsensei.com/jlpt-n5-grammar-list/,"Study-list item, not an official JLPT-published grammar specification."
grm_n5_025,N5,core_84_common_n5,25,けど,けど,kedo,tetapi; meskipun,but; although,connector,connectors,Klausa + けど + klausa,Menghubungkan dua klausa dengan kontras. Lebih kasual dari けれども.,雨ですけど行きます。,Ame desu kedo ikimasu.,"Hujan, tapi saya pergi.",fill_blank,雨です____行きます。,けど,が,でも,neutral,affirmative,spoken,25,contrast,True,True,/assets/grammar/n5/025/illustration.svg,/assets/audio/grammar/n5/025/example.mp3,JLPTsensei common 84 grammar study-list,https://jlptsensei.com/jlpt-n5-grammar-list/,"Study-list item, not an official JLPT-published grammar specification."
grm_n5_026,N5,core_84_common_n5,26,けれども,けれども,keredomo,tetapi; meskipun,but; although,connector,connectors,Klausa + けれども + klausa,Versi lebih formal/panjang dari けど untuk menyatakan kontras.,難しいけれども楽しいです。,Muzukashii keredomo tanoshii desu.,"Sulit, tetapi menyenangkan.",fill_blank,難しい____楽しいです。,けれども,けど,,neutral,affirmative,neutral,26,contrast,True,True,/assets/grammar/n5/026/illustration.svg,/assets/audio/grammar/n5/026/example.mp3,JLPTsensei common 84 grammar study-list,https://jlptsensei.com/jlpt-n5-grammar-list/,"Study-list item, not an official JLPT-published grammar specification."
grm_n5_027,N5,core_84_common_n5,27,まだ,まだ,mada,masih; belum,still; not yet,adverb,time,まだ + predikat,Menunjukkan keadaan masih berlangsung atau belum selesai.,まだ宿題があります。,Mada shukudai ga arimasu.,Masih ada PR.,fill_blank,____宿題があります。,まだ,もう,,neutral,affirmative/negative,neutral,27,time,True,True,/assets/grammar/n5/027/illustration.svg,/assets/audio/grammar/n5/027/example.mp3,JLPTsensei common 84 grammar study-list,https://jlptsensei.com/jlpt-n5-grammar-list/,"Study-list item, not an official JLPT-published grammar specification."
grm_n5_028,N5,core_84_common_n5,28,まだ～ていません,まだ～ていません,mada ~te imasen,belum melakukan,have not yet done,time_aspect,te_form,まだ + Vて + いません,Menyatakan sesuatu belum dilakukan sampai sekarang.,まだ昼ご飯を食べていません。,Mada hirugohan o tabete imasen.,Saya belum makan siang.,fill_blank,まだ昼ご飯を食べ____。,ていません,もう～ました,,polite,negative,neutral,28,"time,te-form",True,True,/assets/grammar/n5/028/illustration.svg,/assets/audio/grammar/n5/028/example.mp3,JLPTsensei common 84 grammar study-list,https://jlptsensei.com/jlpt-n5-grammar-list/,"Study-list item, not an official JLPT-published grammar specification."
grm_n5_029,N5,core_84_common_n5,29,まで,まで,made,sampai; hingga,until; up to,particle,time_place,N/waktu/tempat + まで,Menandai batas akhir waktu atau tempat.,五時まで勉強します。,Go-ji made benkyou shimasu.,Saya belajar sampai jam lima.,fill_blank,五時____勉強します。,まで,から,,neutral,affirmative,neutral,29,until,True,True,/assets/grammar/n5/029/illustration.svg,/assets/audio/grammar/n5/029/example.mp3,JLPTsensei common 84 grammar study-list,https://jlptsensei.com/jlpt-n5-grammar-list/,"Study-list item, not an official JLPT-published grammar specification."
grm_n5_030,N5,core_84_common_n5,30,前に,まえに,mae ni,sebelum; di depan,before; in front of,time_place,sequence,V bentuk kamus / N + の + 前に,Menyatakan sebelum melakukan sesuatu atau posisi di depan.,食べる前に手を洗います。,Taberu mae ni te o araimasu.,Saya mencuci tangan sebelum makan.,fill_blank,食べる____手を洗います。,前に,後で,,polite,affirmative,neutral,30,before,True,True,/assets/grammar/n5/030/illustration.svg,/assets/audio/grammar/n5/030/example.mp3,JLPTsensei common 84 grammar study-list,https://jlptsensei.com/jlpt-n5-grammar-list/,"Study-list item, not an official JLPT-published grammar specification."
grm_n5_031,N5,core_84_common_n5,31,ませんか,ませんか,masen ka,maukah; bagaimana kalau,won't you; invitation,invitation,requests,Vます-batang + ませんか,Mengajak atau menawarkan sesuatu dengan sopan.,映画を見ませんか。,Eiga o mimasen ka.,Maukah menonton film?,fill_blank,映画を見____。,ませんか,ましょうか,,polite,question,neutral,31,invitation,True,True,/assets/grammar/n5/031/illustration.svg,/assets/audio/grammar/n5/031/example.mp3,JLPTsensei common 84 grammar study-list,https://jlptsensei.com/jlpt-n5-grammar-list/,"Study-list item, not an official JLPT-published grammar specification."
grm_n5_032,N5,core_84_common_n5,32,ましょう,ましょう,mashou,ayo; mari,let's,invitation,requests,Vます-batang + ましょう,Mengajak melakukan sesuatu bersama.,行きましょう。,Ikimashou.,Ayo pergi.,fill_blank,一緒に行き____。,ましょう,ませんか,,polite,affirmative,neutral,32,invitation,True,True,/assets/grammar/n5/032/illustration.svg,/assets/audio/grammar/n5/032/example.mp3,JLPTsensei common 84 grammar study-list,https://jlptsensei.com/jlpt-n5-grammar-list/,"Study-list item, not an official JLPT-published grammar specification."
grm_n5_033,N5,core_84_common_n5,33,ましょうか,ましょうか,mashou ka,boleh saya; shall I,shall I; offer help,offer,requests,Vます-batang + ましょうか,Menawarkan bantuan atau tindakan kepada lawan bicara.,窓を開けましょうか。,Mado o akemashou ka.,Boleh saya buka jendela?,fill_blank,窓を開け____。,ましょうか,ませんか,,polite,question,neutral,33,offer,True,True,/assets/grammar/n5/033/illustration.svg,/assets/audio/grammar/n5/033/example.mp3,JLPTsensei common 84 grammar study-list,https://jlptsensei.com/jlpt-n5-grammar-list/,"Study-list item, not an official JLPT-published grammar specification."
grm_n5_034,N5,core_84_common_n5,34,も,も,mo,juga,also; too,particle,particles,N + も,Menandai tambahan atau kesamaan.,私も行きます。,Watashi mo ikimasu.,Saya juga pergi.,fill_blank,私____行きます。,も,は,,neutral,affirmative,neutral,34,"particle,also",True,True,/assets/grammar/n5/034/illustration.svg,/assets/audio/grammar/n5/034/example.mp3,JLPTsensei common 84 grammar study-list,https://jlptsensei.com/jlpt-n5-grammar-list/,"Study-list item, not an official JLPT-published grammar specification."
grm_n5_035,N5,core_84_common_n5,35,もう,もう,mou,sudah; lagi,already; anymore,adverb,time,もう + predikat,Menunjukkan sesuatu sudah terjadi atau tidak lagi terjadi dalam bentuk negatif.,もうご飯を食べました。,Mou gohan o tabemashita.,Saya sudah makan.,fill_blank,____ご飯を食べました。,もう,まだ,,polite,affirmative/negative,neutral,35,time,True,True,/assets/grammar/n5/035/illustration.svg,/assets/audio/grammar/n5/035/example.mp3,JLPTsensei common 84 grammar study-list,https://jlptsensei.com/jlpt-n5-grammar-list/,"Study-list item, not an official JLPT-published grammar specification."
grm_n5_036,N5,core_84_common_n5,36,な-adjectives,な-adjectives,na-adjectives,kata sifat-na,na-adjectives,adjective,adjectives,な-adj + な + N / な-adj + です,Kata sifat yang memakai な saat menerangkan noun.,静かな部屋です。,Shizuka na heya desu.,Ini kamar yang tenang.,fill_blank,静か____部屋です。,な,い-adjectives,,neutral,affirmative,neutral,36,adjective,True,True,/assets/grammar/n5/036/illustration.svg,/assets/audio/grammar/n5/036/example.mp3,JLPTsensei common 84 grammar study-list,https://jlptsensei.com/jlpt-n5-grammar-list/,"Study-list item, not an official JLPT-published grammar specification."
grm_n5_037,N5,core_84_common_n5,37,なあ,なあ,naa,wah; yaa; partikel akhir,sentence ending particle; admiration,sentence_ending,sentence_ending,Kalimat + なあ,"Partikel akhir untuk rasa kagum, emosi, atau refleksi santai.",きれいだなあ。,Kirei da naa.,"Wah, cantik ya.",multiple_choice,なあ memberi nuansa apa?,kagum/refleksi,ね,よ,plain,affirmative,spoken,37,sentence-ending,True,True,/assets/grammar/n5/037/illustration.svg,/assets/audio/grammar/n5/037/example.mp3,JLPTsensei common 84 grammar study-list,https://jlptsensei.com/jlpt-n5-grammar-list/,"Study-list item, not an official JLPT-published grammar specification."
grm_n5_038,N5,core_84_common_n5,38,ないで,ないで,naide,tanpa melakukan,without doing,negative_te,sequence,Vない + で + B,Menunjukkan melakukan B tanpa melakukan A.,傘を持たないで出ました。,Kasa o motanaide demashita.,Saya keluar tanpa membawa payung.,fill_blank,傘を持た____出ました。,ないで,なくて,,polite/plain,negative,neutral,38,without,True,True,/assets/grammar/n5/038/illustration.svg,/assets/audio/grammar/n5/038/example.mp3,JLPTsensei common 84 grammar study-list,https://jlptsensei.com/jlpt-n5-grammar-list/,"Study-list item, not an official JLPT-published grammar specification."
grm_n5_039,N5,core_84_common_n5,39,ないでください,ないでください,naide kudasai,tolong jangan,please don't do,request_negative,requests_rules,Vない + でください,Meminta seseorang untuk tidak melakukan sesuatu.,ここで写真を撮らないでください。,Koko de shashin o toranaide kudasai.,Tolong jangan mengambil foto di sini.,fill_blank,写真を撮ら____ください。,ないで,てください,てはいけない,polite,negative,neutral,39,"request,negative",True,True,/assets/grammar/n5/039/illustration.svg,/assets/audio/grammar/n5/039/example.mp3,JLPTsensei common 84 grammar study-list,https://jlptsensei.com/jlpt-n5-grammar-list/,"Study-list item, not an official JLPT-published grammar specification."
grm_n5_040,N5,core_84_common_n5,40,ないといけない,ないといけない,naito ikenai,harus melakukan,must do,obligation,obligation,Vない + といけない,"Menyatakan kewajiban. Secara literal: kalau tidak melakukan, tidak boleh.",勉強しないといけません。,Benkyou shinai to ikemasen.,Saya harus belajar.,fill_blank,勉強し____いけません。,ないと,なくてもいい,,polite/plain,obligation,neutral,40,must,True,True,/assets/grammar/n5/040/illustration.svg,/assets/audio/grammar/n5/040/example.mp3,JLPTsensei common 84 grammar study-list,https://jlptsensei.com/jlpt-n5-grammar-list/,"Study-list item, not an official JLPT-published grammar specification."
grm_n5_041,N5,core_84_common_n5,41,なくてもいい,なくてもいい,naku temo ii,tidak perlu,don't have to,permission,obligation,Vない → Vなくてもいい,Menyatakan tidak wajib melakukan sesuatu.,明日来なくてもいいです。,Ashita konakute mo ii desu.,Besok tidak perlu datang.,fill_blank,明日来____いいです。,なくても,ないといけない,,polite,permission,neutral,41,permission,True,True,/assets/grammar/n5/041/illustration.svg,/assets/audio/grammar/n5/041/example.mp3,JLPTsensei common 84 grammar study-list,https://jlptsensei.com/jlpt-n5-grammar-list/,"Study-list item, not an official JLPT-published grammar specification."
grm_n5_042,N5,core_84_common_n5,42,なくちゃ,なくちゃ,nakucha,harus; mesti,must do; gotta,obligation,obligation,Vない → Vなくちゃ,Bentuk percakapan singkat untuk kewajiban.,宿題をしなくちゃ。,Shukudai o shinakucha.,Aku harus mengerjakan PR.,fill_blank,宿題をし____。,なくちゃ,なくてはいけない,,plain,obligation,spoken,42,"must,casual",True,True,/assets/grammar/n5/042/illustration.svg,/assets/audio/grammar/n5/042/example.mp3,JLPTsensei common 84 grammar study-list,https://jlptsensei.com/jlpt-n5-grammar-list/,"Study-list item, not an official JLPT-published grammar specification."
grm_n5_043,N5,core_84_common_n5,43,なくてはいけない,なくてはいけない,nakute wa ikenai,harus melakukan,must do,obligation,obligation,Vない → Vなくてはいけない,Menyatakan kewajiban dengan bentuk standar/sopan.,パスポートを持たなくてはいけません。,Pasupooto o motanakute wa ikemasen.,Harus membawa paspor.,fill_blank,パスポートを持た____いけません。,なくては,なくちゃ,,polite,obligation,neutral,43,must,True,True,/assets/grammar/n5/043/illustration.svg,/assets/audio/grammar/n5/043/example.mp3,JLPTsensei common 84 grammar study-list,https://jlptsensei.com/jlpt-n5-grammar-list/,"Study-list item, not an official JLPT-published grammar specification."
grm_n5_044,N5,core_84_common_n5,44,なくてはならない,なくてはならない,nakute wa naranai,harus; wajib,must; have to,obligation,obligation,Vない → Vなくてはならない,Menyatakan kewajiban yang lebih formal/kuat.,毎日勉強しなくてはなりません。,Mainichi benkyou shinakute wa narimasen.,Harus belajar setiap hari.,fill_blank,勉強し____なりません。,なくては,なくてはいけない,,polite/formal,obligation,formal,44,must,True,True,/assets/grammar/n5/044/illustration.svg,/assets/audio/grammar/n5/044/example.mp3,JLPTsensei common 84 grammar study-list,https://jlptsensei.com/jlpt-n5-grammar-list/,"Study-list item, not an official JLPT-published grammar specification."
grm_n5_045,N5,core_84_common_n5,45,なる,なる,naru,menjadi,to become,change,change,N/な-adj + に + なる / い-adjく + なる,Menunjukkan perubahan keadaan.,医者になります。,Isha ni narimasu.,Saya akan menjadi dokter.,fill_blank,医者____なります。,に,にする,,polite,affirmative,neutral,45,change,True,True,/assets/grammar/n5/045/illustration.svg,/assets/audio/grammar/n5/045/example.mp3,JLPTsensei common 84 grammar study-list,https://jlptsensei.com/jlpt-n5-grammar-list/,"Study-list item, not an official JLPT-published grammar specification."
grm_n5_046,N5,core_84_common_n5,46,んです,んです,ndesu,menjelaskan; memberi penekanan,explanatory emphasis,explanation,sentence_ending,Bentuk biasa + んです,Dipakai saat memberi/menanyakan penjelasan atau latar belakang.,どうして遅れたんですか。,Doushite okureta n desu ka.,Kenapa terlambat?,fill_blank,どうして遅れた____か。,んです,のです,,polite,question,spoken,46,explanation,True,True,/assets/grammar/n5/046/illustration.svg,/assets/audio/grammar/n5/046/example.mp3,JLPTsensei common 84 grammar study-list,https://jlptsensei.com/jlpt-n5-grammar-list/,"Study-list item, not an official JLPT-published grammar specification."
grm_n5_047,N5,core_84_common_n5,47,ね,ね,ne,ya kan; kan; ya,right? isn't it?,sentence_ending,sentence_ending,Kalimat + ね,Meminta persetujuan atau menciptakan kesan akrab.,いい天気ですね。,Ii tenki desu ne.,Cuacanya bagus ya.,fill_blank,いい天気です____。,ね,よ,,polite/plain,affirmative,neutral,47,sentence-ending,True,True,/assets/grammar/n5/047/illustration.svg,/assets/audio/grammar/n5/047/example.mp3,JLPTsensei common 84 grammar study-list,https://jlptsensei.com/jlpt-n5-grammar-list/,"Study-list item, not an official JLPT-published grammar specification."
grm_n5_048,N5,core_84_common_n5,48,に,に,ni,ke; pada; di,to; at; in,particle,particles,Waktu/tempat/target + に,"Menandai waktu spesifik, tujuan, lokasi keberadaan, atau target.",七時に起きます。,Shichi-ji ni okimasu.,Saya bangun jam tujuh.,fill_blank,七時____起きます。,に,で,,neutral,affirmative,neutral,48,"particle,time,destination",True,True,/assets/grammar/n5/048/illustration.svg,/assets/audio/grammar/n5/048/example.mp3,JLPTsensei common 84 grammar study-list,https://jlptsensei.com/jlpt-n5-grammar-list/,"Study-list item, not an official JLPT-published grammar specification."
grm_n5_049,N5,core_84_common_n5,49,に行く,にいく,ni iku,pergi untuk melakukan,go to do,purpose,movement,Vます-batang + に行く,Menunjukkan tujuan pergi untuk melakukan aktivitas.,本を買いに行きます。,Hon o kai ni ikimasu.,Saya pergi membeli buku.,fill_blank,本を買い____行きます。,に,ために,,polite,affirmative,neutral,49,purpose,True,True,/assets/grammar/n5/049/illustration.svg,/assets/audio/grammar/n5/049/example.mp3,JLPTsensei common 84 grammar study-list,https://jlptsensei.com/jlpt-n5-grammar-list/,"Study-list item, not an official JLPT-published grammar specification."
grm_n5_050,N5,core_84_common_n5,50,にする,にする,ni suru,memutuskan memilih,decide on; choose,choice,change_choice,N + にする,Dipakai saat memilih atau memutuskan sesuatu.,コーヒーにします。,Koohii ni shimasu.,Saya pilih kopi.,fill_blank,コーヒー____します。,に,を,,polite,affirmative,neutral,50,choice,True,True,/assets/grammar/n5/050/illustration.svg,/assets/audio/grammar/n5/050/example.mp3,JLPTsensei common 84 grammar study-list,https://jlptsensei.com/jlpt-n5-grammar-list/,"Study-list item, not an official JLPT-published grammar specification."
grm_n5_051,N5,core_84_common_n5,51,に/へ,に/へ,ni/e,ke arah; menuju,to; toward,particle,movement,Tempat + に/へ + kata kerja pergerakan,Menunjukkan tujuan atau arah gerakan. へ dibaca e saat menjadi partikel.,学校に行きます。,Gakkou ni ikimasu.,Saya pergi ke sekolah.,fill_blank,学校____行きます。,に/へ,で,,neutral,affirmative,neutral,51,destination,True,True,/assets/grammar/n5/051/illustration.svg,/assets/audio/grammar/n5/051/example.mp3,JLPTsensei common 84 grammar study-list,https://jlptsensei.com/jlpt-n5-grammar-list/,"Study-list item, not an official JLPT-published grammar specification."
grm_n5_052,N5,core_84_common_n5,52,の,の,no,milik; penghubung noun,possessive; of,particle,particles,N1 + の + N2,"Menghubungkan dua noun untuk kepemilikan, kategori, atau relasi.",これは私の本です。,Kore wa watashi no hon desu.,Ini buku saya.,fill_blank,私____本です。,の,,,neutral,affirmative,neutral,52,"particle,possessive",True,True,/assets/grammar/n5/052/illustration.svg,/assets/audio/grammar/n5/052/example.mp3,JLPTsensei common 84 grammar study-list,https://jlptsensei.com/jlpt-n5-grammar-list/,"Study-list item, not an official JLPT-published grammar specification."
grm_n5_053,N5,core_84_common_n5,53,のです,のです,no desu,menjelaskan; penekanan formal,explanatory emphasis,explanation,sentence_ending,Bentuk biasa + のです,Versi lebih formal dari んです untuk memberi penjelasan.,今日は休みなのです。,Kyou wa yasumi na no desu.,"Hari ini libur, itulah alasannya.",fill_blank,今日は休み____です。,なの,んです,,polite/formal,affirmative,formal,53,explanation,True,True,/assets/grammar/n5/053/illustration.svg,/assets/audio/grammar/n5/053/example.mp3,JLPTsensei common 84 grammar study-list,https://jlptsensei.com/jlpt-n5-grammar-list/,"Study-list item, not an official JLPT-published grammar specification."
grm_n5_054,N5,core_84_common_n5,54,のが下手,のがへた,no ga heta,tidak pandai melakukan,bad at doing,ability,nominalization,V bentuk kamus + のが下手,Menyatakan tidak mahir melakukan aktivitas.,泳ぐのが下手です。,Oyogu no ga heta desu.,Saya tidak pandai berenang.,fill_blank,泳ぐ____下手です。,のが,のが上手,,polite,affirmative,neutral,54,ability,True,True,/assets/grammar/n5/054/illustration.svg,/assets/audio/grammar/n5/054/example.mp3,JLPTsensei common 84 grammar study-list,https://jlptsensei.com/jlpt-n5-grammar-list/,"Study-list item, not an official JLPT-published grammar specification."
grm_n5_055,N5,core_84_common_n5,55,のが上手,のがじょうず,no ga jouzu,pandai melakukan,good at doing,ability,nominalization,V bentuk kamus + のが上手,Menyatakan mahir melakukan aktivitas.,料理するのが上手です。,Ryouri suru no ga jouzu desu.,Dia pandai memasak.,fill_blank,料理する____上手です。,のが,のが下手,,polite,affirmative,neutral,55,ability,True,True,/assets/grammar/n5/055/illustration.svg,/assets/audio/grammar/n5/055/example.mp3,JLPTsensei common 84 grammar study-list,https://jlptsensei.com/jlpt-n5-grammar-list/,"Study-list item, not an official JLPT-published grammar specification."
grm_n5_056,N5,core_84_common_n5,56,のが好き,のがすき,no ga suki,suka melakukan,like doing,preference,nominalization,V bentuk kamus + のが好き,Menyatakan suka melakukan aktivitas.,本を読むのが好きです。,Hon o yomu no ga suki desu.,Saya suka membaca buku.,fill_blank,本を読む____好きです。,のが,たい,,polite,affirmative,neutral,56,preference,True,True,/assets/grammar/n5/056/illustration.svg,/assets/audio/grammar/n5/056/example.mp3,JLPTsensei common 84 grammar study-list,https://jlptsensei.com/jlpt-n5-grammar-list/,"Study-list item, not an official JLPT-published grammar specification."
grm_n5_057,N5,core_84_common_n5,57,の中でAが一番,のなかでAがいちばん,no naka de A ga ichiban,di antara... A paling...,among; A is the most,superlative,comparisons,Kelompok + の中で + A + が一番 + kata sifat,Membandingkan satu item dalam sebuah kelompok.,果物の中でりんごが一番好きです。,Kudamono no naka de ringo ga ichiban suki desu.,"Di antara buah, saya paling suka apel.",fill_blank,果物____りんごが一番好きです。,の中で,一番,,polite,affirmative,neutral,57,comparison,True,True,/assets/grammar/n5/057/illustration.svg,/assets/audio/grammar/n5/057/example.mp3,JLPTsensei common 84 grammar study-list,https://jlptsensei.com/jlpt-n5-grammar-list/,"Study-list item, not an official JLPT-published grammar specification."
grm_n5_058,N5,core_84_common_n5,58,ので,ので,node,karena; sebab,because; since,connector,reason,Klausa + ので,Memberi alasan dengan nuansa lebih halus daripada から.,雨なので行きません。,Ame na node ikimasen.,"Karena hujan, saya tidak pergi.",fill_blank,雨____行きません。,なので,から,,polite/plain,affirmative,neutral,58,reason,True,True,/assets/grammar/n5/058/illustration.svg,/assets/audio/grammar/n5/058/example.mp3,JLPTsensei common 84 grammar study-list,https://jlptsensei.com/jlpt-n5-grammar-list/,"Study-list item, not an official JLPT-published grammar specification."
grm_n5_059,N5,core_84_common_n5,59,お / ご,お / ご,o / go,awalan sopan,honorific prefix,politeness,politeness,お/ご + kata benda,Awalan untuk membuat kata terdengar lebih sopan atau hormat.,お名前は何ですか。,Onamae wa nan desu ka.,Siapa nama Anda?,fill_blank,____名前は何ですか。,お,ご,,polite,affirmative,neutral,59,politeness,True,True,/assets/grammar/n5/059/illustration.svg,/assets/audio/grammar/n5/059/example.mp3,JLPTsensei common 84 grammar study-list,https://jlptsensei.com/jlpt-n5-grammar-list/,"Study-list item, not an official JLPT-published grammar specification."
grm_n5_060,N5,core_84_common_n5,60,を,を,o / wo,penanda objek,object marker,particle,particles,N + を + kata kerja transitif,Menandai objek langsung dari aksi.,水を飲みます。,Mizu o nomimasu.,Saya minum air.,fill_blank,水____飲みます。,を,が,,neutral,affirmative,neutral,60,"particle,object",True,True,/assets/grammar/n5/060/illustration.svg,/assets/audio/grammar/n5/060/example.mp3,JLPTsensei common 84 grammar study-list,https://jlptsensei.com/jlpt-n5-grammar-list/,"Study-list item, not an official JLPT-published grammar specification."
grm_n5_061,N5,core_84_common_n5,61,をください,をください,o kudasai,tolong beri saya,please give me,request,requests,N + をください,Meminta benda dengan sopan.,水をください。,Mizu o kudasai.,Tolong beri saya air.,fill_blank,水____ください。,を,て,,polite,request,neutral,61,request,True,True,/assets/grammar/n5/061/illustration.svg,/assets/audio/grammar/n5/061/example.mp3,JLPTsensei common 84 grammar study-list,https://jlptsensei.com/jlpt-n5-grammar-list/,"Study-list item, not an official JLPT-published grammar specification."
grm_n5_062,N5,core_84_common_n5,62,しかし,しかし,shikashi,namun; akan tetapi,however; but,connector,connectors,Kalimat. しかし kalimat.,Konjungsi formal/netral untuk kontras.,日本語は難しいです。しかし楽しいです。,Nihongo wa muzukashii desu. Shikashi tanoshii desu.,Bahasa Jepang sulit. Namun menyenangkan.,multiple_choice,しかし berarti apa?,namun,そして,それから,neutral/formal,affirmative,written,62,connector,True,True,/assets/grammar/n5/062/illustration.svg,/assets/audio/grammar/n5/062/example.mp3,JLPTsensei common 84 grammar study-list,https://jlptsensei.com/jlpt-n5-grammar-list/,"Study-list item, not an official JLPT-published grammar specification."
grm_n5_063,N5,core_84_common_n5,63,それから,それから,sore kara,lalu; setelah itu,and then; after that,connector,sequence,Kalimat. それから kalimat.,Menghubungkan urutan kejadian.,朝ご飯を食べます。それから学校へ行きます。,Asagohan o tabemasu. Sore kara gakkou e ikimasu.,Saya sarapan. Setelah itu pergi ke sekolah.,fill_blank,朝ご飯を食べます。____学校へ行きます。,それから,そして,,neutral,affirmative,neutral,63,sequence,True,True,/assets/grammar/n5/063/illustration.svg,/assets/audio/grammar/n5/063/example.mp3,JLPTsensei common 84 grammar study-list,https://jlptsensei.com/jlpt-n5-grammar-list/,"Study-list item, not an official JLPT-published grammar specification."
grm_n5_064,N5,core_84_common_n5,64,そして,そして,soshite,dan; lalu,and; and then,connector,connectors,Kalimat. そして kalimat.,Menghubungkan dua informasi atau kejadian.,これは安いです。そして便利です。,Kore wa yasui desu. Soshite benri desu.,Ini murah. Dan praktis.,multiple_choice,そして berarti apa?,dan/lalu,tetapi,karena,neutral,affirmative,neutral,64,connector,True,True,/assets/grammar/n5/064/illustration.svg,/assets/audio/grammar/n5/064/example.mp3,JLPTsensei common 84 grammar study-list,https://jlptsensei.com/jlpt-n5-grammar-list/,"Study-list item, not an official JLPT-published grammar specification."
grm_n5_065,N5,core_84_common_n5,65,すぎる,すぎる,sugiru,terlalu,too much,degree,adjectives_verbs,Vます-batang / い-adj batang / な-adj + すぎる,Menyatakan sesuatu berlebihan.,食べすぎました。,Tabesugimashita.,Saya makan terlalu banyak.,fill_blank,食べ____ました。,すぎ,とても,,polite,affirmative,neutral,65,degree,True,True,/assets/grammar/n5/065/illustration.svg,/assets/audio/grammar/n5/065/example.mp3,JLPTsensei common 84 grammar study-list,https://jlptsensei.com/jlpt-n5-grammar-list/,"Study-list item, not an official JLPT-published grammar specification."
grm_n5_066,N5,core_84_common_n5,66,たことがある,たことがある,ta koto ga aru,pernah melakukan,have done before,experience,past_experience,Vた + ことがある,Menyatakan pengalaman pernah melakukan sesuatu.,日本へ行ったことがあります。,Nihon e itta koto ga arimasu.,Saya pernah pergi ke Jepang.,fill_blank,日本へ行った____があります。,こと,つもり,,polite,affirmative,neutral,66,experience,True,True,/assets/grammar/n5/066/illustration.svg,/assets/audio/grammar/n5/066/example.mp3,JLPTsensei common 84 grammar study-list,https://jlptsensei.com/jlpt-n5-grammar-list/,"Study-list item, not an official JLPT-published grammar specification."
grm_n5_067,N5,core_84_common_n5,67,たい,たい,tai,ingin melakukan,want to do,desire,desire,Vます-batang + たい,Menyatakan keinginan melakukan aksi.,日本へ行きたいです。,Nihon e ikitai desu.,Saya ingin pergi ke Jepang.,fill_blank,日本へ行き____です。,たい,ほしい,,polite,affirmative,neutral,67,desire,True,True,/assets/grammar/n5/067/illustration.svg,/assets/audio/grammar/n5/067/example.mp3,JLPTsensei common 84 grammar study-list,https://jlptsensei.com/jlpt-n5-grammar-list/,"Study-list item, not an official JLPT-published grammar specification."
grm_n5_068,N5,core_84_common_n5,68,たり～たり,たり～たり,tari~tari,melakukan hal seperti A dan B,do such things as A and B,listing_actions,sequence,Vた + り、Vた + りする,"Menyebut beberapa contoh aktivitas, tidak harus semua.",休みの日に本を読んだり映画を見たりします。,Yasumi no hi ni hon o yondari eiga o mitari shimasu.,"Saat libur saya membaca buku, menonton film, dan semacamnya.",fill_blank,本を読ん____映画を見____します。,だり / たり,や,,polite,affirmative,neutral,68,"listing,actions",True,True,/assets/grammar/n5/068/illustration.svg,/assets/audio/grammar/n5/068/example.mp3,JLPTsensei common 84 grammar study-list,https://jlptsensei.com/jlpt-n5-grammar-list/,"Study-list item, not an official JLPT-published grammar specification."
grm_n5_069,N5,core_84_common_n5,69,てある,てある,te aru,telah dilakukan dan hasilnya ada,resulting state,aspect,te_form,Vて transitif + ある,Menunjukkan suatu aksi sengaja dilakukan dan hasilnya masih ada.,ドアが開けてあります。,Doa ga akete arimasu.,Pintunya sudah dibukakan.,fill_blank,ドアが開け____あります。,て,ている,,polite,affirmative,neutral,69,"te-form,result",True,True,/assets/grammar/n5/069/illustration.svg,/assets/audio/grammar/n5/069/example.mp3,JLPTsensei common 84 grammar study-list,https://jlptsensei.com/jlpt-n5-grammar-list/,"Study-list item, not an official JLPT-published grammar specification."
grm_n5_070,N5,core_84_common_n5,70,ている,ている,te iru,sedang; sudah dalam keadaan,doing; state,aspect,te_form,Vて + いる,"Menyatakan aksi sedang berlangsung, kebiasaan, atau keadaan hasil.",今勉強しています。,Ima benkyou shite imasu.,Saya sedang belajar sekarang.,fill_blank,今勉強し____います。,て,てある,,polite,affirmative,neutral,70,"te-form,aspect",True,True,/assets/grammar/n5/070/illustration.svg,/assets/audio/grammar/n5/070/example.mp3,JLPTsensei common 84 grammar study-list,https://jlptsensei.com/jlpt-n5-grammar-list/,"Study-list item, not an official JLPT-published grammar specification."
grm_n5_071,N5,core_84_common_n5,71,てから,てから,te kara,setelah melakukan,after doing,sequence,te_form,Vて + から,Menyatakan urutan setelah melakukan sesuatu.,ご飯を食べてから出かけます。,Gohan o tabete kara dekakemasu.,Saya pergi keluar setelah makan.,fill_blank,ご飯を食べ____出かけます。,てから,前に,,polite,affirmative,neutral,71,"sequence,te-form",True,True,/assets/grammar/n5/071/illustration.svg,/assets/audio/grammar/n5/071/example.mp3,JLPTsensei common 84 grammar study-list,https://jlptsensei.com/jlpt-n5-grammar-list/,"Study-list item, not an official JLPT-published grammar specification."
grm_n5_072,N5,core_84_common_n5,72,てください,てください,te kudasai,tolong lakukan,please do,request,requests,Vて + ください,Meminta orang melakukan sesuatu dengan sopan.,名前を書いてください。,Namae o kaite kudasai.,Tolong tulis nama.,fill_blank,名前を書い____ください。,て,ないで,,polite,request,neutral,72,request,True,True,/assets/grammar/n5/072/illustration.svg,/assets/audio/grammar/n5/072/example.mp3,JLPTsensei common 84 grammar study-list,https://jlptsensei.com/jlpt-n5-grammar-list/,"Study-list item, not an official JLPT-published grammar specification."
grm_n5_073,N5,core_84_common_n5,73,てはいけない,てはいけない,te wa ikenai,tidak boleh,must not; may not,prohibition,requests_rules,Vて + はいけない,Menyatakan larangan.,ここで食べてはいけません。,Koko de tabete wa ikemasen.,Tidak boleh makan di sini.,fill_blank,ここで食べ____いけません。,ては,てもいい,,polite,negative/prohibition,neutral,73,prohibition,True,True,/assets/grammar/n5/073/illustration.svg,/assets/audio/grammar/n5/073/example.mp3,JLPTsensei common 84 grammar study-list,https://jlptsensei.com/jlpt-n5-grammar-list/,"Study-list item, not an official JLPT-published grammar specification."
grm_n5_074,N5,core_84_common_n5,74,てもいいです,てもいいです,temo ii desu,boleh; tidak apa-apa,may; is OK to,permission,requests_rules,Vて + もいい,Meminta atau memberi izin.,入ってもいいですか。,Haitte mo ii desu ka.,Bolehkah saya masuk?,fill_blank,入っ____いいですか。,ても,てはいけない,,polite,permission/question,neutral,74,permission,True,True,/assets/grammar/n5/074/illustration.svg,/assets/audio/grammar/n5/074/example.mp3,JLPTsensei common 84 grammar study-list,https://jlptsensei.com/jlpt-n5-grammar-list/,"Study-list item, not an official JLPT-published grammar specification."
grm_n5_075,N5,core_84_common_n5,75,と,と,to,dan; dengan,and; with,particle,particles,N1 + と + N2 / Orang + と + kata kerja,Menghubungkan noun secara lengkap atau menunjukkan bersama seseorang.,友達と行きます。,Tomodachi to ikimasu.,Saya pergi dengan teman.,fill_blank,友達____行きます。,と,や,,neutral,affirmative,neutral,75,"particle,with,and",True,True,/assets/grammar/n5/075/illustration.svg,/assets/audio/grammar/n5/075/example.mp3,JLPTsensei common 84 grammar study-list,https://jlptsensei.com/jlpt-n5-grammar-list/,"Study-list item, not an official JLPT-published grammar specification."
grm_n5_076,N5,core_84_common_n5,76,とき,とき,toki,ketika; saat,when; at the time,time,time,Kata kerja/Kata sifat/N + とき,Menunjukkan waktu terjadinya sesuatu.,子供のとき、よく泳ぎました。,"Kodomo no toki, yoku oyogimashita.","Waktu kecil, saya sering berenang.",fill_blank,子供の____、よく泳ぎました。,とき,前に,,neutral,affirmative,neutral,76,time,True,True,/assets/grammar/n5/076/illustration.svg,/assets/audio/grammar/n5/076/example.mp3,JLPTsensei common 84 grammar study-list,https://jlptsensei.com/jlpt-n5-grammar-list/,"Study-list item, not an official JLPT-published grammar specification."
grm_n5_077,N5,core_84_common_n5,77,とても,とても,totemo,sangat,very,adverb,degree,とても + kata sifat/kata keterangan,Menekankan tingkat sifat.,とても暑いです。,Totemo atsui desu.,Sangat panas.,fill_blank,____暑いです。,とても,すぎる,,polite,affirmative,neutral,77,degree,True,True,/assets/grammar/n5/077/illustration.svg,/assets/audio/grammar/n5/077/example.mp3,JLPTsensei common 84 grammar study-list,https://jlptsensei.com/jlpt-n5-grammar-list/,"Study-list item, not an official JLPT-published grammar specification."
grm_n5_078,N5,core_84_common_n5,78,つもり,つもり,tsumori,berencana; berniat,plan to; intend to,intention,future_plan,V bentuk kamus / Vない + つもり,Menyatakan rencana atau niat.,明日勉強するつもりです。,Ashita benkyou suru tsumori desu.,Saya berniat belajar besok.,fill_blank,明日勉強する____です。,つもり,たい,,polite,affirmative/negative,neutral,78,intention,True,True,/assets/grammar/n5/078/illustration.svg,/assets/audio/grammar/n5/078/example.mp3,JLPTsensei common 84 grammar study-list,https://jlptsensei.com/jlpt-n5-grammar-list/,"Study-list item, not an official JLPT-published grammar specification."
grm_n5_079,N5,core_84_common_n5,79,は,は,wa,penanda topik,topic marker,particle,particles,N/topik + は,"Menandai topik pembicaraan. Ditulis は, dibaca wa.",私は学生です。,Watashi wa gakusei desu.,Saya pelajar.,fill_blank,私____学生です。,は,が,,neutral,affirmative,neutral,79,"particle,topic",True,True,/assets/grammar/n5/079/illustration.svg,/assets/audio/grammar/n5/079/example.mp3,JLPTsensei common 84 grammar study-list,https://jlptsensei.com/jlpt-n5-grammar-list/,"Study-list item, not an official JLPT-published grammar specification."
grm_n5_080,N5,core_84_common_n5,80,は～より...です,は～より...です,wa ~ yori ... desu,A lebih ... daripada B,A is more ... than B,comparison,comparisons,A は B より kata sifat です,Membandingkan dua hal dengan fokus pada A.,猫は犬より小さいです。,Neko wa inu yori chiisai desu.,Kucing lebih kecil daripada anjing.,fill_blank,猫は犬____小さいです。,より,のほうが,,polite,affirmative,neutral,80,comparison,True,True,/assets/grammar/n5/080/illustration.svg,/assets/audio/grammar/n5/080/example.mp3,JLPTsensei common 84 grammar study-list,https://jlptsensei.com/jlpt-n5-grammar-list/,"Study-list item, not an official JLPT-published grammar specification."
grm_n5_081,N5,core_84_common_n5,81,はどうですか,はどうですか,wa dou desu ka,bagaimana dengan; bagaimana kalau,how about; how is,question,questions,N/topik + はどうですか,Menanyakan pendapat atau menawarkan pilihan.,コーヒーはどうですか。,Koohii wa dou desu ka.,Bagaimana dengan kopi?,fill_blank,コーヒー____どうですか。,は,,,polite,question,neutral,81,"question,suggestion",True,True,/assets/grammar/n5/081/illustration.svg,/assets/audio/grammar/n5/081/example.mp3,JLPTsensei common 84 grammar study-list,https://jlptsensei.com/jlpt-n5-grammar-list/,"Study-list item, not an official JLPT-published grammar specification."
grm_n5_082,N5,core_84_common_n5,82,や,や,ya,dan; dan lain-lain,and; such as,particle,particles,N1 + や + N2,Menyebut contoh dalam daftar yang tidak lengkap.,パンや卵を買いました。,Pan ya tamago o kaimashita.,"Saya membeli roti, telur, dan lain-lain.",fill_blank,パン____卵を買いました。,や,と,,neutral,affirmative,neutral,82,"particle,list",True,True,/assets/grammar/n5/082/illustration.svg,/assets/audio/grammar/n5/082/example.mp3,JLPTsensei common 84 grammar study-list,https://jlptsensei.com/jlpt-n5-grammar-list/,"Study-list item, not an official JLPT-published grammar specification."
grm_n5_083,N5,core_84_common_n5,83,よ,よ,yo,lho; penekanan,emphasis; you know,sentence_ending,sentence_ending,Kalimat + よ,Memberi informasi baru atau menekankan ucapan.,これはおいしいですよ。,Kore wa oishii desu yo.,Ini enak lho.,fill_blank,これはおいしいです____。,よ,ね,,polite/plain,affirmative,neutral,83,sentence-ending,True,True,/assets/grammar/n5/083/illustration.svg,/assets/audio/grammar/n5/083/example.mp3,JLPTsensei common 84 grammar study-list,https://jlptsensei.com/jlpt-n5-grammar-list/,"Study-list item, not an official JLPT-published grammar specification."
grm_n5_084,N5,core_84_common_n5,84,より～ほうが,より～ほうが,yori ~ hou ga,lebih ... daripada ...,more than,comparison,comparisons,A より B のほうが kata sifat,Membandingkan dua hal dengan fokus pada B sebagai yang lebih.,犬より猫のほうが好きです。,Inu yori neko no hou ga suki desu.,Saya lebih suka kucing daripada anjing.,fill_blank,犬____猫のほうが好きです。,より,は～より,,polite,affirmative,neutral,84,comparison,True,True,/assets/grammar/n5/084/illustration.svg,/assets/audio/grammar/n5/084/example.mp3,JLPTsensei common 84 grammar study-list,https://jlptsensei.com/jlpt-n5-grammar-list/,"Study-list item, not an official JLPT-published grammar specification."
grm_n5_085,N5,extended_foundational_n5,85,くらい・ぐらい,くらい・ぐらい,kurai / gurai,sekitar; kira-kira,about; approximately,approximation,numbers_time,Jumlah/waktu + くらい/ぐらい,"Menunjukkan jumlah, durasi, atau derajat perkiraan.",三十分くらい待ちました。,Sanjuppun kurai machimashita.,Saya menunggu sekitar tiga puluh menit.,fill_blank,三十分____待ちました。,くらい,ごろ,,neutral,affirmative,neutral,85,"approximation,time",False,True,/assets/grammar/n5/085/illustration.svg,/assets/audio/grammar/n5/085/example.mp3,jtest4you common,https://japanesetest4you.com/jlpt-n5-grammar-list/,Foundational beginner item useful for N5 app lessons/search; may overlap with vocab/particles/conjugation modules.
grm_n5_086,N5,extended_foundational_n5,86,な,な,na,jangan melakukan,do not; prohibitive,prohibition,requests_rules,V bentuk kamus + な,"Larangan langsung/kasar. Biasanya untuk peringatan, aturan, atau bahasa pria/kasual.",ここで走るな。,Koko de hashiru na.,Jangan berlari di sini.,fill_blank,ここで走る____。,な,ないでください,,plain,negative/prohibition,rough,86,prohibition,False,True,/assets/grammar/n5/086/illustration.svg,/assets/audio/grammar/n5/086/example.mp3,jtest4you common,https://japanesetest4you.com/jlpt-n5-grammar-list/,Foundational beginner item useful for N5 app lessons/search; may overlap with vocab/particles/conjugation modules.
grm_n5_087,N5,extended_foundational_n5,87,た後で,たあとで,ta ato de,setelah melakukan,after doing,sequence,time_sequence,Vた + 後で,Menyatakan aksi dilakukan setelah aksi lain selesai.,昼ご飯を食べた後で行きます。,Hirugohan o tabeta ato de ikimasu.,Saya pergi setelah makan siang.,fill_blank,昼ご飯を食べ____行きます。,た後で,てから,前に,polite,affirmative,neutral,87,"after,past",False,True,/assets/grammar/n5/087/illustration.svg,/assets/audio/grammar/n5/087/example.mp3,extended foundational,https://japanesetest4you.com/jlpt-n5-grammar-list/,Foundational beginner item useful for N5 app lessons/search; may overlap with vocab/particles/conjugation modules.
grm_n5_088,N5,extended_foundational_n5,88,までに,までに,made ni,paling lambat; sebelum batas waktu,by; no later than,deadline,time,Waktu + までに,"Menandai deadline, bukan durasi sampai batas akhir.",五時までに来てください。,Go-ji made ni kite kudasai.,Tolong datang paling lambat jam lima.,fill_blank,五時____来てください。,までに,まで,,polite,request,neutral,88,deadline,False,True,/assets/grammar/n5/088/illustration.svg,/assets/audio/grammar/n5/088/example.mp3,extended foundational,https://japanesetest4you.com/jlpt-n5-grammar-list/,Foundational beginner item useful for N5 app lessons/search; may overlap with vocab/particles/conjugation modules.
grm_n5_089,N5,extended_foundational_n5,89,V辞書形,じしょけい,dictionary form,bentuk kamus kata kerja,verb dictionary form,verb_form,verb_conjugation,Bentuk kamus kata kerja: 食べる・行く・飲む,Bentuk dasar kata kerja yang dipakai di kamus dan banyak pola grammar.,毎日日本語を勉強する。,Mainichi nihongo o benkyou suru.,Saya belajar bahasa Jepang setiap hari.,identify,Bentuk kamus dari 食べます adalah?,食べる,ます形,,plain,affirmative,neutral,89,verb-form,False,True,/assets/grammar/n5/089/illustration.svg,/assets/audio/grammar/n5/089/example.mp3,bunpro foundational,https://bunpro.jp/decks/nn10ai/Bunpro-N5-Grammar,Foundational beginner item useful for N5 app lessons/search; may overlap with vocab/particles/conjugation modules.
grm_n5_090,N5,extended_foundational_n5,90,Vます形,ますけい,masu form,bentuk sopan kata kerja,polite verb form,verb_form,verb_conjugation,Batang kata kerja + ます,Bentuk sopan non-lampau untuk kata kerja.,毎日日本語を勉強します。,Mainichi nihongo o benkyou shimasu.,Saya belajar bahasa Jepang setiap hari.,transform,食べる → bentuk ます,食べます,辞書形,,polite,affirmative,neutral,90,"verb-form,polite",False,True,/assets/grammar/n5/090/illustration.svg,/assets/audio/grammar/n5/090/example.mp3,bunpro foundational,https://bunpro.jp/decks/nn10ai/Bunpro-N5-Grammar,Foundational beginner item useful for N5 app lessons/search; may overlap with vocab/particles/conjugation modules.
grm_n5_091,N5,extended_foundational_n5,91,Vません,ません,masen,tidak melakukan bentuk sopan,polite negative verb,verb_form,verb_conjugation,Batang kata kerja + ません,Bentuk negatif sopan non-lampau.,今日は勉強しません。,Kyou wa benkyou shimasen.,Hari ini saya tidak belajar.,transform,食べます → negatif sopan,食べません,ます形,,polite,negative,neutral,91,"verb-form,negative",False,True,/assets/grammar/n5/091/illustration.svg,/assets/audio/grammar/n5/091/example.mp3,bunpro foundational,https://bunpro.jp/decks/nn10ai/Bunpro-N5-Grammar,Foundational beginner item useful for N5 app lessons/search; may overlap with vocab/particles/conjugation modules.
grm_n5_092,N5,extended_foundational_n5,92,Vました,ました,mashita,telah melakukan bentuk sopan,polite past verb,verb_form,verb_conjugation,Batang kata kerja + ました,Bentuk lampau sopan untuk kata kerja.,昨日映画を見ました。,Kinou eiga o mimashita.,Kemarin saya menonton film.,transform,見ます → lampau sopan,見ました,ます形,,polite,past,neutral,92,"verb-form,past",False,True,/assets/grammar/n5/092/illustration.svg,/assets/audio/grammar/n5/092/example.mp3,bunpro foundational,https://bunpro.jp/decks/nn10ai/Bunpro-N5-Grammar,Foundational beginner item useful for N5 app lessons/search; may overlap with vocab/particles/conjugation modules.
grm_n5_093,N5,extended_foundational_n5,93,Vませんでした,ませんでした,masen deshita,tidak melakukan bentuk lampau sopan,polite past negative verb,verb_form,verb_conjugation,Batang kata kerja + ませんでした,Bentuk lampau negatif sopan.,昨日学校へ行きませんでした。,Kinou gakkou e ikimasen deshita.,Kemarin saya tidak pergi ke sekolah.,transform,行きます → lampau negatif sopan,行きませんでした,ました,,polite,past_negative,neutral,93,"verb-form,past,negative",False,True,/assets/grammar/n5/093/illustration.svg,/assets/audio/grammar/n5/093/example.mp3,bunpro foundational,https://bunpro.jp/decks/nn10ai/Bunpro-N5-Grammar,Foundational beginner item useful for N5 app lessons/search; may overlap with vocab/particles/conjugation modules.
grm_n5_094,N5,extended_foundational_n5,94,Vない形,ないけい,nai form,bentuk negatif biasa kata kerja,plain negative verb form,verb_form,verb_conjugation,Kata kerja bentuk negatif biasa: 食べない・行かない,Bentuk negatif biasa yang menjadi dasar pola seperti ないでください dan ないといけない.,今日は肉を食べない。,Kyou wa niku o tabenai.,Hari ini saya tidak makan daging.,transform,食べる → bentuk ない,食べない,ません,,plain,negative,neutral,94,"verb-form,negative",False,True,/assets/grammar/n5/094/illustration.svg,/assets/audio/grammar/n5/094/example.mp3,bunpro foundational,https://bunpro.jp/decks/nn10ai/Bunpro-N5-Grammar,Foundational beginner item useful for N5 app lessons/search; may overlap with vocab/particles/conjugation modules.
grm_n5_095,N5,extended_foundational_n5,95,Vた形,たけい,ta form,bentuk lampau biasa kata kerja,plain past verb form,verb_form,verb_conjugation,Kata kerja bentuk lampau biasa: 食べた・行った,Bentuk lampau biasa yang dipakai dalam pola seperti たことがある dan た後で.,昨日すしを食べた。,Kinou sushi o tabeta.,Kemarin saya makan sushi.,transform,食べる → bentuk た,食べた,ました,,plain,past,neutral,95,"verb-form,past",False,True,/assets/grammar/n5/095/illustration.svg,/assets/audio/grammar/n5/095/example.mp3,bunpro foundational,https://bunpro.jp/decks/nn10ai/Bunpro-N5-Grammar,Foundational beginner item useful for N5 app lessons/search; may overlap with vocab/particles/conjugation modules.
grm_n5_096,N5,extended_foundational_n5,96,Vて形,てけい,te form,bentuk te kata kerja,te-form,verb_form,verb_conjugation,Kata kerja bentuk te: 食べて・行って・飲んで,"Bentuk penghubung serbaguna untuk permintaan, urutan, izin, larangan, dan aspek.",名前を書いてください。,Namae o kaite kudasai.,Tolong tulis nama.,transform,書く → bentuk て,書いて,てください,,neutral,affirmative,neutral,96,"verb-form,te-form",False,True,/assets/grammar/n5/096/illustration.svg,/assets/audio/grammar/n5/096/example.mp3,bunpro foundational,https://bunpro.jp/decks/nn10ai/Bunpro-N5-Grammar,Foundational beginner item useful for N5 app lessons/search; may overlap with vocab/particles/conjugation modules.
grm_n5_097,N5,extended_foundational_n5,97,Vて、B,て、B,te sequence,melakukan A lalu B,and; then,sequence,te_form,Vて、B,Menghubungkan aksi berurutan dalam satu kalimat.,朝起きて、顔を洗います。,"Asa okite, kao o araimasu.","Pagi bangun, lalu mencuci muka.",fill_blank,朝起き____顔を洗います。,て,てから,,polite,affirmative,neutral,97,"sequence,te-form",False,True,/assets/grammar/n5/097/illustration.svg,/assets/audio/grammar/n5/097/example.mp3,bunpro common,https://bunpro.jp/decks/nn10ai/Bunpro-N5-Grammar,Foundational beginner item useful for N5 app lessons/search; may overlap with vocab/particles/conjugation modules.
grm_n5_098,N5,extended_foundational_n5,98,い-adj くない,い-adj くない,i-adj kunai,tidak ... untuk kata sifat-i,i-adjective negative,adjective_form,adjectives,い-adj: い → くない,Bentuk negatif biasa dari kata sifat-i.,この本は高くないです。,Kono hon wa takakunai desu.,Buku ini tidak mahal.,transform,高い → negatif,高くない,い-adjectives,,polite/plain,negative,neutral,98,"adjective,negative",False,True,/assets/grammar/n5/098/illustration.svg,/assets/audio/grammar/n5/098/example.mp3,bunpro foundational,https://bunpro.jp/decks/nn10ai/Bunpro-N5-Grammar,Foundational beginner item useful for N5 app lessons/search; may overlap with vocab/particles/conjugation modules.
grm_n5_099,N5,extended_foundational_n5,99,い-adj かった,い-adj かった,i-adj katta,... dulu/lampau untuk kata sifat-i,i-adjective past,adjective_form,adjectives,い-adj: い → かった,Bentuk lampau dari kata sifat-i.,昨日は暑かったです。,Kinou wa atsukatta desu.,Kemarin panas.,transform,暑い → lampau,暑かった,い-adjectives,,polite/plain,past,neutral,99,"adjective,past",False,True,/assets/grammar/n5/099/illustration.svg,/assets/audio/grammar/n5/099/example.mp3,bunpro foundational,https://bunpro.jp/decks/nn10ai/Bunpro-N5-Grammar,Foundational beginner item useful for N5 app lessons/search; may overlap with vocab/particles/conjugation modules.
grm_n5_100,N5,extended_foundational_n5,100,い-adj くなかった,い-adj くなかった,i-adj kunakatta,tidak ... dulu/lampau negatif,i-adjective past negative,adjective_form,adjectives,い-adj: い → くなかった,Bentuk lampau negatif dari kata sifat-i.,昨日は寒くなかったです。,Kinou wa samukunakatta desu.,Kemarin tidak dingin.,transform,寒い → lampau negatif,寒くなかった,い-adjectives,,polite/plain,past_negative,neutral,100,"adjective,past,negative",False,True,/assets/grammar/n5/100/illustration.svg,/assets/audio/grammar/n5/100/example.mp3,bunpro foundational,https://bunpro.jp/decks/nn10ai/Bunpro-N5-Grammar,Foundational beginner item useful for N5 app lessons/search; may overlap with vocab/particles/conjugation modules.
grm_n5_101,N5,extended_foundational_n5,101,な-adj じゃない,な-adj じゃない,na-adj janai,tidak ... untuk kata sifat-na,na-adjective negative,adjective_form,adjectives,な-adj + じゃない / ではない,Bentuk negatif kata sifat-na.,この部屋は静かじゃないです。,Kono heya wa shizuka janai desu.,Kamar ini tidak tenang.,transform,静か → negatif,静かじゃない,な-adjectives,,polite/plain,negative,neutral,101,"adjective,negative",False,True,/assets/grammar/n5/101/illustration.svg,/assets/audio/grammar/n5/101/example.mp3,bunpro foundational,https://bunpro.jp/decks/nn10ai/Bunpro-N5-Grammar,Foundational beginner item useful for N5 app lessons/search; may overlap with vocab/particles/conjugation modules.
grm_n5_102,N5,extended_foundational_n5,102,な-adj だった・でした,な-adj だった・でした,na-adj datta / deshita,... dulu/lampau untuk kata sifat-na,na-adjective past,adjective_form,adjectives,な-adj + だった / でした,Bentuk lampau kata sifat-na. でした lebih sopan.,昨日の町は静かでした。,Kinou no machi wa shizuka deshita.,Kota kemarin tenang.,transform,静かです → lampau,静かでした,な-adjectives,,polite/plain,past,neutral,102,"adjective,past",False,True,/assets/grammar/n5/102/illustration.svg,/assets/audio/grammar/n5/102/example.mp3,bunpro foundational,https://bunpro.jp/decks/nn10ai/Bunpro-N5-Grammar,Foundational beginner item useful for N5 app lessons/search; may overlap with vocab/particles/conjugation modules.
grm_n5_103,N5,extended_foundational_n5,103,な-adj じゃなかった,な-adj じゃなかった,na-adj janakatta,tidak ... dulu/lampau negatif,na-adjective past negative,adjective_form,adjectives,な-adj + じゃなかった / ではなかった,Bentuk lampau negatif kata sifat-na.,その店は便利じゃなかったです。,Sono mise wa benri janakatta desu.,Toko itu tidak praktis dulu.,transform,便利 → lampau negatif,便利じゃなかった,な-adjectives,,polite/plain,past_negative,neutral,103,"adjective,past,negative",False,True,/assets/grammar/n5/103/illustration.svg,/assets/audio/grammar/n5/103/example.mp3,bunpro foundational,https://bunpro.jp/decks/nn10ai/Bunpro-N5-Grammar,Foundational beginner item useful for N5 app lessons/search; may overlap with vocab/particles/conjugation modules.
grm_n5_104,N5,extended_foundational_n5,104,N でした・だった,N でした・だった,noun deshita / datta,adalah dulu; lampau noun,noun past copula,copula_form,basic_sentence,N + でした / だった,Bentuk lampau dari kopula untuk noun.,昨日は休みでした。,Kinou wa yasumi deshita.,Kemarin hari libur.,transform,休みです → lampau,休みでした,だ / です,,polite/plain,past,neutral,104,"copula,past",False,True,/assets/grammar/n5/104/illustration.svg,/assets/audio/grammar/n5/104/example.mp3,bunpro foundational,https://bunpro.jp/decks/nn10ai/Bunpro-N5-Grammar,Foundational beginner item useful for N5 app lessons/search; may overlap with vocab/particles/conjugation modules.
grm_n5_105,N5,extended_foundational_n5,105,N ではありませんでした,N ではありませんでした,noun dewa arimasen deshita,bukan dulu; lampau negatif noun,noun past negative copula,copula_form,basic_sentence,N + ではありませんでした / じゃなかった,Bentuk lampau negatif dari kopula noun.,昨日は休みではありませんでした。,Kinou wa yasumi dewa arimasen deshita.,Kemarin bukan hari libur.,transform,休みです → lampau negatif,休みではありませんでした,じゃない・ではない,,polite,past_negative,neutral,105,"copula,past,negative",False,True,/assets/grammar/n5/105/illustration.svg,/assets/audio/grammar/n5/105/example.mp3,bunpro foundational,https://bunpro.jp/decks/nn10ai/Bunpro-N5-Grammar,Foundational beginner item useful for N5 app lessons/search; may overlap with vocab/particles/conjugation modules.
grm_n5_106,N5,extended_foundational_n5,106,何か・誰か・どこか,なにか・だれか・どこか,nanika / dareka / dokoka,sesuatu; seseorang; suatu tempat,something; someone; somewhere,indefinite,questions,Kata tanya + か,Mengubah kata tanya menjadi makna tidak tentu.,何か食べたいです。,Nanika tabetai desu.,Saya ingin makan sesuatu.,fill_blank,____食べたいです。,何か,何も,,neutral,affirmative,neutral,106,"question,indefinite",False,True,/assets/grammar/n5/106/illustration.svg,/assets/audio/grammar/n5/106/example.mp3,bunpro common,https://bunpro.jp/decks/nn10ai/Bunpro-N5-Grammar,Foundational beginner item useful for N5 app lessons/search; may overlap with vocab/particles/conjugation modules.
grm_n5_107,N5,extended_foundational_n5,107,何も・誰も + negative,なにも・だれも,nanimo / daremo + negative,tidak apa pun; tidak siapa pun,nothing; no one,negative_indefinite,questions,Kata tanya + も + negatif,"Dengan bentuk negatif, berarti tidak ada sama sekali.",何も食べません。,Nani mo tabemasen.,Saya tidak makan apa pun.,fill_blank,____食べません。,何も,何か,,polite,negative,neutral,107,"question,negative",False,False,/assets/grammar/n5/107/illustration.svg,/assets/audio/grammar/n5/107/example.mp3,bunpro common,https://bunpro.jp/decks/nn10ai/Bunpro-N5-Grammar,Foundational beginner item useful for N5 app lessons/search; may overlap with vocab/particles/conjugation modules.
grm_n5_108,N5,extended_foundational_n5,108,から～まで,から～まで,kara~made,dari... sampai...,from... to/until...,range,time_place,Awal + から + akhir + まで,Menunjukkan rentang waktu atau tempat.,九時から五時まで働きます。,Ku-ji kara go-ji made hatarakimasu.,Saya bekerja dari jam sembilan sampai jam lima.,fill_blank,九時____五時____働きます。,から / まで,までに,,neutral,affirmative,neutral,108,"range,time",False,False,/assets/grammar/n5/108/illustration.svg,/assets/audio/grammar/n5/108/example.mp3,jtest4you common,https://japanesetest4you.com/jlpt-n5-grammar-list/,Foundational beginner item useful for N5 app lessons/search; may overlap with vocab/particles/conjugation modules.
grm_n5_109,N5,extended_foundational_n5,109,この・その・あの・どの,この・その・あの・どの,kono / sono / ano / dono,ini/itu + noun; yang mana + noun,this/that/which + noun,demonstrative,demonstratives,この/その/あの/どの + N,Penunjuk yang harus langsung diikuti kata benda.,この本は新しいです。,Kono hon wa atarashii desu.,Buku ini baru.,fill_blank,____本は新しいです。,この,これ,,neutral,affirmative/question,neutral,109,demonstrative,False,False,/assets/grammar/n5/109/illustration.svg,/assets/audio/grammar/n5/109/example.mp3,bunpro foundational,https://bunpro.jp/decks/nn10ai/Bunpro-N5-Grammar,Foundational beginner item useful for N5 app lessons/search; may overlap with vocab/particles/conjugation modules.
grm_n5_110,N5,extended_foundational_n5,110,これ・それ・あれ・どれ,これ・それ・あれ・どれ,kore / sore / are / dore,ini; itu; yang mana,this; that; which,demonstrative,demonstratives,これ/それ/あれ/どれ + predikat,Kata penunjuk benda yang berdiri sendiri.,これは私の本です。,Kore wa watashi no hon desu.,Ini buku saya.,fill_blank,____は私の本です。,これ,この,,neutral,affirmative/question,neutral,110,demonstrative,False,False,/assets/grammar/n5/110/illustration.svg,/assets/audio/grammar/n5/110/example.mp3,bunpro foundational,https://bunpro.jp/decks/nn10ai/Bunpro-N5-Grammar,Foundational beginner item useful for N5 app lessons/search; may overlap with vocab/particles/conjugation modules.
grm_n5_111,N5,extended_foundational_n5,111,ここ・そこ・あそこ・どこ,ここ・そこ・あそこ・どこ,koko / soko / asoko / doko,di sini; di situ; di sana; di mana,here; there; where,demonstrative_place,demonstratives,ここ/そこ/あそこ/どこ + predikat,Kata penunjuk tempat.,ここは学校です。,Koko wa gakkou desu.,Di sini sekolah.,fill_blank,____は学校です。,ここ,これ,,neutral,affirmative/question,neutral,111,"demonstrative,place",False,False,/assets/grammar/n5/111/illustration.svg,/assets/audio/grammar/n5/111/example.mp3,bunpro foundational,https://bunpro.jp/decks/nn10ai/Bunpro-N5-Grammar,Foundational beginner item useful for N5 app lessons/search; may overlap with vocab/particles/conjugation modules.
grm_n5_112,N5,extended_foundational_n5,112,こちら・そちら・あちら・どちら,こちら・そちら・あちら・どちら,kochira / sochira / achira / dochira,arah/orang/tempat sopan,polite this way/that way/which,demonstrative_polite,demonstratives,こちら/そちら/あちら/どちら + predikat,"Versi sopan untuk arah, tempat, atau orang.",こちらは田中さんです。,Kochira wa Tanaka-san desu.,Ini adalah Tanaka-san.,fill_blank,____は田中さんです。,こちら,ここ,,polite,affirmative/question,polite,112,"demonstrative,polite",False,False,/assets/grammar/n5/112/illustration.svg,/assets/audio/grammar/n5/112/example.mp3,bunpro foundational,https://bunpro.jp/decks/nn10ai/Bunpro-N5-Grammar,Foundational beginner item useful for N5 app lessons/search; may overlap with vocab/particles/conjugation modules.
grm_n5_113,N5,extended_foundational_n5,113,Vことができる,ことができる,koto ga dekiru,bisa melakukan,can do; be able to,ability,ability,V bentuk kamus + ことができる,Menyatakan kemampuan melakukan sesuatu. Sering diajarkan beginner walau bisa muncul lintas level.,日本語を読むことができます。,Nihongo o yomu koto ga dekimasu.,Saya bisa membaca bahasa Jepang.,fill_blank,日本語を読む____できます。,ことが,のが上手,,polite,affirmative,neutral,113,ability,False,False,/assets/grammar/n5/113/illustration.svg,/assets/audio/grammar/n5/113/example.mp3,extended foundational,https://japanesetest4you.com/jlpt-n5-grammar-list/,Foundational beginner item useful for N5 app lessons/search; may overlap with vocab/particles/conjugation modules.
