id,script,category,kana,romaji,romaji_alt,row_group,vowel,base_kana,base_romaji,pair_key,is_digraph,is_common,n5_relevant,audio_path,stroke_order_path,unicode_codepoints,unicode_names,notes,source_url,display_order
kana_hiragana_basic_vowel_a_a_001,hiragana,basic,あ,a,,vowel,a,,,basic:vowel:a:a:,false,true,true,/assets/audio/kana/hiragana/kana_hiragana_basic_vowel_a_a_001.mp3,/assets/strokes/kana/hiragana/kana_hiragana_basic_vowel_a_a_001.svg,U+3042,HIRAGANA LETTER A,Modern basic kana.,https://www.kanshudo.com/hiragana,1
kana_katakana_basic_vowel_a_a_002,katakana,basic,ア,a,,vowel,a,,,basic:vowel:a:a:,false,true,true,/assets/audio/kana/katakana/kana_katakana_basic_vowel_a_a_002.mp3,/assets/strokes/kana/katakana/kana_katakana_basic_vowel_a_a_002.svg,U+30A2,KATAKANA LETTER A,Modern basic kana.,https://www.kanshudo.com/katakana,2
kana_hiragana_basic_vowel_i_i_003,hiragana,basic,い,i,,vowel,i,,,basic:vowel:i:i:,false,true,true,/assets/audio/kana/hiragana/kana_hiragana_basic_vowel_i_i_003.mp3,/assets/strokes/kana/hiragana/kana_hiragana_basic_vowel_i_i_003.svg,U+3044,HIRAGANA LETTER I,Modern basic kana.,https://www.kanshudo.com/hiragana,3
kana_katakana_basic_vowel_i_i_004,katakana,basic,イ,i,,vowel,i,,,basic:vowel:i:i:,false,true,true,/assets/audio/kana/katakana/kana_katakana_basic_vowel_i_i_004.mp3,/assets/strokes/kana/katakana/kana_katakana_basic_vowel_i_i_004.svg,U+30A4,KATAKANA LETTER I,Modern basic kana.,https://www.kanshudo.com/katakana,4
kana_hiragana_basic_vowel_u_u_005,hiragana,basic,う,u,,vowel,u,,,basic:vowel:u:u:,false,true,true,/assets/audio/kana/hiragana/kana_hiragana_basic_vowel_u_u_005.mp3,/assets/strokes/kana/hiragana/kana_hiragana_basic_vowel_u_u_005.svg,U+3046,HIRAGANA LETTER U,Modern basic kana.,https://www.kanshudo.com/hiragana,5
kana_katakana_basic_vowel_u_u_006,katakana,basic,ウ,u,,vowel,u,,,basic:vowel:u:u:,false,true,true,/assets/audio/kana/katakana/kana_katakana_basic_vowel_u_u_006.mp3,/assets/strokes/kana/katakana/kana_katakana_basic_vowel_u_u_006.svg,U+30A6,KATAKANA LETTER U,Modern basic kana.,https://www.kanshudo.com/katakana,6
kana_hiragana_basic_vowel_e_e_007,hiragana,basic,え,e,,vowel,e,,,basic:vowel:e:e:,false,true,true,/assets/audio/kana/hiragana/kana_hiragana_basic_vowel_e_e_007.mp3,/assets/strokes/kana/hiragana/kana_hiragana_basic_vowel_e_e_007.svg,U+3048,HIRAGANA LETTER E,Modern basic kana.,https://www.kanshudo.com/hiragana,7
kana_katakana_basic_vowel_e_e_008,katakana,basic,エ,e,,vowel,e,,,basic:vowel:e:e:,false,true,true,/assets/audio/kana/katakana/kana_katakana_basic_vowel_e_e_008.mp3,/assets/strokes/kana/katakana/kana_katakana_basic_vowel_e_e_008.svg,U+30A8,KATAKANA LETTER E,Modern basic kana.,https://www.kanshudo.com/katakana,8
kana_hiragana_basic_vowel_o_o_009,hiragana,basic,お,o,,vowel,o,,,basic:vowel:o:o:,false,true,true,/assets/audio/kana/hiragana/kana_hiragana_basic_vowel_o_o_009.mp3,/assets/strokes/kana/hiragana/kana_hiragana_basic_vowel_o_o_009.svg,U+304A,HIRAGANA LETTER O,Modern basic kana.,https://www.kanshudo.com/hiragana,9
kana_katakana_basic_vowel_o_o_010,katakana,basic,オ,o,,vowel,o,,,basic:vowel:o:o:,false,true,true,/assets/audio/kana/katakana/kana_katakana_basic_vowel_o_o_010.mp3,/assets/strokes/kana/katakana/kana_katakana_basic_vowel_o_o_010.svg,U+30AA,KATAKANA LETTER O,Modern basic kana.,https://www.kanshudo.com/katakana,10
kana_hiragana_basic_k_a_ka_011,hiragana,basic,か,ka,,k,a,,,basic:k:a:ka:,false,true,true,/assets/audio/kana/hiragana/kana_hiragana_basic_k_a_ka_011.mp3,/assets/strokes/kana/hiragana/kana_hiragana_basic_k_a_ka_011.svg,U+304B,HIRAGANA LETTER KA,Modern basic kana.,https://www.kanshudo.com/hiragana,11
kana_katakana_basic_k_a_ka_012,katakana,basic,カ,ka,,k,a,,,basic:k:a:ka:,false,true,true,/assets/audio/kana/katakana/kana_katakana_basic_k_a_ka_012.mp3,/assets/strokes/kana/katakana/kana_katakana_basic_k_a_ka_012.svg,U+30AB,KATAKANA LETTER KA,Modern basic kana.,https://www.kanshudo.com/katakana,12
kana_hiragana_basic_k_i_ki_013,hiragana,basic,き,ki,,k,i,,,basic:k:i:ki:,false,true,true,/assets/audio/kana/hiragana/kana_hiragana_basic_k_i_ki_013.mp3,/assets/strokes/kana/hiragana/kana_hiragana_basic_k_i_ki_013.svg,U+304D,HIRAGANA LETTER KI,Modern basic kana.,https://www.kanshudo.com/hiragana,13
kana_katakana_basic_k_i_ki_014,katakana,basic,キ,ki,,k,i,,,basic:k:i:ki:,false,true,true,/assets/audio/kana/katakana/kana_katakana_basic_k_i_ki_014.mp3,/assets/strokes/kana/katakana/kana_katakana_basic_k_i_ki_014.svg,U+30AD,KATAKANA LETTER KI,Modern basic kana.,https://www.kanshudo.com/katakana,14
kana_hiragana_basic_k_u_ku_015,hiragana,basic,く,ku,,k,u,,,basic:k:u:ku:,false,true,true,/assets/audio/kana/hiragana/kana_hiragana_basic_k_u_ku_015.mp3,/assets/strokes/kana/hiragana/kana_hiragana_basic_k_u_ku_015.svg,U+304F,HIRAGANA LETTER KU,Modern basic kana.,https://www.kanshudo.com/hiragana,15
kana_katakana_basic_k_u_ku_016,katakana,basic,ク,ku,,k,u,,,basic:k:u:ku:,false,true,true,/assets/audio/kana/katakana/kana_katakana_basic_k_u_ku_016.mp3,/assets/strokes/kana/katakana/kana_katakana_basic_k_u_ku_016.svg,U+30AF,KATAKANA LETTER KU,Modern basic kana.,https://www.kanshudo.com/katakana,16
kana_hiragana_basic_k_e_ke_017,hiragana,basic,け,ke,,k,e,,,basic:k:e:ke:,false,true,true,/assets/audio/kana/hiragana/kana_hiragana_basic_k_e_ke_017.mp3,/assets/strokes/kana/hiragana/kana_hiragana_basic_k_e_ke_017.svg,U+3051,HIRAGANA LETTER KE,Modern basic kana.,https://www.kanshudo.com/hiragana,17
kana_katakana_basic_k_e_ke_018,katakana,basic,ケ,ke,,k,e,,,basic:k:e:ke:,false,true,true,/assets/audio/kana/katakana/kana_katakana_basic_k_e_ke_018.mp3,/assets/strokes/kana/katakana/kana_katakana_basic_k_e_ke_018.svg,U+30B1,KATAKANA LETTER KE,Modern basic kana.,https://www.kanshudo.com/katakana,18
kana_hiragana_basic_k_o_ko_019,hiragana,basic,こ,ko,,k,o,,,basic:k:o:ko:,false,true,true,/assets/audio/kana/hiragana/kana_hiragana_basic_k_o_ko_019.mp3,/assets/strokes/kana/hiragana/kana_hiragana_basic_k_o_ko_019.svg,U+3053,HIRAGANA LETTER KO,Modern basic kana.,https://www.kanshudo.com/hiragana,19
kana_katakana_basic_k_o_ko_020,katakana,basic,コ,ko,,k,o,,,basic:k:o:ko:,false,true,true,/assets/audio/kana/katakana/kana_katakana_basic_k_o_ko_020.mp3,/assets/strokes/kana/katakana/kana_katakana_basic_k_o_ko_020.svg,U+30B3,KATAKANA LETTER KO,Modern basic kana.,https://www.kanshudo.com/katakana,20
kana_hiragana_basic_s_a_sa_021,hiragana,basic,さ,sa,,s,a,,,basic:s:a:sa:,false,true,true,/assets/audio/kana/hiragana/kana_hiragana_basic_s_a_sa_021.mp3,/assets/strokes/kana/hiragana/kana_hiragana_basic_s_a_sa_021.svg,U+3055,HIRAGANA LETTER SA,Modern basic kana.,https://www.kanshudo.com/hiragana,21
kana_katakana_basic_s_a_sa_022,katakana,basic,サ,sa,,s,a,,,basic:s:a:sa:,false,true,true,/assets/audio/kana/katakana/kana_katakana_basic_s_a_sa_022.mp3,/assets/strokes/kana/katakana/kana_katakana_basic_s_a_sa_022.svg,U+30B5,KATAKANA LETTER SA,Modern basic kana.,https://www.kanshudo.com/katakana,22
kana_hiragana_basic_s_i_shi_023,hiragana,basic,し,shi,si,s,i,,,basic:s:i:shi:,false,true,true,/assets/audio/kana/hiragana/kana_hiragana_basic_s_i_shi_023.mp3,/assets/strokes/kana/hiragana/kana_hiragana_basic_s_i_shi_023.svg,U+3057,HIRAGANA LETTER SI,Modern basic kana.,https://www.kanshudo.com/hiragana,23
kana_katakana_basic_s_i_shi_024,katakana,basic,シ,shi,si,s,i,,,basic:s:i:shi:,false,true,true,/assets/audio/kana/katakana/kana_katakana_basic_s_i_shi_024.mp3,/assets/strokes/kana/katakana/kana_katakana_basic_s_i_shi_024.svg,U+30B7,KATAKANA LETTER SI,Modern basic kana.,https://www.kanshudo.com/katakana,24
kana_hiragana_basic_s_u_su_025,hiragana,basic,す,su,,s,u,,,basic:s:u:su:,false,true,true,/assets/audio/kana/hiragana/kana_hiragana_basic_s_u_su_025.mp3,/assets/strokes/kana/hiragana/kana_hiragana_basic_s_u_su_025.svg,U+3059,HIRAGANA LETTER SU,Modern basic kana.,https://www.kanshudo.com/hiragana,25
kana_katakana_basic_s_u_su_026,katakana,basic,ス,su,,s,u,,,basic:s:u:su:,false,true,true,/assets/audio/kana/katakana/kana_katakana_basic_s_u_su_026.mp3,/assets/strokes/kana/katakana/kana_katakana_basic_s_u_su_026.svg,U+30B9,KATAKANA LETTER SU,Modern basic kana.,https://www.kanshudo.com/katakana,26
kana_hiragana_basic_s_e_se_027,hiragana,basic,せ,se,,s,e,,,basic:s:e:se:,false,true,true,/assets/audio/kana/hiragana/kana_hiragana_basic_s_e_se_027.mp3,/assets/strokes/kana/hiragana/kana_hiragana_basic_s_e_se_027.svg,U+305B,HIRAGANA LETTER SE,Modern basic kana.,https://www.kanshudo.com/hiragana,27
kana_katakana_basic_s_e_se_028,katakana,basic,セ,se,,s,e,,,basic:s:e:se:,false,true,true,/assets/audio/kana/katakana/kana_katakana_basic_s_e_se_028.mp3,/assets/strokes/kana/katakana/kana_katakana_basic_s_e_se_028.svg,U+30BB,KATAKANA LETTER SE,Modern basic kana.,https://www.kanshudo.com/katakana,28
kana_hiragana_basic_s_o_so_029,hiragana,basic,そ,so,,s,o,,,basic:s:o:so:,false,true,true,/assets/audio/kana/hiragana/kana_hiragana_basic_s_o_so_029.mp3,/assets/strokes/kana/hiragana/kana_hiragana_basic_s_o_so_029.svg,U+305D,HIRAGANA LETTER SO,Modern basic kana.,https://www.kanshudo.com/hiragana,29
kana_katakana_basic_s_o_so_030,katakana,basic,ソ,so,,s,o,,,basic:s:o:so:,false,true,true,/assets/audio/kana/katakana/kana_katakana_basic_s_o_so_030.mp3,/assets/strokes/kana/katakana/kana_katakana_basic_s_o_so_030.svg,U+30BD,KATAKANA LETTER SO,Modern basic kana.,https://www.kanshudo.com/katakana,30
kana_hiragana_basic_t_a_ta_031,hiragana,basic,た,ta,,t,a,,,basic:t:a:ta:,false,true,true,/assets/audio/kana/hiragana/kana_hiragana_basic_t_a_ta_031.mp3,/assets/strokes/kana/hiragana/kana_hiragana_basic_t_a_ta_031.svg,U+305F,HIRAGANA LETTER TA,Modern basic kana.,https://www.kanshudo.com/hiragana,31
kana_katakana_basic_t_a_ta_032,katakana,basic,タ,ta,,t,a,,,basic:t:a:ta:,false,true,true,/assets/audio/kana/katakana/kana_katakana_basic_t_a_ta_032.mp3,/assets/strokes/kana/katakana/kana_katakana_basic_t_a_ta_032.svg,U+30BF,KATAKANA LETTER TA,Modern basic kana.,https://www.kanshudo.com/katakana,32
kana_hiragana_basic_t_i_chi_033,hiragana,basic,ち,chi,ti,t,i,,,basic:t:i:chi:,false,true,true,/assets/audio/kana/hiragana/kana_hiragana_basic_t_i_chi_033.mp3,/assets/strokes/kana/hiragana/kana_hiragana_basic_t_i_chi_033.svg,U+3061,HIRAGANA LETTER TI,Modern basic kana.,https://www.kanshudo.com/hiragana,33
kana_katakana_basic_t_i_chi_034,katakana,basic,チ,chi,ti,t,i,,,basic:t:i:chi:,false,true,true,/assets/audio/kana/katakana/kana_katakana_basic_t_i_chi_034.mp3,/assets/strokes/kana/katakana/kana_katakana_basic_t_i_chi_034.svg,U+30C1,KATAKANA LETTER TI,Modern basic kana.,https://www.kanshudo.com/katakana,34
kana_hiragana_basic_t_u_tsu_035,hiragana,basic,つ,tsu,tu,t,u,,,basic:t:u:tsu:,false,true,true,/assets/audio/kana/hiragana/kana_hiragana_basic_t_u_tsu_035.mp3,/assets/strokes/kana/hiragana/kana_hiragana_basic_t_u_tsu_035.svg,U+3064,HIRAGANA LETTER TU,Modern basic kana.,https://www.kanshudo.com/hiragana,35
kana_katakana_basic_t_u_tsu_036,katakana,basic,ツ,tsu,tu,t,u,,,basic:t:u:tsu:,false,true,true,/assets/audio/kana/katakana/kana_katakana_basic_t_u_tsu_036.mp3,/assets/strokes/kana/katakana/kana_katakana_basic_t_u_tsu_036.svg,U+30C4,KATAKANA LETTER TU,Modern basic kana.,https://www.kanshudo.com/katakana,36
kana_hiragana_basic_t_e_te_037,hiragana,basic,て,te,,t,e,,,basic:t:e:te:,false,true,true,/assets/audio/kana/hiragana/kana_hiragana_basic_t_e_te_037.mp3,/assets/strokes/kana/hiragana/kana_hiragana_basic_t_e_te_037.svg,U+3066,HIRAGANA LETTER TE,Modern basic kana.,https://www.kanshudo.com/hiragana,37
kana_katakana_basic_t_e_te_038,katakana,basic,テ,te,,t,e,,,basic:t:e:te:,false,true,true,/assets/audio/kana/katakana/kana_katakana_basic_t_e_te_038.mp3,/assets/strokes/kana/katakana/kana_katakana_basic_t_e_te_038.svg,U+30C6,KATAKANA LETTER TE,Modern basic kana.,https://www.kanshudo.com/katakana,38
kana_hiragana_basic_t_o_to_039,hiragana,basic,と,to,,t,o,,,basic:t:o:to:,false,true,true,/assets/audio/kana/hiragana/kana_hiragana_basic_t_o_to_039.mp3,/assets/strokes/kana/hiragana/kana_hiragana_basic_t_o_to_039.svg,U+3068,HIRAGANA LETTER TO,Modern basic kana.,https://www.kanshudo.com/hiragana,39
kana_katakana_basic_t_o_to_040,katakana,basic,ト,to,,t,o,,,basic:t:o:to:,false,true,true,/assets/audio/kana/katakana/kana_katakana_basic_t_o_to_040.mp3,/assets/strokes/kana/katakana/kana_katakana_basic_t_o_to_040.svg,U+30C8,KATAKANA LETTER TO,Modern basic kana.,https://www.kanshudo.com/katakana,40
kana_hiragana_basic_n_a_na_041,hiragana,basic,な,na,,n,a,,,basic:n:a:na:,false,true,true,/assets/audio/kana/hiragana/kana_hiragana_basic_n_a_na_041.mp3,/assets/strokes/kana/hiragana/kana_hiragana_basic_n_a_na_041.svg,U+306A,HIRAGANA LETTER NA,Modern basic kana.,https://www.kanshudo.com/hiragana,41
kana_katakana_basic_n_a_na_042,katakana,basic,ナ,na,,n,a,,,basic:n:a:na:,false,true,true,/assets/audio/kana/katakana/kana_katakana_basic_n_a_na_042.mp3,/assets/strokes/kana/katakana/kana_katakana_basic_n_a_na_042.svg,U+30CA,KATAKANA LETTER NA,Modern basic kana.,https://www.kanshudo.com/katakana,42
kana_hiragana_basic_n_i_ni_043,hiragana,basic,に,ni,,n,i,,,basic:n:i:ni:,false,true,true,/assets/audio/kana/hiragana/kana_hiragana_basic_n_i_ni_043.mp3,/assets/strokes/kana/hiragana/kana_hiragana_basic_n_i_ni_043.svg,U+306B,HIRAGANA LETTER NI,Modern basic kana.,https://www.kanshudo.com/hiragana,43
kana_katakana_basic_n_i_ni_044,katakana,basic,ニ,ni,,n,i,,,basic:n:i:ni:,false,true,true,/assets/audio/kana/katakana/kana_katakana_basic_n_i_ni_044.mp3,/assets/strokes/kana/katakana/kana_katakana_basic_n_i_ni_044.svg,U+30CB,KATAKANA LETTER NI,Modern basic kana.,https://www.kanshudo.com/katakana,44
kana_hiragana_basic_n_u_nu_045,hiragana,basic,ぬ,nu,,n,u,,,basic:n:u:nu:,false,true,true,/assets/audio/kana/hiragana/kana_hiragana_basic_n_u_nu_045.mp3,/assets/strokes/kana/hiragana/kana_hiragana_basic_n_u_nu_045.svg,U+306C,HIRAGANA LETTER NU,Modern basic kana.,https://www.kanshudo.com/hiragana,45
kana_katakana_basic_n_u_nu_046,katakana,basic,ヌ,nu,,n,u,,,basic:n:u:nu:,false,true,true,/assets/audio/kana/katakana/kana_katakana_basic_n_u_nu_046.mp3,/assets/strokes/kana/katakana/kana_katakana_basic_n_u_nu_046.svg,U+30CC,KATAKANA LETTER NU,Modern basic kana.,https://www.kanshudo.com/katakana,46
kana_hiragana_basic_n_e_ne_047,hiragana,basic,ね,ne,,n,e,,,basic:n:e:ne:,false,true,true,/assets/audio/kana/hiragana/kana_hiragana_basic_n_e_ne_047.mp3,/assets/strokes/kana/hiragana/kana_hiragana_basic_n_e_ne_047.svg,U+306D,HIRAGANA LETTER NE,Modern basic kana.,https://www.kanshudo.com/hiragana,47
kana_katakana_basic_n_e_ne_048,katakana,basic,ネ,ne,,n,e,,,basic:n:e:ne:,false,true,true,/assets/audio/kana/katakana/kana_katakana_basic_n_e_ne_048.mp3,/assets/strokes/kana/katakana/kana_katakana_basic_n_e_ne_048.svg,U+30CD,KATAKANA LETTER NE,Modern basic kana.,https://www.kanshudo.com/katakana,48
kana_hiragana_basic_n_o_no_049,hiragana,basic,の,no,,n,o,,,basic:n:o:no:,false,true,true,/assets/audio/kana/hiragana/kana_hiragana_basic_n_o_no_049.mp3,/assets/strokes/kana/hiragana/kana_hiragana_basic_n_o_no_049.svg,U+306E,HIRAGANA LETTER NO,Modern basic kana.,https://www.kanshudo.com/hiragana,49
kana_katakana_basic_n_o_no_050,katakana,basic,ノ,no,,n,o,,,basic:n:o:no:,false,true,true,/assets/audio/kana/katakana/kana_katakana_basic_n_o_no_050.mp3,/assets/strokes/kana/katakana/kana_katakana_basic_n_o_no_050.svg,U+30CE,KATAKANA LETTER NO,Modern basic kana.,https://www.kanshudo.com/katakana,50
kana_hiragana_basic_h_a_ha_051,hiragana,basic,は,ha,,h,a,,,basic:h:a:ha:,false,true,true,/assets/audio/kana/hiragana/kana_hiragana_basic_h_a_ha_051.mp3,/assets/strokes/kana/hiragana/kana_hiragana_basic_h_a_ha_051.svg,U+306F,HIRAGANA LETTER HA,Modern basic kana.,https://www.kanshudo.com/hiragana,51
kana_katakana_basic_h_a_ha_052,katakana,basic,ハ,ha,,h,a,,,basic:h:a:ha:,false,true,true,/assets/audio/kana/katakana/kana_katakana_basic_h_a_ha_052.mp3,/assets/strokes/kana/katakana/kana_katakana_basic_h_a_ha_052.svg,U+30CF,KATAKANA LETTER HA,Modern basic kana.,https://www.kanshudo.com/katakana,52
kana_hiragana_basic_h_i_hi_053,hiragana,basic,ひ,hi,,h,i,,,basic:h:i:hi:,false,true,true,/assets/audio/kana/hiragana/kana_hiragana_basic_h_i_hi_053.mp3,/assets/strokes/kana/hiragana/kana_hiragana_basic_h_i_hi_053.svg,U+3072,HIRAGANA LETTER HI,Modern basic kana.,https://www.kanshudo.com/hiragana,53
kana_katakana_basic_h_i_hi_054,katakana,basic,ヒ,hi,,h,i,,,basic:h:i:hi:,false,true,true,/assets/audio/kana/katakana/kana_katakana_basic_h_i_hi_054.mp3,/assets/strokes/kana/katakana/kana_katakana_basic_h_i_hi_054.svg,U+30D2,KATAKANA LETTER HI,Modern basic kana.,https://www.kanshudo.com/katakana,54
kana_hiragana_basic_h_u_fu_055,hiragana,basic,ふ,fu,hu,h,u,,,basic:h:u:fu:,false,true,true,/assets/audio/kana/hiragana/kana_hiragana_basic_h_u_fu_055.mp3,/assets/strokes/kana/hiragana/kana_hiragana_basic_h_u_fu_055.svg,U+3075,HIRAGANA LETTER HU,Modern basic kana.,https://www.kanshudo.com/hiragana,55
kana_katakana_basic_h_u_fu_056,katakana,basic,フ,fu,hu,h,u,,,basic:h:u:fu:,false,true,true,/assets/audio/kana/katakana/kana_katakana_basic_h_u_fu_056.mp3,/assets/strokes/kana/katakana/kana_katakana_basic_h_u_fu_056.svg,U+30D5,KATAKANA LETTER HU,Modern basic kana.,https://www.kanshudo.com/katakana,56
kana_hiragana_basic_h_e_he_057,hiragana,basic,へ,he,,h,e,,,basic:h:e:he:,false,true,true,/assets/audio/kana/hiragana/kana_hiragana_basic_h_e_he_057.mp3,/assets/strokes/kana/hiragana/kana_hiragana_basic_h_e_he_057.svg,U+3078,HIRAGANA LETTER HE,Modern basic kana.,https://www.kanshudo.com/hiragana,57
kana_katakana_basic_h_e_he_058,katakana,basic,ヘ,he,,h,e,,,basic:h:e:he:,false,true,true,/assets/audio/kana/katakana/kana_katakana_basic_h_e_he_058.mp3,/assets/strokes/kana/katakana/kana_katakana_basic_h_e_he_058.svg,U+30D8,KATAKANA LETTER HE,Modern basic kana.,https://www.kanshudo.com/katakana,58
kana_hiragana_basic_h_o_ho_059,hiragana,basic,ほ,ho,,h,o,,,basic:h:o:ho:,false,true,true,/assets/audio/kana/hiragana/kana_hiragana_basic_h_o_ho_059.mp3,/assets/strokes/kana/hiragana/kana_hiragana_basic_h_o_ho_059.svg,U+307B,HIRAGANA LETTER HO,Modern basic kana.,https://www.kanshudo.com/hiragana,59
kana_katakana_basic_h_o_ho_060,katakana,basic,ホ,ho,,h,o,,,basic:h:o:ho:,false,true,true,/assets/audio/kana/katakana/kana_katakana_basic_h_o_ho_060.mp3,/assets/strokes/kana/katakana/kana_katakana_basic_h_o_ho_060.svg,U+30DB,KATAKANA LETTER HO,Modern basic kana.,https://www.kanshudo.com/katakana,60
kana_hiragana_basic_m_a_ma_061,hiragana,basic,ま,ma,,m,a,,,basic:m:a:ma:,false,true,true,/assets/audio/kana/hiragana/kana_hiragana_basic_m_a_ma_061.mp3,/assets/strokes/kana/hiragana/kana_hiragana_basic_m_a_ma_061.svg,U+307E,HIRAGANA LETTER MA,Modern basic kana.,https://www.kanshudo.com/hiragana,61
kana_katakana_basic_m_a_ma_062,katakana,basic,マ,ma,,m,a,,,basic:m:a:ma:,false,true,true,/assets/audio/kana/katakana/kana_katakana_basic_m_a_ma_062.mp3,/assets/strokes/kana/katakana/kana_katakana_basic_m_a_ma_062.svg,U+30DE,KATAKANA LETTER MA,Modern basic kana.,https://www.kanshudo.com/katakana,62
kana_hiragana_basic_m_i_mi_063,hiragana,basic,み,mi,,m,i,,,basic:m:i:mi:,false,true,true,/assets/audio/kana/hiragana/kana_hiragana_basic_m_i_mi_063.mp3,/assets/strokes/kana/hiragana/kana_hiragana_basic_m_i_mi_063.svg,U+307F,HIRAGANA LETTER MI,Modern basic kana.,https://www.kanshudo.com/hiragana,63
kana_katakana_basic_m_i_mi_064,katakana,basic,ミ,mi,,m,i,,,basic:m:i:mi:,false,true,true,/assets/audio/kana/katakana/kana_katakana_basic_m_i_mi_064.mp3,/assets/strokes/kana/katakana/kana_katakana_basic_m_i_mi_064.svg,U+30DF,KATAKANA LETTER MI,Modern basic kana.,https://www.kanshudo.com/katakana,64
kana_hiragana_basic_m_u_mu_065,hiragana,basic,む,mu,,m,u,,,basic:m:u:mu:,false,true,true,/assets/audio/kana/hiragana/kana_hiragana_basic_m_u_mu_065.mp3,/assets/strokes/kana/hiragana/kana_hiragana_basic_m_u_mu_065.svg,U+3080,HIRAGANA LETTER MU,Modern basic kana.,https://www.kanshudo.com/hiragana,65
kana_katakana_basic_m_u_mu_066,katakana,basic,ム,mu,,m,u,,,basic:m:u:mu:,false,true,true,/assets/audio/kana/katakana/kana_katakana_basic_m_u_mu_066.mp3,/assets/strokes/kana/katakana/kana_katakana_basic_m_u_mu_066.svg,U+30E0,KATAKANA LETTER MU,Modern basic kana.,https://www.kanshudo.com/katakana,66
kana_hiragana_basic_m_e_me_067,hiragana,basic,め,me,,m,e,,,basic:m:e:me:,false,true,true,/assets/audio/kana/hiragana/kana_hiragana_basic_m_e_me_067.mp3,/assets/strokes/kana/hiragana/kana_hiragana_basic_m_e_me_067.svg,U+3081,HIRAGANA LETTER ME,Modern basic kana.,https://www.kanshudo.com/hiragana,67
kana_katakana_basic_m_e_me_068,katakana,basic,メ,me,,m,e,,,basic:m:e:me:,false,true,true,/assets/audio/kana/katakana/kana_katakana_basic_m_e_me_068.mp3,/assets/strokes/kana/katakana/kana_katakana_basic_m_e_me_068.svg,U+30E1,KATAKANA LETTER ME,Modern basic kana.,https://www.kanshudo.com/katakana,68
kana_hiragana_basic_m_o_mo_069,hiragana,basic,も,mo,,m,o,,,basic:m:o:mo:,false,true,true,/assets/audio/kana/hiragana/kana_hiragana_basic_m_o_mo_069.mp3,/assets/strokes/kana/hiragana/kana_hiragana_basic_m_o_mo_069.svg,U+3082,HIRAGANA LETTER MO,Modern basic kana.,https://www.kanshudo.com/hiragana,69
kana_katakana_basic_m_o_mo_070,katakana,basic,モ,mo,,m,o,,,basic:m:o:mo:,false,true,true,/assets/audio/kana/katakana/kana_katakana_basic_m_o_mo_070.mp3,/assets/strokes/kana/katakana/kana_katakana_basic_m_o_mo_070.svg,U+30E2,KATAKANA LETTER MO,Modern basic kana.,https://www.kanshudo.com/katakana,70
kana_hiragana_basic_y_a_ya_071,hiragana,basic,や,ya,,y,a,,,basic:y:a:ya:,false,true,true,/assets/audio/kana/hiragana/kana_hiragana_basic_y_a_ya_071.mp3,/assets/strokes/kana/hiragana/kana_hiragana_basic_y_a_ya_071.svg,U+3084,HIRAGANA LETTER YA,Modern basic kana.,https://www.kanshudo.com/hiragana,71
kana_katakana_basic_y_a_ya_072,katakana,basic,ヤ,ya,,y,a,,,basic:y:a:ya:,false,true,true,/assets/audio/kana/katakana/kana_katakana_basic_y_a_ya_072.mp3,/assets/strokes/kana/katakana/kana_katakana_basic_y_a_ya_072.svg,U+30E4,KATAKANA LETTER YA,Modern basic kana.,https://www.kanshudo.com/katakana,72
kana_hiragana_basic_y_u_yu_073,hiragana,basic,ゆ,yu,,y,u,,,basic:y:u:yu:,false,true,true,/assets/audio/kana/hiragana/kana_hiragana_basic_y_u_yu_073.mp3,/assets/strokes/kana/hiragana/kana_hiragana_basic_y_u_yu_073.svg,U+3086,HIRAGANA LETTER YU,Modern basic kana.,https://www.kanshudo.com/hiragana,73
kana_katakana_basic_y_u_yu_074,katakana,basic,ユ,yu,,y,u,,,basic:y:u:yu:,false,true,true,/assets/audio/kana/katakana/kana_katakana_basic_y_u_yu_074.mp3,/assets/strokes/kana/katakana/kana_katakana_basic_y_u_yu_074.svg,U+30E6,KATAKANA LETTER YU,Modern basic kana.,https://www.kanshudo.com/katakana,74
kana_hiragana_basic_y_o_yo_075,hiragana,basic,よ,yo,,y,o,,,basic:y:o:yo:,false,true,true,/assets/audio/kana/hiragana/kana_hiragana_basic_y_o_yo_075.mp3,/assets/strokes/kana/hiragana/kana_hiragana_basic_y_o_yo_075.svg,U+3088,HIRAGANA LETTER YO,Modern basic kana.,https://www.kanshudo.com/hiragana,75
kana_katakana_basic_y_o_yo_076,katakana,basic,ヨ,yo,,y,o,,,basic:y:o:yo:,false,true,true,/assets/audio/kana/katakana/kana_katakana_basic_y_o_yo_076.mp3,/assets/strokes/kana/katakana/kana_katakana_basic_y_o_yo_076.svg,U+30E8,KATAKANA LETTER YO,Modern basic kana.,https://www.kanshudo.com/katakana,76
kana_hiragana_basic_r_a_ra_077,hiragana,basic,ら,ra,,r,a,,,basic:r:a:ra:,false,true,true,/assets/audio/kana/hiragana/kana_hiragana_basic_r_a_ra_077.mp3,/assets/strokes/kana/hiragana/kana_hiragana_basic_r_a_ra_077.svg,U+3089,HIRAGANA LETTER RA,Modern basic kana.,https://www.kanshudo.com/hiragana,77
kana_katakana_basic_r_a_ra_078,katakana,basic,ラ,ra,,r,a,,,basic:r:a:ra:,false,true,true,/assets/audio/kana/katakana/kana_katakana_basic_r_a_ra_078.mp3,/assets/strokes/kana/katakana/kana_katakana_basic_r_a_ra_078.svg,U+30E9,KATAKANA LETTER RA,Modern basic kana.,https://www.kanshudo.com/katakana,78
kana_hiragana_basic_r_i_ri_079,hiragana,basic,り,ri,,r,i,,,basic:r:i:ri:,false,true,true,/assets/audio/kana/hiragana/kana_hiragana_basic_r_i_ri_079.mp3,/assets/strokes/kana/hiragana/kana_hiragana_basic_r_i_ri_079.svg,U+308A,HIRAGANA LETTER RI,Modern basic kana.,https://www.kanshudo.com/hiragana,79
kana_katakana_basic_r_i_ri_080,katakana,basic,リ,ri,,r,i,,,basic:r:i:ri:,false,true,true,/assets/audio/kana/katakana/kana_katakana_basic_r_i_ri_080.mp3,/assets/strokes/kana/katakana/kana_katakana_basic_r_i_ri_080.svg,U+30EA,KATAKANA LETTER RI,Modern basic kana.,https://www.kanshudo.com/katakana,80
kana_hiragana_basic_r_u_ru_081,hiragana,basic,る,ru,,r,u,,,basic:r:u:ru:,false,true,true,/assets/audio/kana/hiragana/kana_hiragana_basic_r_u_ru_081.mp3,/assets/strokes/kana/hiragana/kana_hiragana_basic_r_u_ru_081.svg,U+308B,HIRAGANA LETTER RU,Modern basic kana.,https://www.kanshudo.com/hiragana,81
kana_katakana_basic_r_u_ru_082,katakana,basic,ル,ru,,r,u,,,basic:r:u:ru:,false,true,true,/assets/audio/kana/katakana/kana_katakana_basic_r_u_ru_082.mp3,/assets/strokes/kana/katakana/kana_katakana_basic_r_u_ru_082.svg,U+30EB,KATAKANA LETTER RU,Modern basic kana.,https://www.kanshudo.com/katakana,82
kana_hiragana_basic_r_e_re_083,hiragana,basic,れ,re,,r,e,,,basic:r:e:re:,false,true,true,/assets/audio/kana/hiragana/kana_hiragana_basic_r_e_re_083.mp3,/assets/strokes/kana/hiragana/kana_hiragana_basic_r_e_re_083.svg,U+308C,HIRAGANA LETTER RE,Modern basic kana.,https://www.kanshudo.com/hiragana,83
kana_katakana_basic_r_e_re_084,katakana,basic,レ,re,,r,e,,,basic:r:e:re:,false,true,true,/assets/audio/kana/katakana/kana_katakana_basic_r_e_re_084.mp3,/assets/strokes/kana/katakana/kana_katakana_basic_r_e_re_084.svg,U+30EC,KATAKANA LETTER RE,Modern basic kana.,https://www.kanshudo.com/katakana,84
kana_hiragana_basic_r_o_ro_085,hiragana,basic,ろ,ro,,r,o,,,basic:r:o:ro:,false,true,true,/assets/audio/kana/hiragana/kana_hiragana_basic_r_o_ro_085.mp3,/assets/strokes/kana/hiragana/kana_hiragana_basic_r_o_ro_085.svg,U+308D,HIRAGANA LETTER RO,Modern basic kana.,https://www.kanshudo.com/hiragana,85
kana_katakana_basic_r_o_ro_086,katakana,basic,ロ,ro,,r,o,,,basic:r:o:ro:,false,true,true,/assets/audio/kana/katakana/kana_katakana_basic_r_o_ro_086.mp3,/assets/strokes/kana/katakana/kana_katakana_basic_r_o_ro_086.svg,U+30ED,KATAKANA LETTER RO,Modern basic kana.,https://www.kanshudo.com/katakana,86
kana_hiragana_basic_w_a_wa_087,hiragana,basic,わ,wa,,w,a,,,basic:w:a:wa:,false,true,true,/assets/audio/kana/hiragana/kana_hiragana_basic_w_a_wa_087.mp3,/assets/strokes/kana/hiragana/kana_hiragana_basic_w_a_wa_087.svg,U+308F,HIRAGANA LETTER WA,Modern basic kana.,https://www.kanshudo.com/hiragana,87
kana_katakana_basic_w_a_wa_088,katakana,basic,ワ,wa,,w,a,,,basic:w:a:wa:,false,true,true,/assets/audio/kana/katakana/kana_katakana_basic_w_a_wa_088.mp3,/assets/strokes/kana/katakana/kana_katakana_basic_w_a_wa_088.svg,U+30EF,KATAKANA LETTER WA,Modern basic kana.,https://www.kanshudo.com/katakana,88
kana_hiragana_basic_w_o_wo_089,hiragana,basic,を,wo,o,w,o,,,basic:w:o:wo:,false,true,true,/assets/audio/kana/hiragana/kana_hiragana_basic_w_o_wo_089.mp3,/assets/strokes/kana/hiragana/kana_hiragana_basic_w_o_wo_089.svg,U+3092,HIRAGANA LETTER WO,Modern basic kana.,https://www.kanshudo.com/hiragana,89
kana_katakana_basic_w_o_wo_090,katakana,basic,ヲ,wo,o,w,o,,,basic:w:o:wo:,false,true,true,/assets/audio/kana/katakana/kana_katakana_basic_w_o_wo_090.mp3,/assets/strokes/kana/katakana/kana_katakana_basic_w_o_wo_090.svg,U+30F2,KATAKANA LETTER WO,Modern basic kana.,https://www.kanshudo.com/katakana,90
kana_hiragana_basic_n-final_n_091,hiragana,basic,ん,n,,n-final,,,,basic:n-final::n:,false,true,true,/assets/audio/kana/hiragana/kana_hiragana_basic_n-final_n_091.mp3,/assets/strokes/kana/hiragana/kana_hiragana_basic_n-final_n_091.svg,U+3093,HIRAGANA LETTER N,Syllabic nasal n.,https://www.kanshudo.com/hiragana,91
kana_katakana_basic_n-final_n_092,katakana,basic,ン,n,,n-final,,,,basic:n-final::n:,false,true,true,/assets/audio/kana/katakana/kana_katakana_basic_n-final_n_092.mp3,/assets/strokes/kana/katakana/kana_katakana_basic_n-final_n_092.svg,U+30F3,KATAKANA LETTER N,Syllabic nasal n.,https://www.kanshudo.com/katakana,92
kana_hiragana_dakuon_g_a_ga_093,hiragana,dakuon,が,ga,,g,a,か,ka,dakuon:g:a:ga:ka,false,true,true,/assets/audio/kana/hiragana/kana_hiragana_dakuon_g_a_ga_093.mp3,/assets/strokes/kana/hiragana/kana_hiragana_dakuon_g_a_ga_093.svg,U+304C,HIRAGANA LETTER GA,Voiced kana using dakuten.,https://www.kanshudo.com/hiragana,93
kana_katakana_dakuon_g_a_ga_094,katakana,dakuon,ガ,ga,,g,a,カ,ka,dakuon:g:a:ga:ka,false,true,true,/assets/audio/kana/katakana/kana_katakana_dakuon_g_a_ga_094.mp3,/assets/strokes/kana/katakana/kana_katakana_dakuon_g_a_ga_094.svg,U+30AC,KATAKANA LETTER GA,Voiced kana using dakuten.,https://www.kanshudo.com/katakana,94
kana_hiragana_dakuon_g_i_gi_095,hiragana,dakuon,ぎ,gi,,g,i,き,ki,dakuon:g:i:gi:ki,false,true,true,/assets/audio/kana/hiragana/kana_hiragana_dakuon_g_i_gi_095.mp3,/assets/strokes/kana/hiragana/kana_hiragana_dakuon_g_i_gi_095.svg,U+304E,HIRAGANA LETTER GI,Voiced kana using dakuten.,https://www.kanshudo.com/hiragana,95
kana_katakana_dakuon_g_i_gi_096,katakana,dakuon,ギ,gi,,g,i,キ,ki,dakuon:g:i:gi:ki,false,true,true,/assets/audio/kana/katakana/kana_katakana_dakuon_g_i_gi_096.mp3,/assets/strokes/kana/katakana/kana_katakana_dakuon_g_i_gi_096.svg,U+30AE,KATAKANA LETTER GI,Voiced kana using dakuten.,https://www.kanshudo.com/katakana,96
kana_hiragana_dakuon_g_u_gu_097,hiragana,dakuon,ぐ,gu,,g,u,く,ku,dakuon:g:u:gu:ku,false,true,true,/assets/audio/kana/hiragana/kana_hiragana_dakuon_g_u_gu_097.mp3,/assets/strokes/kana/hiragana/kana_hiragana_dakuon_g_u_gu_097.svg,U+3050,HIRAGANA LETTER GU,Voiced kana using dakuten.,https://www.kanshudo.com/hiragana,97
kana_katakana_dakuon_g_u_gu_098,katakana,dakuon,グ,gu,,g,u,ク,ku,dakuon:g:u:gu:ku,false,true,true,/assets/audio/kana/katakana/kana_katakana_dakuon_g_u_gu_098.mp3,/assets/strokes/kana/katakana/kana_katakana_dakuon_g_u_gu_098.svg,U+30B0,KATAKANA LETTER GU,Voiced kana using dakuten.,https://www.kanshudo.com/katakana,98
kana_hiragana_dakuon_g_e_ge_099,hiragana,dakuon,げ,ge,,g,e,け,ke,dakuon:g:e:ge:ke,false,true,true,/assets/audio/kana/hiragana/kana_hiragana_dakuon_g_e_ge_099.mp3,/assets/strokes/kana/hiragana/kana_hiragana_dakuon_g_e_ge_099.svg,U+3052,HIRAGANA LETTER GE,Voiced kana using dakuten.,https://www.kanshudo.com/hiragana,99
kana_katakana_dakuon_g_e_ge_100,katakana,dakuon,ゲ,ge,,g,e,ケ,ke,dakuon:g:e:ge:ke,false,true,true,/assets/audio/kana/katakana/kana_katakana_dakuon_g_e_ge_100.mp3,/assets/strokes/kana/katakana/kana_katakana_dakuon_g_e_ge_100.svg,U+30B2,KATAKANA LETTER GE,Voiced kana using dakuten.,https://www.kanshudo.com/katakana,100
kana_hiragana_dakuon_g_o_go_101,hiragana,dakuon,ご,go,,g,o,こ,ko,dakuon:g:o:go:ko,false,true,true,/assets/audio/kana/hiragana/kana_hiragana_dakuon_g_o_go_101.mp3,/assets/strokes/kana/hiragana/kana_hiragana_dakuon_g_o_go_101.svg,U+3054,HIRAGANA LETTER GO,Voiced kana using dakuten.,https://www.kanshudo.com/hiragana,101
kana_katakana_dakuon_g_o_go_102,katakana,dakuon,ゴ,go,,g,o,コ,ko,dakuon:g:o:go:ko,false,true,true,/assets/audio/kana/katakana/kana_katakana_dakuon_g_o_go_102.mp3,/assets/strokes/kana/katakana/kana_katakana_dakuon_g_o_go_102.svg,U+30B4,KATAKANA LETTER GO,Voiced kana using dakuten.,https://www.kanshudo.com/katakana,102
kana_hiragana_dakuon_z_a_za_103,hiragana,dakuon,ざ,za,,z,a,さ,sa,dakuon:z:a:za:sa,false,true,true,/assets/audio/kana/hiragana/kana_hiragana_dakuon_z_a_za_103.mp3,/assets/strokes/kana/hiragana/kana_hiragana_dakuon_z_a_za_103.svg,U+3056,HIRAGANA LETTER ZA,Voiced kana using dakuten.,https://www.kanshudo.com/hiragana,103
kana_katakana_dakuon_z_a_za_104,katakana,dakuon,ザ,za,,z,a,サ,sa,dakuon:z:a:za:sa,false,true,true,/assets/audio/kana/katakana/kana_katakana_dakuon_z_a_za_104.mp3,/assets/strokes/kana/katakana/kana_katakana_dakuon_z_a_za_104.svg,U+30B6,KATAKANA LETTER ZA,Voiced kana using dakuten.,https://www.kanshudo.com/katakana,104
kana_hiragana_dakuon_z_i_ji_105,hiragana,dakuon,じ,ji,zi,z,i,し,shi,dakuon:z:i:ji:shi,false,true,true,/assets/audio/kana/hiragana/kana_hiragana_dakuon_z_i_ji_105.mp3,/assets/strokes/kana/hiragana/kana_hiragana_dakuon_z_i_ji_105.svg,U+3058,HIRAGANA LETTER ZI,Voiced kana using dakuten.,https://www.kanshudo.com/hiragana,105
kana_katakana_dakuon_z_i_ji_106,katakana,dakuon,ジ,ji,zi,z,i,シ,shi,dakuon:z:i:ji:shi,false,true,true,/assets/audio/kana/katakana/kana_katakana_dakuon_z_i_ji_106.mp3,/assets/strokes/kana/katakana/kana_katakana_dakuon_z_i_ji_106.svg,U+30B8,KATAKANA LETTER ZI,Voiced kana using dakuten.,https://www.kanshudo.com/katakana,106
kana_hiragana_dakuon_z_u_zu_107,hiragana,dakuon,ず,zu,,z,u,す,su,dakuon:z:u:zu:su,false,true,true,/assets/audio/kana/hiragana/kana_hiragana_dakuon_z_u_zu_107.mp3,/assets/strokes/kana/hiragana/kana_hiragana_dakuon_z_u_zu_107.svg,U+305A,HIRAGANA LETTER ZU,Voiced kana using dakuten.,https://www.kanshudo.com/hiragana,107
kana_katakana_dakuon_z_u_zu_108,katakana,dakuon,ズ,zu,,z,u,ス,su,dakuon:z:u:zu:su,false,true,true,/assets/audio/kana/katakana/kana_katakana_dakuon_z_u_zu_108.mp3,/assets/strokes/kana/katakana/kana_katakana_dakuon_z_u_zu_108.svg,U+30BA,KATAKANA LETTER ZU,Voiced kana using dakuten.,https://www.kanshudo.com/katakana,108
kana_hiragana_dakuon_z_e_ze_109,hiragana,dakuon,ぜ,ze,,z,e,せ,se,dakuon:z:e:ze:se,false,true,true,/assets/audio/kana/hiragana/kana_hiragana_dakuon_z_e_ze_109.mp3,/assets/strokes/kana/hiragana/kana_hiragana_dakuon_z_e_ze_109.svg,U+305C,HIRAGANA LETTER ZE,Voiced kana using dakuten.,https://www.kanshudo.com/hiragana,109
kana_katakana_dakuon_z_e_ze_110,katakana,dakuon,ゼ,ze,,z,e,セ,se,dakuon:z:e:ze:se,false,true,true,/assets/audio/kana/katakana/kana_katakana_dakuon_z_e_ze_110.mp3,/assets/strokes/kana/katakana/kana_katakana_dakuon_z_e_ze_110.svg,U+30BC,KATAKANA LETTER ZE,Voiced kana using dakuten.,https://www.kanshudo.com/katakana,110
kana_hiragana_dakuon_z_o_zo_111,hiragana,dakuon,ぞ,zo,,z,o,そ,so,dakuon:z:o:zo:so,false,true,true,/assets/audio/kana/hiragana/kana_hiragana_dakuon_z_o_zo_111.mp3,/assets/strokes/kana/hiragana/kana_hiragana_dakuon_z_o_zo_111.svg,U+305E,HIRAGANA LETTER ZO,Voiced kana using dakuten.,https://www.kanshudo.com/hiragana,111
kana_katakana_dakuon_z_o_zo_112,katakana,dakuon,ゾ,zo,,z,o,ソ,so,dakuon:z:o:zo:so,false,true,true,/assets/audio/kana/katakana/kana_katakana_dakuon_z_o_zo_112.mp3,/assets/strokes/kana/katakana/kana_katakana_dakuon_z_o_zo_112.svg,U+30BE,KATAKANA LETTER ZO,Voiced kana using dakuten.,https://www.kanshudo.com/katakana,112
kana_hiragana_dakuon_d_a_da_113,hiragana,dakuon,だ,da,,d,a,た,ta,dakuon:d:a:da:ta,false,true,true,/assets/audio/kana/hiragana/kana_hiragana_dakuon_d_a_da_113.mp3,/assets/strokes/kana/hiragana/kana_hiragana_dakuon_d_a_da_113.svg,U+3060,HIRAGANA LETTER DA,Voiced kana using dakuten.,https://www.kanshudo.com/hiragana,113
kana_katakana_dakuon_d_a_da_114,katakana,dakuon,ダ,da,,d,a,タ,ta,dakuon:d:a:da:ta,false,true,true,/assets/audio/kana/katakana/kana_katakana_dakuon_d_a_da_114.mp3,/assets/strokes/kana/katakana/kana_katakana_dakuon_d_a_da_114.svg,U+30C0,KATAKANA LETTER DA,Voiced kana using dakuten.,https://www.kanshudo.com/katakana,114
kana_hiragana_dakuon_d_i_ji_115,hiragana,dakuon,ぢ,ji,di;dji,d,i,ち,chi,dakuon:d:i:ji:chi,false,true,true,/assets/audio/kana/hiragana/kana_hiragana_dakuon_d_i_ji_115.mp3,/assets/strokes/kana/hiragana/kana_hiragana_dakuon_d_i_ji_115.svg,U+3062,HIRAGANA LETTER DI,"Voiced kana using dakuten. Rare in modern spelling, but included for completeness.",https://www.kanshudo.com/hiragana,115
kana_katakana_dakuon_d_i_ji_116,katakana,dakuon,ヂ,ji,di;dji,d,i,チ,chi,dakuon:d:i:ji:chi,false,true,true,/assets/audio/kana/katakana/kana_katakana_dakuon_d_i_ji_116.mp3,/assets/strokes/kana/katakana/kana_katakana_dakuon_d_i_ji_116.svg,U+30C2,KATAKANA LETTER DI,"Voiced kana using dakuten. Rare in modern spelling, but included for completeness.",https://www.kanshudo.com/katakana,116
kana_hiragana_dakuon_d_u_zu_117,hiragana,dakuon,づ,zu,du,d,u,つ,tsu,dakuon:d:u:zu:tsu,false,true,true,/assets/audio/kana/hiragana/kana_hiragana_dakuon_d_u_zu_117.mp3,/assets/strokes/kana/hiragana/kana_hiragana_dakuon_d_u_zu_117.svg,U+3065,HIRAGANA LETTER DU,"Voiced kana using dakuten. Rare in modern spelling, but included for completeness.",https://www.kanshudo.com/hiragana,117
kana_katakana_dakuon_d_u_zu_118,katakana,dakuon,ヅ,zu,du,d,u,ツ,tsu,dakuon:d:u:zu:tsu,false,true,true,/assets/audio/kana/katakana/kana_katakana_dakuon_d_u_zu_118.mp3,/assets/strokes/kana/katakana/kana_katakana_dakuon_d_u_zu_118.svg,U+30C5,KATAKANA LETTER DU,"Voiced kana using dakuten. Rare in modern spelling, but included for completeness.",https://www.kanshudo.com/katakana,118
kana_hiragana_dakuon_d_e_de_119,hiragana,dakuon,で,de,,d,e,て,te,dakuon:d:e:de:te,false,true,true,/assets/audio/kana/hiragana/kana_hiragana_dakuon_d_e_de_119.mp3,/assets/strokes/kana/hiragana/kana_hiragana_dakuon_d_e_de_119.svg,U+3067,HIRAGANA LETTER DE,Voiced kana using dakuten.,https://www.kanshudo.com/hiragana,119
kana_katakana_dakuon_d_e_de_120,katakana,dakuon,デ,de,,d,e,テ,te,dakuon:d:e:de:te,false,true,true,/assets/audio/kana/katakana/kana_katakana_dakuon_d_e_de_120.mp3,/assets/strokes/kana/katakana/kana_katakana_dakuon_d_e_de_120.svg,U+30C7,KATAKANA LETTER DE,Voiced kana using dakuten.,https://www.kanshudo.com/katakana,120
kana_hiragana_dakuon_d_o_do_121,hiragana,dakuon,ど,do,,d,o,と,to,dakuon:d:o:do:to,false,true,true,/assets/audio/kana/hiragana/kana_hiragana_dakuon_d_o_do_121.mp3,/assets/strokes/kana/hiragana/kana_hiragana_dakuon_d_o_do_121.svg,U+3069,HIRAGANA LETTER DO,Voiced kana using dakuten.,https://www.kanshudo.com/hiragana,121
kana_katakana_dakuon_d_o_do_122,katakana,dakuon,ド,do,,d,o,ト,to,dakuon:d:o:do:to,false,true,true,/assets/audio/kana/katakana/kana_katakana_dakuon_d_o_do_122.mp3,/assets/strokes/kana/katakana/kana_katakana_dakuon_d_o_do_122.svg,U+30C9,KATAKANA LETTER DO,Voiced kana using dakuten.,https://www.kanshudo.com/katakana,122
kana_hiragana_dakuon_b_a_ba_123,hiragana,dakuon,ば,ba,,b,a,は,ha,dakuon:b:a:ba:ha,false,true,true,/assets/audio/kana/hiragana/kana_hiragana_dakuon_b_a_ba_123.mp3,/assets/strokes/kana/hiragana/kana_hiragana_dakuon_b_a_ba_123.svg,U+3070,HIRAGANA LETTER BA,Voiced kana using dakuten.,https://www.kanshudo.com/hiragana,123
kana_katakana_dakuon_b_a_ba_124,katakana,dakuon,バ,ba,,b,a,ハ,ha,dakuon:b:a:ba:ha,false,true,true,/assets/audio/kana/katakana/kana_katakana_dakuon_b_a_ba_124.mp3,/assets/strokes/kana/katakana/kana_katakana_dakuon_b_a_ba_124.svg,U+30D0,KATAKANA LETTER BA,Voiced kana using dakuten.,https://www.kanshudo.com/katakana,124
kana_hiragana_dakuon_b_i_bi_125,hiragana,dakuon,び,bi,,b,i,ひ,hi,dakuon:b:i:bi:hi,false,true,true,/assets/audio/kana/hiragana/kana_hiragana_dakuon_b_i_bi_125.mp3,/assets/strokes/kana/hiragana/kana_hiragana_dakuon_b_i_bi_125.svg,U+3073,HIRAGANA LETTER BI,Voiced kana using dakuten.,https://www.kanshudo.com/hiragana,125
kana_katakana_dakuon_b_i_bi_126,katakana,dakuon,ビ,bi,,b,i,ヒ,hi,dakuon:b:i:bi:hi,false,true,true,/assets/audio/kana/katakana/kana_katakana_dakuon_b_i_bi_126.mp3,/assets/strokes/kana/katakana/kana_katakana_dakuon_b_i_bi_126.svg,U+30D3,KATAKANA LETTER BI,Voiced kana using dakuten.,https://www.kanshudo.com/katakana,126
kana_hiragana_dakuon_b_u_bu_127,hiragana,dakuon,ぶ,bu,,b,u,ふ,fu,dakuon:b:u:bu:fu,false,true,true,/assets/audio/kana/hiragana/kana_hiragana_dakuon_b_u_bu_127.mp3,/assets/strokes/kana/hiragana/kana_hiragana_dakuon_b_u_bu_127.svg,U+3076,HIRAGANA LETTER BU,Voiced kana using dakuten.,https://www.kanshudo.com/hiragana,127
kana_katakana_dakuon_b_u_bu_128,katakana,dakuon,ブ,bu,,b,u,フ,fu,dakuon:b:u:bu:fu,false,true,true,/assets/audio/kana/katakana/kana_katakana_dakuon_b_u_bu_128.mp3,/assets/strokes/kana/katakana/kana_katakana_dakuon_b_u_bu_128.svg,U+30D6,KATAKANA LETTER BU,Voiced kana using dakuten.,https://www.kanshudo.com/katakana,128
kana_hiragana_dakuon_b_e_be_129,hiragana,dakuon,べ,be,,b,e,へ,he,dakuon:b:e:be:he,false,true,true,/assets/audio/kana/hiragana/kana_hiragana_dakuon_b_e_be_129.mp3,/assets/strokes/kana/hiragana/kana_hiragana_dakuon_b_e_be_129.svg,U+3079,HIRAGANA LETTER BE,Voiced kana using dakuten.,https://www.kanshudo.com/hiragana,129
kana_katakana_dakuon_b_e_be_130,katakana,dakuon,ベ,be,,b,e,ヘ,he,dakuon:b:e:be:he,false,true,true,/assets/audio/kana/katakana/kana_katakana_dakuon_b_e_be_130.mp3,/assets/strokes/kana/katakana/kana_katakana_dakuon_b_e_be_130.svg,U+30D9,KATAKANA LETTER BE,Voiced kana using dakuten.,https://www.kanshudo.com/katakana,130
kana_hiragana_dakuon_b_o_bo_131,hiragana,dakuon,ぼ,bo,,b,o,ほ,ho,dakuon:b:o:bo:ho,false,true,true,/assets/audio/kana/hiragana/kana_hiragana_dakuon_b_o_bo_131.mp3,/assets/strokes/kana/hiragana/kana_hiragana_dakuon_b_o_bo_131.svg,U+307C,HIRAGANA LETTER BO,Voiced kana using dakuten.,https://www.kanshudo.com/hiragana,131
kana_katakana_dakuon_b_o_bo_132,katakana,dakuon,ボ,bo,,b,o,ホ,ho,dakuon:b:o:bo:ho,false,true,true,/assets/audio/kana/katakana/kana_katakana_dakuon_b_o_bo_132.mp3,/assets/strokes/kana/katakana/kana_katakana_dakuon_b_o_bo_132.svg,U+30DC,KATAKANA LETTER BO,Voiced kana using dakuten.,https://www.kanshudo.com/katakana,132
kana_hiragana_handakuon_p_a_pa_133,hiragana,handakuon,ぱ,pa,,p,a,は,ha,handakuon:p:a:pa:ha,false,true,true,/assets/audio/kana/hiragana/kana_hiragana_handakuon_p_a_pa_133.mp3,/assets/strokes/kana/hiragana/kana_hiragana_handakuon_p_a_pa_133.svg,U+3071,HIRAGANA LETTER PA,P-sound kana using handakuten.,https://www.kanshudo.com/hiragana,133
kana_katakana_handakuon_p_a_pa_134,katakana,handakuon,パ,pa,,p,a,ハ,ha,handakuon:p:a:pa:ha,false,true,true,/assets/audio/kana/katakana/kana_katakana_handakuon_p_a_pa_134.mp3,/assets/strokes/kana/katakana/kana_katakana_handakuon_p_a_pa_134.svg,U+30D1,KATAKANA LETTER PA,P-sound kana using handakuten.,https://www.kanshudo.com/katakana,134
kana_hiragana_handakuon_p_i_pi_135,hiragana,handakuon,ぴ,pi,,p,i,ひ,hi,handakuon:p:i:pi:hi,false,true,true,/assets/audio/kana/hiragana/kana_hiragana_handakuon_p_i_pi_135.mp3,/assets/strokes/kana/hiragana/kana_hiragana_handakuon_p_i_pi_135.svg,U+3074,HIRAGANA LETTER PI,P-sound kana using handakuten.,https://www.kanshudo.com/hiragana,135
kana_katakana_handakuon_p_i_pi_136,katakana,handakuon,ピ,pi,,p,i,ヒ,hi,handakuon:p:i:pi:hi,false,true,true,/assets/audio/kana/katakana/kana_katakana_handakuon_p_i_pi_136.mp3,/assets/strokes/kana/katakana/kana_katakana_handakuon_p_i_pi_136.svg,U+30D4,KATAKANA LETTER PI,P-sound kana using handakuten.,https://www.kanshudo.com/katakana,136
kana_hiragana_handakuon_p_u_pu_137,hiragana,handakuon,ぷ,pu,,p,u,ふ,fu,handakuon:p:u:pu:fu,false,true,true,/assets/audio/kana/hiragana/kana_hiragana_handakuon_p_u_pu_137.mp3,/assets/strokes/kana/hiragana/kana_hiragana_handakuon_p_u_pu_137.svg,U+3077,HIRAGANA LETTER PU,P-sound kana using handakuten.,https://www.kanshudo.com/hiragana,137
kana_katakana_handakuon_p_u_pu_138,katakana,handakuon,プ,pu,,p,u,フ,fu,handakuon:p:u:pu:fu,false,true,true,/assets/audio/kana/katakana/kana_katakana_handakuon_p_u_pu_138.mp3,/assets/strokes/kana/katakana/kana_katakana_handakuon_p_u_pu_138.svg,U+30D7,KATAKANA LETTER PU,P-sound kana using handakuten.,https://www.kanshudo.com/katakana,138
kana_hiragana_handakuon_p_e_pe_139,hiragana,handakuon,ぺ,pe,,p,e,へ,he,handakuon:p:e:pe:he,false,true,true,/assets/audio/kana/hiragana/kana_hiragana_handakuon_p_e_pe_139.mp3,/assets/strokes/kana/hiragana/kana_hiragana_handakuon_p_e_pe_139.svg,U+307A,HIRAGANA LETTER PE,P-sound kana using handakuten.,https://www.kanshudo.com/hiragana,139
kana_katakana_handakuon_p_e_pe_140,katakana,handakuon,ペ,pe,,p,e,ヘ,he,handakuon:p:e:pe:he,false,true,true,/assets/audio/kana/katakana/kana_katakana_handakuon_p_e_pe_140.mp3,/assets/strokes/kana/katakana/kana_katakana_handakuon_p_e_pe_140.svg,U+30DA,KATAKANA LETTER PE,P-sound kana using handakuten.,https://www.kanshudo.com/katakana,140
kana_hiragana_handakuon_p_o_po_141,hiragana,handakuon,ぽ,po,,p,o,ほ,ho,handakuon:p:o:po:ho,false,true,true,/assets/audio/kana/hiragana/kana_hiragana_handakuon_p_o_po_141.mp3,/assets/strokes/kana/hiragana/kana_hiragana_handakuon_p_o_po_141.svg,U+307D,HIRAGANA LETTER PO,P-sound kana using handakuten.,https://www.kanshudo.com/hiragana,141
kana_katakana_handakuon_p_o_po_142,katakana,handakuon,ポ,po,,p,o,ホ,ho,handakuon:p:o:po:ho,false,true,true,/assets/audio/kana/katakana/kana_katakana_handakuon_p_o_po_142.mp3,/assets/strokes/kana/katakana/kana_katakana_handakuon_p_o_po_142.svg,U+30DD,KATAKANA LETTER PO,P-sound kana using handakuten.,https://www.kanshudo.com/katakana,142
kana_hiragana_yoon_k_ya_kya_143,hiragana,yoon,きゃ,kya,,k,ya,き,ki,yoon:k:ya:kya:ki,true,true,true,/assets/audio/kana/hiragana/kana_hiragana_yoon_k_ya_kya_143.mp3,/assets/strokes/kana/hiragana/kana_hiragana_yoon_k_ya_kya_143.svg,U+304D U+3083,HIRAGANA LETTER KI; HIRAGANA LETTER SMALL YA,Yōon combination: i-row kana + small ya/yu/yo.,https://www.kanshudo.com/hiragana,143
kana_katakana_yoon_k_ya_kya_144,katakana,yoon,キャ,kya,,k,ya,キ,ki,yoon:k:ya:kya:ki,true,true,true,/assets/audio/kana/katakana/kana_katakana_yoon_k_ya_kya_144.mp3,/assets/strokes/kana/katakana/kana_katakana_yoon_k_ya_kya_144.svg,U+30AD U+30E3,KATAKANA LETTER KI; KATAKANA LETTER SMALL YA,Yōon combination: i-row kana + small ya/yu/yo.,https://www.kanshudo.com/katakana,144
kana_hiragana_yoon_k_yu_kyu_145,hiragana,yoon,きゅ,kyu,,k,yu,き,ki,yoon:k:yu:kyu:ki,true,true,true,/assets/audio/kana/hiragana/kana_hiragana_yoon_k_yu_kyu_145.mp3,/assets/strokes/kana/hiragana/kana_hiragana_yoon_k_yu_kyu_145.svg,U+304D U+3085,HIRAGANA LETTER KI; HIRAGANA LETTER SMALL YU,Yōon combination: i-row kana + small ya/yu/yo.,https://www.kanshudo.com/hiragana,145
kana_katakana_yoon_k_yu_kyu_146,katakana,yoon,キュ,kyu,,k,yu,キ,ki,yoon:k:yu:kyu:ki,true,true,true,/assets/audio/kana/katakana/kana_katakana_yoon_k_yu_kyu_146.mp3,/assets/strokes/kana/katakana/kana_katakana_yoon_k_yu_kyu_146.svg,U+30AD U+30E5,KATAKANA LETTER KI; KATAKANA LETTER SMALL YU,Yōon combination: i-row kana + small ya/yu/yo.,https://www.kanshudo.com/katakana,146
kana_hiragana_yoon_k_yo_kyo_147,hiragana,yoon,きょ,kyo,,k,yo,き,ki,yoon:k:yo:kyo:ki,true,true,true,/assets/audio/kana/hiragana/kana_hiragana_yoon_k_yo_kyo_147.mp3,/assets/strokes/kana/hiragana/kana_hiragana_yoon_k_yo_kyo_147.svg,U+304D U+3087,HIRAGANA LETTER KI; HIRAGANA LETTER SMALL YO,Yōon combination: i-row kana + small ya/yu/yo.,https://www.kanshudo.com/hiragana,147
kana_katakana_yoon_k_yo_kyo_148,katakana,yoon,キョ,kyo,,k,yo,キ,ki,yoon:k:yo:kyo:ki,true,true,true,/assets/audio/kana/katakana/kana_katakana_yoon_k_yo_kyo_148.mp3,/assets/strokes/kana/katakana/kana_katakana_yoon_k_yo_kyo_148.svg,U+30AD U+30E7,KATAKANA LETTER KI; KATAKANA LETTER SMALL YO,Yōon combination: i-row kana + small ya/yu/yo.,https://www.kanshudo.com/katakana,148
kana_hiragana_yoon_g_ya_gya_149,hiragana,yoon,ぎゃ,gya,,g,ya,ぎ,gi,yoon:g:ya:gya:gi,true,true,true,/assets/audio/kana/hiragana/kana_hiragana_yoon_g_ya_gya_149.mp3,/assets/strokes/kana/hiragana/kana_hiragana_yoon_g_ya_gya_149.svg,U+304E U+3083,HIRAGANA LETTER GI; HIRAGANA LETTER SMALL YA,Yōon combination: i-row kana + small ya/yu/yo.,https://www.kanshudo.com/hiragana,149
kana_katakana_yoon_g_ya_gya_150,katakana,yoon,ギャ,gya,,g,ya,ギ,gi,yoon:g:ya:gya:gi,true,true,true,/assets/audio/kana/katakana/kana_katakana_yoon_g_ya_gya_150.mp3,/assets/strokes/kana/katakana/kana_katakana_yoon_g_ya_gya_150.svg,U+30AE U+30E3,KATAKANA LETTER GI; KATAKANA LETTER SMALL YA,Yōon combination: i-row kana + small ya/yu/yo.,https://www.kanshudo.com/katakana,150
kana_hiragana_yoon_g_yu_gyu_151,hiragana,yoon,ぎゅ,gyu,,g,yu,ぎ,gi,yoon:g:yu:gyu:gi,true,true,true,/assets/audio/kana/hiragana/kana_hiragana_yoon_g_yu_gyu_151.mp3,/assets/strokes/kana/hiragana/kana_hiragana_yoon_g_yu_gyu_151.svg,U+304E U+3085,HIRAGANA LETTER GI; HIRAGANA LETTER SMALL YU,Yōon combination: i-row kana + small ya/yu/yo.,https://www.kanshudo.com/hiragana,151
kana_katakana_yoon_g_yu_gyu_152,katakana,yoon,ギュ,gyu,,g,yu,ギ,gi,yoon:g:yu:gyu:gi,true,true,true,/assets/audio/kana/katakana/kana_katakana_yoon_g_yu_gyu_152.mp3,/assets/strokes/kana/katakana/kana_katakana_yoon_g_yu_gyu_152.svg,U+30AE U+30E5,KATAKANA LETTER GI; KATAKANA LETTER SMALL YU,Yōon combination: i-row kana + small ya/yu/yo.,https://www.kanshudo.com/katakana,152
kana_hiragana_yoon_g_yo_gyo_153,hiragana,yoon,ぎょ,gyo,,g,yo,ぎ,gi,yoon:g:yo:gyo:gi,true,true,true,/assets/audio/kana/hiragana/kana_hiragana_yoon_g_yo_gyo_153.mp3,/assets/strokes/kana/hiragana/kana_hiragana_yoon_g_yo_gyo_153.svg,U+304E U+3087,HIRAGANA LETTER GI; HIRAGANA LETTER SMALL YO,Yōon combination: i-row kana + small ya/yu/yo.,https://www.kanshudo.com/hiragana,153
kana_katakana_yoon_g_yo_gyo_154,katakana,yoon,ギョ,gyo,,g,yo,ギ,gi,yoon:g:yo:gyo:gi,true,true,true,/assets/audio/kana/katakana/kana_katakana_yoon_g_yo_gyo_154.mp3,/assets/strokes/kana/katakana/kana_katakana_yoon_g_yo_gyo_154.svg,U+30AE U+30E7,KATAKANA LETTER GI; KATAKANA LETTER SMALL YO,Yōon combination: i-row kana + small ya/yu/yo.,https://www.kanshudo.com/katakana,154
kana_hiragana_yoon_s_ya_sha_155,hiragana,yoon,しゃ,sha,,s,ya,し,shi,yoon:s:ya:sha:shi,true,true,true,/assets/audio/kana/hiragana/kana_hiragana_yoon_s_ya_sha_155.mp3,/assets/strokes/kana/hiragana/kana_hiragana_yoon_s_ya_sha_155.svg,U+3057 U+3083,HIRAGANA LETTER SI; HIRAGANA LETTER SMALL YA,Yōon combination: i-row kana + small ya/yu/yo.,https://www.kanshudo.com/hiragana,155
kana_katakana_yoon_s_ya_sha_156,katakana,yoon,シャ,sha,,s,ya,シ,shi,yoon:s:ya:sha:shi,true,true,true,/assets/audio/kana/katakana/kana_katakana_yoon_s_ya_sha_156.mp3,/assets/strokes/kana/katakana/kana_katakana_yoon_s_ya_sha_156.svg,U+30B7 U+30E3,KATAKANA LETTER SI; KATAKANA LETTER SMALL YA,Yōon combination: i-row kana + small ya/yu/yo.,https://www.kanshudo.com/katakana,156
kana_hiragana_yoon_s_yu_shu_157,hiragana,yoon,しゅ,shu,,s,yu,し,shi,yoon:s:yu:shu:shi,true,true,true,/assets/audio/kana/hiragana/kana_hiragana_yoon_s_yu_shu_157.mp3,/assets/strokes/kana/hiragana/kana_hiragana_yoon_s_yu_shu_157.svg,U+3057 U+3085,HIRAGANA LETTER SI; HIRAGANA LETTER SMALL YU,Yōon combination: i-row kana + small ya/yu/yo.,https://www.kanshudo.com/hiragana,157
kana_katakana_yoon_s_yu_shu_158,katakana,yoon,シュ,shu,,s,yu,シ,shi,yoon:s:yu:shu:shi,true,true,true,/assets/audio/kana/katakana/kana_katakana_yoon_s_yu_shu_158.mp3,/assets/strokes/kana/katakana/kana_katakana_yoon_s_yu_shu_158.svg,U+30B7 U+30E5,KATAKANA LETTER SI; KATAKANA LETTER SMALL YU,Yōon combination: i-row kana + small ya/yu/yo.,https://www.kanshudo.com/katakana,158
kana_hiragana_yoon_s_yo_sho_159,hiragana,yoon,しょ,sho,,s,yo,し,shi,yoon:s:yo:sho:shi,true,true,true,/assets/audio/kana/hiragana/kana_hiragana_yoon_s_yo_sho_159.mp3,/assets/strokes/kana/hiragana/kana_hiragana_yoon_s_yo_sho_159.svg,U+3057 U+3087,HIRAGANA LETTER SI; HIRAGANA LETTER SMALL YO,Yōon combination: i-row kana + small ya/yu/yo.,https://www.kanshudo.com/hiragana,159
kana_katakana_yoon_s_yo_sho_160,katakana,yoon,ショ,sho,,s,yo,シ,shi,yoon:s:yo:sho:shi,true,true,true,/assets/audio/kana/katakana/kana_katakana_yoon_s_yo_sho_160.mp3,/assets/strokes/kana/katakana/kana_katakana_yoon_s_yo_sho_160.svg,U+30B7 U+30E7,KATAKANA LETTER SI; KATAKANA LETTER SMALL YO,Yōon combination: i-row kana + small ya/yu/yo.,https://www.kanshudo.com/katakana,160
kana_hiragana_yoon_z_ya_ja_161,hiragana,yoon,じゃ,ja,,z,ya,じ,ji,yoon:z:ya:ja:ji,true,true,true,/assets/audio/kana/hiragana/kana_hiragana_yoon_z_ya_ja_161.mp3,/assets/strokes/kana/hiragana/kana_hiragana_yoon_z_ya_ja_161.svg,U+3058 U+3083,HIRAGANA LETTER ZI; HIRAGANA LETTER SMALL YA,Yōon combination: i-row kana + small ya/yu/yo.,https://www.kanshudo.com/hiragana,161
kana_katakana_yoon_z_ya_ja_162,katakana,yoon,ジャ,ja,,z,ya,ジ,ji,yoon:z:ya:ja:ji,true,true,true,/assets/audio/kana/katakana/kana_katakana_yoon_z_ya_ja_162.mp3,/assets/strokes/kana/katakana/kana_katakana_yoon_z_ya_ja_162.svg,U+30B8 U+30E3,KATAKANA LETTER ZI; KATAKANA LETTER SMALL YA,Yōon combination: i-row kana + small ya/yu/yo.,https://www.kanshudo.com/katakana,162
kana_hiragana_yoon_z_yu_ju_163,hiragana,yoon,じゅ,ju,,z,yu,じ,ji,yoon:z:yu:ju:ji,true,true,true,/assets/audio/kana/hiragana/kana_hiragana_yoon_z_yu_ju_163.mp3,/assets/strokes/kana/hiragana/kana_hiragana_yoon_z_yu_ju_163.svg,U+3058 U+3085,HIRAGANA LETTER ZI; HIRAGANA LETTER SMALL YU,Yōon combination: i-row kana + small ya/yu/yo.,https://www.kanshudo.com/hiragana,163
kana_katakana_yoon_z_yu_ju_164,katakana,yoon,ジュ,ju,,z,yu,ジ,ji,yoon:z:yu:ju:ji,true,true,true,/assets/audio/kana/katakana/kana_katakana_yoon_z_yu_ju_164.mp3,/assets/strokes/kana/katakana/kana_katakana_yoon_z_yu_ju_164.svg,U+30B8 U+30E5,KATAKANA LETTER ZI; KATAKANA LETTER SMALL YU,Yōon combination: i-row kana + small ya/yu/yo.,https://www.kanshudo.com/katakana,164
kana_hiragana_yoon_z_yo_jo_165,hiragana,yoon,じょ,jo,,z,yo,じ,ji,yoon:z:yo:jo:ji,true,true,true,/assets/audio/kana/hiragana/kana_hiragana_yoon_z_yo_jo_165.mp3,/assets/strokes/kana/hiragana/kana_hiragana_yoon_z_yo_jo_165.svg,U+3058 U+3087,HIRAGANA LETTER ZI; HIRAGANA LETTER SMALL YO,Yōon combination: i-row kana + small ya/yu/yo.,https://www.kanshudo.com/hiragana,165
kana_katakana_yoon_z_yo_jo_166,katakana,yoon,ジョ,jo,,z,yo,ジ,ji,yoon:z:yo:jo:ji,true,true,true,/assets/audio/kana/katakana/kana_katakana_yoon_z_yo_jo_166.mp3,/assets/strokes/kana/katakana/kana_katakana_yoon_z_yo_jo_166.svg,U+30B8 U+30E7,KATAKANA LETTER ZI; KATAKANA LETTER SMALL YO,Yōon combination: i-row kana + small ya/yu/yo.,https://www.kanshudo.com/katakana,166
kana_hiragana_yoon_t_ya_cha_167,hiragana,yoon,ちゃ,cha,,t,ya,ち,chi,yoon:t:ya:cha:chi,true,true,true,/assets/audio/kana/hiragana/kana_hiragana_yoon_t_ya_cha_167.mp3,/assets/strokes/kana/hiragana/kana_hiragana_yoon_t_ya_cha_167.svg,U+3061 U+3083,HIRAGANA LETTER TI; HIRAGANA LETTER SMALL YA,Yōon combination: i-row kana + small ya/yu/yo.,https://www.kanshudo.com/hiragana,167
kana_katakana_yoon_t_ya_cha_168,katakana,yoon,チャ,cha,,t,ya,チ,chi,yoon:t:ya:cha:chi,true,true,true,/assets/audio/kana/katakana/kana_katakana_yoon_t_ya_cha_168.mp3,/assets/strokes/kana/katakana/kana_katakana_yoon_t_ya_cha_168.svg,U+30C1 U+30E3,KATAKANA LETTER TI; KATAKANA LETTER SMALL YA,Yōon combination: i-row kana + small ya/yu/yo.,https://www.kanshudo.com/katakana,168
kana_hiragana_yoon_t_yu_chu_169,hiragana,yoon,ちゅ,chu,,t,yu,ち,chi,yoon:t:yu:chu:chi,true,true,true,/assets/audio/kana/hiragana/kana_hiragana_yoon_t_yu_chu_169.mp3,/assets/strokes/kana/hiragana/kana_hiragana_yoon_t_yu_chu_169.svg,U+3061 U+3085,HIRAGANA LETTER TI; HIRAGANA LETTER SMALL YU,Yōon combination: i-row kana + small ya/yu/yo.,https://www.kanshudo.com/hiragana,169
kana_katakana_yoon_t_yu_chu_170,katakana,yoon,チュ,chu,,t,yu,チ,chi,yoon:t:yu:chu:chi,true,true,true,/assets/audio/kana/katakana/kana_katakana_yoon_t_yu_chu_170.mp3,/assets/strokes/kana/katakana/kana_katakana_yoon_t_yu_chu_170.svg,U+30C1 U+30E5,KATAKANA LETTER TI; KATAKANA LETTER SMALL YU,Yōon combination: i-row kana + small ya/yu/yo.,https://www.kanshudo.com/katakana,170
kana_hiragana_yoon_t_yo_cho_171,hiragana,yoon,ちょ,cho,,t,yo,ち,chi,yoon:t:yo:cho:chi,true,true,true,/assets/audio/kana/hiragana/kana_hiragana_yoon_t_yo_cho_171.mp3,/assets/strokes/kana/hiragana/kana_hiragana_yoon_t_yo_cho_171.svg,U+3061 U+3087,HIRAGANA LETTER TI; HIRAGANA LETTER SMALL YO,Yōon combination: i-row kana + small ya/yu/yo.,https://www.kanshudo.com/hiragana,171
kana_katakana_yoon_t_yo_cho_172,katakana,yoon,チョ,cho,,t,yo,チ,chi,yoon:t:yo:cho:chi,true,true,true,/assets/audio/kana/katakana/kana_katakana_yoon_t_yo_cho_172.mp3,/assets/strokes/kana/katakana/kana_katakana_yoon_t_yo_cho_172.svg,U+30C1 U+30E7,KATAKANA LETTER TI; KATAKANA LETTER SMALL YO,Yōon combination: i-row kana + small ya/yu/yo.,https://www.kanshudo.com/katakana,172
kana_hiragana_yoon_n_ya_nya_173,hiragana,yoon,にゃ,nya,,n,ya,に,ni,yoon:n:ya:nya:ni,true,true,true,/assets/audio/kana/hiragana/kana_hiragana_yoon_n_ya_nya_173.mp3,/assets/strokes/kana/hiragana/kana_hiragana_yoon_n_ya_nya_173.svg,U+306B U+3083,HIRAGANA LETTER NI; HIRAGANA LETTER SMALL YA,Yōon combination: i-row kana + small ya/yu/yo.,https://www.kanshudo.com/hiragana,173
kana_katakana_yoon_n_ya_nya_174,katakana,yoon,ニャ,nya,,n,ya,ニ,ni,yoon:n:ya:nya:ni,true,true,true,/assets/audio/kana/katakana/kana_katakana_yoon_n_ya_nya_174.mp3,/assets/strokes/kana/katakana/kana_katakana_yoon_n_ya_nya_174.svg,U+30CB U+30E3,KATAKANA LETTER NI; KATAKANA LETTER SMALL YA,Yōon combination: i-row kana + small ya/yu/yo.,https://www.kanshudo.com/katakana,174
kana_hiragana_yoon_n_yu_nyu_175,hiragana,yoon,にゅ,nyu,,n,yu,に,ni,yoon:n:yu:nyu:ni,true,true,true,/assets/audio/kana/hiragana/kana_hiragana_yoon_n_yu_nyu_175.mp3,/assets/strokes/kana/hiragana/kana_hiragana_yoon_n_yu_nyu_175.svg,U+306B U+3085,HIRAGANA LETTER NI; HIRAGANA LETTER SMALL YU,Yōon combination: i-row kana + small ya/yu/yo.,https://www.kanshudo.com/hiragana,175
kana_katakana_yoon_n_yu_nyu_176,katakana,yoon,ニュ,nyu,,n,yu,ニ,ni,yoon:n:yu:nyu:ni,true,true,true,/assets/audio/kana/katakana/kana_katakana_yoon_n_yu_nyu_176.mp3,/assets/strokes/kana/katakana/kana_katakana_yoon_n_yu_nyu_176.svg,U+30CB U+30E5,KATAKANA LETTER NI; KATAKANA LETTER SMALL YU,Yōon combination: i-row kana + small ya/yu/yo.,https://www.kanshudo.com/katakana,176
kana_hiragana_yoon_n_yo_nyo_177,hiragana,yoon,にょ,nyo,,n,yo,に,ni,yoon:n:yo:nyo:ni,true,true,true,/assets/audio/kana/hiragana/kana_hiragana_yoon_n_yo_nyo_177.mp3,/assets/strokes/kana/hiragana/kana_hiragana_yoon_n_yo_nyo_177.svg,U+306B U+3087,HIRAGANA LETTER NI; HIRAGANA LETTER SMALL YO,Yōon combination: i-row kana + small ya/yu/yo.,https://www.kanshudo.com/hiragana,177
kana_katakana_yoon_n_yo_nyo_178,katakana,yoon,ニョ,nyo,,n,yo,ニ,ni,yoon:n:yo:nyo:ni,true,true,true,/assets/audio/kana/katakana/kana_katakana_yoon_n_yo_nyo_178.mp3,/assets/strokes/kana/katakana/kana_katakana_yoon_n_yo_nyo_178.svg,U+30CB U+30E7,KATAKANA LETTER NI; KATAKANA LETTER SMALL YO,Yōon combination: i-row kana + small ya/yu/yo.,https://www.kanshudo.com/katakana,178
kana_hiragana_yoon_h_ya_hya_179,hiragana,yoon,ひゃ,hya,,h,ya,ひ,hi,yoon:h:ya:hya:hi,true,true,true,/assets/audio/kana/hiragana/kana_hiragana_yoon_h_ya_hya_179.mp3,/assets/strokes/kana/hiragana/kana_hiragana_yoon_h_ya_hya_179.svg,U+3072 U+3083,HIRAGANA LETTER HI; HIRAGANA LETTER SMALL YA,Yōon combination: i-row kana + small ya/yu/yo.,https://www.kanshudo.com/hiragana,179
kana_katakana_yoon_h_ya_hya_180,katakana,yoon,ヒャ,hya,,h,ya,ヒ,hi,yoon:h:ya:hya:hi,true,true,true,/assets/audio/kana/katakana/kana_katakana_yoon_h_ya_hya_180.mp3,/assets/strokes/kana/katakana/kana_katakana_yoon_h_ya_hya_180.svg,U+30D2 U+30E3,KATAKANA LETTER HI; KATAKANA LETTER SMALL YA,Yōon combination: i-row kana + small ya/yu/yo.,https://www.kanshudo.com/katakana,180
kana_hiragana_yoon_h_yu_hyu_181,hiragana,yoon,ひゅ,hyu,,h,yu,ひ,hi,yoon:h:yu:hyu:hi,true,true,true,/assets/audio/kana/hiragana/kana_hiragana_yoon_h_yu_hyu_181.mp3,/assets/strokes/kana/hiragana/kana_hiragana_yoon_h_yu_hyu_181.svg,U+3072 U+3085,HIRAGANA LETTER HI; HIRAGANA LETTER SMALL YU,Yōon combination: i-row kana + small ya/yu/yo.,https://www.kanshudo.com/hiragana,181
kana_katakana_yoon_h_yu_hyu_182,katakana,yoon,ヒュ,hyu,,h,yu,ヒ,hi,yoon:h:yu:hyu:hi,true,true,true,/assets/audio/kana/katakana/kana_katakana_yoon_h_yu_hyu_182.mp3,/assets/strokes/kana/katakana/kana_katakana_yoon_h_yu_hyu_182.svg,U+30D2 U+30E5,KATAKANA LETTER HI; KATAKANA LETTER SMALL YU,Yōon combination: i-row kana + small ya/yu/yo.,https://www.kanshudo.com/katakana,182
kana_hiragana_yoon_h_yo_hyo_183,hiragana,yoon,ひょ,hyo,,h,yo,ひ,hi,yoon:h:yo:hyo:hi,true,true,true,/assets/audio/kana/hiragana/kana_hiragana_yoon_h_yo_hyo_183.mp3,/assets/strokes/kana/hiragana/kana_hiragana_yoon_h_yo_hyo_183.svg,U+3072 U+3087,HIRAGANA LETTER HI; HIRAGANA LETTER SMALL YO,Yōon combination: i-row kana + small ya/yu/yo.,https://www.kanshudo.com/hiragana,183
kana_katakana_yoon_h_yo_hyo_184,katakana,yoon,ヒョ,hyo,,h,yo,ヒ,hi,yoon:h:yo:hyo:hi,true,true,true,/assets/audio/kana/katakana/kana_katakana_yoon_h_yo_hyo_184.mp3,/assets/strokes/kana/katakana/kana_katakana_yoon_h_yo_hyo_184.svg,U+30D2 U+30E7,KATAKANA LETTER HI; KATAKANA LETTER SMALL YO,Yōon combination: i-row kana + small ya/yu/yo.,https://www.kanshudo.com/katakana,184
kana_hiragana_yoon_b_ya_bya_185,hiragana,yoon,びゃ,bya,,b,ya,び,bi,yoon:b:ya:bya:bi,true,true,true,/assets/audio/kana/hiragana/kana_hiragana_yoon_b_ya_bya_185.mp3,/assets/strokes/kana/hiragana/kana_hiragana_yoon_b_ya_bya_185.svg,U+3073 U+3083,HIRAGANA LETTER BI; HIRAGANA LETTER SMALL YA,Yōon combination: i-row kana + small ya/yu/yo.,https://www.kanshudo.com/hiragana,185
kana_katakana_yoon_b_ya_bya_186,katakana,yoon,ビャ,bya,,b,ya,ビ,bi,yoon:b:ya:bya:bi,true,true,true,/assets/audio/kana/katakana/kana_katakana_yoon_b_ya_bya_186.mp3,/assets/strokes/kana/katakana/kana_katakana_yoon_b_ya_bya_186.svg,U+30D3 U+30E3,KATAKANA LETTER BI; KATAKANA LETTER SMALL YA,Yōon combination: i-row kana + small ya/yu/yo.,https://www.kanshudo.com/katakana,186
kana_hiragana_yoon_b_yu_byu_187,hiragana,yoon,びゅ,byu,,b,yu,び,bi,yoon:b:yu:byu:bi,true,true,true,/assets/audio/kana/hiragana/kana_hiragana_yoon_b_yu_byu_187.mp3,/assets/strokes/kana/hiragana/kana_hiragana_yoon_b_yu_byu_187.svg,U+3073 U+3085,HIRAGANA LETTER BI; HIRAGANA LETTER SMALL YU,Yōon combination: i-row kana + small ya/yu/yo.,https://www.kanshudo.com/hiragana,187
kana_katakana_yoon_b_yu_byu_188,katakana,yoon,ビュ,byu,,b,yu,ビ,bi,yoon:b:yu:byu:bi,true,true,true,/assets/audio/kana/katakana/kana_katakana_yoon_b_yu_byu_188.mp3,/assets/strokes/kana/katakana/kana_katakana_yoon_b_yu_byu_188.svg,U+30D3 U+30E5,KATAKANA LETTER BI; KATAKANA LETTER SMALL YU,Yōon combination: i-row kana + small ya/yu/yo.,https://www.kanshudo.com/katakana,188
kana_hiragana_yoon_b_yo_byo_189,hiragana,yoon,びょ,byo,,b,yo,び,bi,yoon:b:yo:byo:bi,true,true,true,/assets/audio/kana/hiragana/kana_hiragana_yoon_b_yo_byo_189.mp3,/assets/strokes/kana/hiragana/kana_hiragana_yoon_b_yo_byo_189.svg,U+3073 U+3087,HIRAGANA LETTER BI; HIRAGANA LETTER SMALL YO,Yōon combination: i-row kana + small ya/yu/yo.,https://www.kanshudo.com/hiragana,189
kana_katakana_yoon_b_yo_byo_190,katakana,yoon,ビョ,byo,,b,yo,ビ,bi,yoon:b:yo:byo:bi,true,true,true,/assets/audio/kana/katakana/kana_katakana_yoon_b_yo_byo_190.mp3,/assets/strokes/kana/katakana/kana_katakana_yoon_b_yo_byo_190.svg,U+30D3 U+30E7,KATAKANA LETTER BI; KATAKANA LETTER SMALL YO,Yōon combination: i-row kana + small ya/yu/yo.,https://www.kanshudo.com/katakana,190
kana_hiragana_yoon_p_ya_pya_191,hiragana,yoon,ぴゃ,pya,,p,ya,ぴ,pi,yoon:p:ya:pya:pi,true,true,true,/assets/audio/kana/hiragana/kana_hiragana_yoon_p_ya_pya_191.mp3,/assets/strokes/kana/hiragana/kana_hiragana_yoon_p_ya_pya_191.svg,U+3074 U+3083,HIRAGANA LETTER PI; HIRAGANA LETTER SMALL YA,Yōon combination: i-row kana + small ya/yu/yo.,https://www.kanshudo.com/hiragana,191
kana_katakana_yoon_p_ya_pya_192,katakana,yoon,ピャ,pya,,p,ya,ピ,pi,yoon:p:ya:pya:pi,true,true,true,/assets/audio/kana/katakana/kana_katakana_yoon_p_ya_pya_192.mp3,/assets/strokes/kana/katakana/kana_katakana_yoon_p_ya_pya_192.svg,U+30D4 U+30E3,KATAKANA LETTER PI; KATAKANA LETTER SMALL YA,Yōon combination: i-row kana + small ya/yu/yo.,https://www.kanshudo.com/katakana,192
kana_hiragana_yoon_p_yu_pyu_193,hiragana,yoon,ぴゅ,pyu,,p,yu,ぴ,pi,yoon:p:yu:pyu:pi,true,true,true,/assets/audio/kana/hiragana/kana_hiragana_yoon_p_yu_pyu_193.mp3,/assets/strokes/kana/hiragana/kana_hiragana_yoon_p_yu_pyu_193.svg,U+3074 U+3085,HIRAGANA LETTER PI; HIRAGANA LETTER SMALL YU,Yōon combination: i-row kana + small ya/yu/yo.,https://www.kanshudo.com/hiragana,193
kana_katakana_yoon_p_yu_pyu_194,katakana,yoon,ピュ,pyu,,p,yu,ピ,pi,yoon:p:yu:pyu:pi,true,true,true,/assets/audio/kana/katakana/kana_katakana_yoon_p_yu_pyu_194.mp3,/assets/strokes/kana/katakana/kana_katakana_yoon_p_yu_pyu_194.svg,U+30D4 U+30E5,KATAKANA LETTER PI; KATAKANA LETTER SMALL YU,Yōon combination: i-row kana + small ya/yu/yo.,https://www.kanshudo.com/katakana,194
kana_hiragana_yoon_p_yo_pyo_195,hiragana,yoon,ぴょ,pyo,,p,yo,ぴ,pi,yoon:p:yo:pyo:pi,true,true,true,/assets/audio/kana/hiragana/kana_hiragana_yoon_p_yo_pyo_195.mp3,/assets/strokes/kana/hiragana/kana_hiragana_yoon_p_yo_pyo_195.svg,U+3074 U+3087,HIRAGANA LETTER PI; HIRAGANA LETTER SMALL YO,Yōon combination: i-row kana + small ya/yu/yo.,https://www.kanshudo.com/hiragana,195
kana_katakana_yoon_p_yo_pyo_196,katakana,yoon,ピョ,pyo,,p,yo,ピ,pi,yoon:p:yo:pyo:pi,true,true,true,/assets/audio/kana/katakana/kana_katakana_yoon_p_yo_pyo_196.mp3,/assets/strokes/kana/katakana/kana_katakana_yoon_p_yo_pyo_196.svg,U+30D4 U+30E7,KATAKANA LETTER PI; KATAKANA LETTER SMALL YO,Yōon combination: i-row kana + small ya/yu/yo.,https://www.kanshudo.com/katakana,196
kana_hiragana_yoon_m_ya_mya_197,hiragana,yoon,みゃ,mya,,m,ya,み,mi,yoon:m:ya:mya:mi,true,true,true,/assets/audio/kana/hiragana/kana_hiragana_yoon_m_ya_mya_197.mp3,/assets/strokes/kana/hiragana/kana_hiragana_yoon_m_ya_mya_197.svg,U+307F U+3083,HIRAGANA LETTER MI; HIRAGANA LETTER SMALL YA,Yōon combination: i-row kana + small ya/yu/yo.,https://www.kanshudo.com/hiragana,197
kana_katakana_yoon_m_ya_mya_198,katakana,yoon,ミャ,mya,,m,ya,ミ,mi,yoon:m:ya:mya:mi,true,true,true,/assets/audio/kana/katakana/kana_katakana_yoon_m_ya_mya_198.mp3,/assets/strokes/kana/katakana/kana_katakana_yoon_m_ya_mya_198.svg,U+30DF U+30E3,KATAKANA LETTER MI; KATAKANA LETTER SMALL YA,Yōon combination: i-row kana + small ya/yu/yo.,https://www.kanshudo.com/katakana,198
kana_hiragana_yoon_m_yu_myu_199,hiragana,yoon,みゅ,myu,,m,yu,み,mi,yoon:m:yu:myu:mi,true,true,true,/assets/audio/kana/hiragana/kana_hiragana_yoon_m_yu_myu_199.mp3,/assets/strokes/kana/hiragana/kana_hiragana_yoon_m_yu_myu_199.svg,U+307F U+3085,HIRAGANA LETTER MI; HIRAGANA LETTER SMALL YU,Yōon combination: i-row kana + small ya/yu/yo.,https://www.kanshudo.com/hiragana,199
kana_katakana_yoon_m_yu_myu_200,katakana,yoon,ミュ,myu,,m,yu,ミ,mi,yoon:m:yu:myu:mi,true,true,true,/assets/audio/kana/katakana/kana_katakana_yoon_m_yu_myu_200.mp3,/assets/strokes/kana/katakana/kana_katakana_yoon_m_yu_myu_200.svg,U+30DF U+30E5,KATAKANA LETTER MI; KATAKANA LETTER SMALL YU,Yōon combination: i-row kana + small ya/yu/yo.,https://www.kanshudo.com/katakana,200
kana_hiragana_yoon_m_yo_myo_201,hiragana,yoon,みょ,myo,,m,yo,み,mi,yoon:m:yo:myo:mi,true,true,true,/assets/audio/kana/hiragana/kana_hiragana_yoon_m_yo_myo_201.mp3,/assets/strokes/kana/hiragana/kana_hiragana_yoon_m_yo_myo_201.svg,U+307F U+3087,HIRAGANA LETTER MI; HIRAGANA LETTER SMALL YO,Yōon combination: i-row kana + small ya/yu/yo.,https://www.kanshudo.com/hiragana,201
kana_katakana_yoon_m_yo_myo_202,katakana,yoon,ミョ,myo,,m,yo,ミ,mi,yoon:m:yo:myo:mi,true,true,true,/assets/audio/kana/katakana/kana_katakana_yoon_m_yo_myo_202.mp3,/assets/strokes/kana/katakana/kana_katakana_yoon_m_yo_myo_202.svg,U+30DF U+30E7,KATAKANA LETTER MI; KATAKANA LETTER SMALL YO,Yōon combination: i-row kana + small ya/yu/yo.,https://www.kanshudo.com/katakana,202
kana_hiragana_yoon_r_ya_rya_203,hiragana,yoon,りゃ,rya,,r,ya,り,ri,yoon:r:ya:rya:ri,true,true,true,/assets/audio/kana/hiragana/kana_hiragana_yoon_r_ya_rya_203.mp3,/assets/strokes/kana/hiragana/kana_hiragana_yoon_r_ya_rya_203.svg,U+308A U+3083,HIRAGANA LETTER RI; HIRAGANA LETTER SMALL YA,Yōon combination: i-row kana + small ya/yu/yo.,https://www.kanshudo.com/hiragana,203
kana_katakana_yoon_r_ya_rya_204,katakana,yoon,リャ,rya,,r,ya,リ,ri,yoon:r:ya:rya:ri,true,true,true,/assets/audio/kana/katakana/kana_katakana_yoon_r_ya_rya_204.mp3,/assets/strokes/kana/katakana/kana_katakana_yoon_r_ya_rya_204.svg,U+30EA U+30E3,KATAKANA LETTER RI; KATAKANA LETTER SMALL YA,Yōon combination: i-row kana + small ya/yu/yo.,https://www.kanshudo.com/katakana,204
kana_hiragana_yoon_r_yu_ryu_205,hiragana,yoon,りゅ,ryu,,r,yu,り,ri,yoon:r:yu:ryu:ri,true,true,true,/assets/audio/kana/hiragana/kana_hiragana_yoon_r_yu_ryu_205.mp3,/assets/strokes/kana/hiragana/kana_hiragana_yoon_r_yu_ryu_205.svg,U+308A U+3085,HIRAGANA LETTER RI; HIRAGANA LETTER SMALL YU,Yōon combination: i-row kana + small ya/yu/yo.,https://www.kanshudo.com/hiragana,205
kana_katakana_yoon_r_yu_ryu_206,katakana,yoon,リュ,ryu,,r,yu,リ,ri,yoon:r:yu:ryu:ri,true,true,true,/assets/audio/kana/katakana/kana_katakana_yoon_r_yu_ryu_206.mp3,/assets/strokes/kana/katakana/kana_katakana_yoon_r_yu_ryu_206.svg,U+30EA U+30E5,KATAKANA LETTER RI; KATAKANA LETTER SMALL YU,Yōon combination: i-row kana + small ya/yu/yo.,https://www.kanshudo.com/katakana,206
kana_hiragana_yoon_r_yo_ryo_207,hiragana,yoon,りょ,ryo,,r,yo,り,ri,yoon:r:yo:ryo:ri,true,true,true,/assets/audio/kana/hiragana/kana_hiragana_yoon_r_yo_ryo_207.mp3,/assets/strokes/kana/hiragana/kana_hiragana_yoon_r_yo_ryo_207.svg,U+308A U+3087,HIRAGANA LETTER RI; HIRAGANA LETTER SMALL YO,Yōon combination: i-row kana + small ya/yu/yo.,https://www.kanshudo.com/hiragana,207
kana_katakana_yoon_r_yo_ryo_208,katakana,yoon,リョ,ryo,,r,yo,リ,ri,yoon:r:yo:ryo:ri,true,true,true,/assets/audio/kana/katakana/kana_katakana_yoon_r_yo_ryo_208.mp3,/assets/strokes/kana/katakana/kana_katakana_yoon_r_yo_ryo_208.svg,U+30EA U+30E7,KATAKANA LETTER RI; KATAKANA LETTER SMALL YO,Yōon combination: i-row kana + small ya/yu/yo.,https://www.kanshudo.com/katakana,208
kana_hiragana_yoon_rare_d_ya_ja_209,hiragana,yoon_rare,ぢゃ,ja,dya/dja,d,ya,ぢ,ji,yoon_rare:d:ya:ja:ji,true,false,false,/assets/audio/kana/hiragana/kana_hiragana_yoon_rare_d_ya_ja_209.mp3,/assets/strokes/kana/hiragana/kana_hiragana_yoon_rare_d_ya_ja_209.svg,U+3062 U+3083,HIRAGANA LETTER DI; HIRAGANA LETTER SMALL YA,Rare yōon spelling included for completeness.,https://www.kanshudo.com/hiragana,209
kana_katakana_yoon_rare_d_ya_ja_210,katakana,yoon_rare,ヂャ,ja,dya/dja,d,ya,ヂ,ji,yoon_rare:d:ya:ja:ji,true,false,false,/assets/audio/kana/katakana/kana_katakana_yoon_rare_d_ya_ja_210.mp3,/assets/strokes/kana/katakana/kana_katakana_yoon_rare_d_ya_ja_210.svg,U+30C2 U+30E3,KATAKANA LETTER DI; KATAKANA LETTER SMALL YA,Rare yōon spelling included for completeness.,https://www.kanshudo.com/katakana,210
kana_hiragana_yoon_rare_d_yu_ju_211,hiragana,yoon_rare,ぢゅ,ju,dyu/dju,d,yu,ぢ,ji,yoon_rare:d:yu:ju:ji,true,false,false,/assets/audio/kana/hiragana/kana_hiragana_yoon_rare_d_yu_ju_211.mp3,/assets/strokes/kana/hiragana/kana_hiragana_yoon_rare_d_yu_ju_211.svg,U+3062 U+3085,HIRAGANA LETTER DI; HIRAGANA LETTER SMALL YU,Rare yōon spelling included for completeness.,https://www.kanshudo.com/hiragana,211
kana_katakana_yoon_rare_d_yu_ju_212,katakana,yoon_rare,ヂュ,ju,dyu/dju,d,yu,ヂ,ji,yoon_rare:d:yu:ju:ji,true,false,false,/assets/audio/kana/katakana/kana_katakana_yoon_rare_d_yu_ju_212.mp3,/assets/strokes/kana/katakana/kana_katakana_yoon_rare_d_yu_ju_212.svg,U+30C2 U+30E5,KATAKANA LETTER DI; KATAKANA LETTER SMALL YU,Rare yōon spelling included for completeness.,https://www.kanshudo.com/katakana,212
kana_hiragana_yoon_rare_d_yo_jo_213,hiragana,yoon_rare,ぢょ,jo,dyo/djo,d,yo,ぢ,ji,yoon_rare:d:yo:jo:ji,true,false,false,/assets/audio/kana/hiragana/kana_hiragana_yoon_rare_d_yo_jo_213.mp3,/assets/strokes/kana/hiragana/kana_hiragana_yoon_rare_d_yo_jo_213.svg,U+3062 U+3087,HIRAGANA LETTER DI; HIRAGANA LETTER SMALL YO,Rare yōon spelling included for completeness.,https://www.kanshudo.com/hiragana,213
kana_katakana_yoon_rare_d_yo_jo_214,katakana,yoon_rare,ヂョ,jo,dyo/djo,d,yo,ヂ,ji,yoon_rare:d:yo:jo:ji,true,false,false,/assets/audio/kana/katakana/kana_katakana_yoon_rare_d_yo_jo_214.mp3,/assets/strokes/kana/katakana/kana_katakana_yoon_rare_d_yo_jo_214.svg,U+30C2 U+30E7,KATAKANA LETTER DI; KATAKANA LETTER SMALL YO,Rare yōon spelling included for completeness.,https://www.kanshudo.com/katakana,214
kana_hiragana_small_vowel_a_a_215,hiragana,small,ぁ,a,,vowel,a,,,small:a:ぁ,false,true,true,/assets/audio/kana/hiragana/kana_hiragana_small_vowel_a_a_215.mp3,/assets/strokes/kana/hiragana/kana_hiragana_small_vowel_a_a_215.svg,U+3041,HIRAGANA LETTER SMALL A,small vowel a,https://www.kanshudo.com/hiragana,215
kana_hiragana_small_vowel_i_i_216,hiragana,small,ぃ,i,,vowel,i,,,small:i:ぃ,false,true,true,/assets/audio/kana/hiragana/kana_hiragana_small_vowel_i_i_216.mp3,/assets/strokes/kana/hiragana/kana_hiragana_small_vowel_i_i_216.svg,U+3043,HIRAGANA LETTER SMALL I,small vowel i,https://www.kanshudo.com/hiragana,216
kana_hiragana_small_vowel_u_u_217,hiragana,small,ぅ,u,,vowel,u,,,small:u:ぅ,false,true,true,/assets/audio/kana/hiragana/kana_hiragana_small_vowel_u_u_217.mp3,/assets/strokes/kana/hiragana/kana_hiragana_small_vowel_u_u_217.svg,U+3045,HIRAGANA LETTER SMALL U,small vowel u,https://www.kanshudo.com/hiragana,217
kana_hiragana_small_vowel_e_e_218,hiragana,small,ぇ,e,,vowel,e,,,small:e:ぇ,false,true,true,/assets/audio/kana/hiragana/kana_hiragana_small_vowel_e_e_218.mp3,/assets/strokes/kana/hiragana/kana_hiragana_small_vowel_e_e_218.svg,U+3047,HIRAGANA LETTER SMALL E,small vowel e,https://www.kanshudo.com/hiragana,218
kana_hiragana_small_vowel_o_o_219,hiragana,small,ぉ,o,,vowel,o,,,small:o:ぉ,false,true,true,/assets/audio/kana/hiragana/kana_hiragana_small_vowel_o_o_219.mp3,/assets/strokes/kana/hiragana/kana_hiragana_small_vowel_o_o_219.svg,U+3049,HIRAGANA LETTER SMALL O,small vowel o,https://www.kanshudo.com/hiragana,219
kana_hiragana_small_t_u_tsu_220,hiragana,small,っ,tsu,,t,u,,,small:tsu:っ,false,true,true,/assets/audio/kana/hiragana/kana_hiragana_small_t_u_tsu_220.mp3,/assets/strokes/kana/hiragana/kana_hiragana_small_t_u_tsu_220.svg,U+3063,HIRAGANA LETTER SMALL TU,small tsu; sokuon/gemination marker,https://www.kanshudo.com/hiragana,220
kana_hiragana_small_y_a_ya_221,hiragana,small,ゃ,ya,,y,a,,,small:ya:ゃ,false,true,true,/assets/audio/kana/hiragana/kana_hiragana_small_y_a_ya_221.mp3,/assets/strokes/kana/hiragana/kana_hiragana_small_y_a_ya_221.svg,U+3083,HIRAGANA LETTER SMALL YA,small ya for yōon,https://www.kanshudo.com/hiragana,221
kana_hiragana_small_y_u_yu_222,hiragana,small,ゅ,yu,,y,u,,,small:yu:ゅ,false,true,true,/assets/audio/kana/hiragana/kana_hiragana_small_y_u_yu_222.mp3,/assets/strokes/kana/hiragana/kana_hiragana_small_y_u_yu_222.svg,U+3085,HIRAGANA LETTER SMALL YU,small yu for yōon,https://www.kanshudo.com/hiragana,222
kana_hiragana_small_y_o_yo_223,hiragana,small,ょ,yo,,y,o,,,small:yo:ょ,false,true,true,/assets/audio/kana/hiragana/kana_hiragana_small_y_o_yo_223.mp3,/assets/strokes/kana/hiragana/kana_hiragana_small_y_o_yo_223.svg,U+3087,HIRAGANA LETTER SMALL YO,small yo for yōon,https://www.kanshudo.com/hiragana,223
kana_hiragana_small_w_a_wa_224,hiragana,small,ゎ,wa,,w,a,,,small:wa:ゎ,false,true,true,/assets/audio/kana/hiragana/kana_hiragana_small_w_a_wa_224.mp3,/assets/strokes/kana/hiragana/kana_hiragana_small_w_a_wa_224.svg,U+308E,HIRAGANA LETTER SMALL WA,small wa,https://www.kanshudo.com/hiragana,224
kana_hiragana_small_k_a_ka_225,hiragana,small,ゕ,ka,,k,a,,,small:ka:ゕ,false,false,false,/assets/audio/kana/hiragana/kana_hiragana_small_k_a_ka_225.mp3,/assets/strokes/kana/hiragana/kana_hiragana_small_k_a_ka_225.svg,U+3095,HIRAGANA LETTER SMALL KA,rare small ka,https://www.kanshudo.com/hiragana,225
kana_hiragana_small_k_e_ke_226,hiragana,small,ゖ,ke,,k,e,,,small:ke:ゖ,false,false,false,/assets/audio/kana/hiragana/kana_hiragana_small_k_e_ke_226.mp3,/assets/strokes/kana/hiragana/kana_hiragana_small_k_e_ke_226.svg,U+3096,HIRAGANA LETTER SMALL KE,rare small ke,https://www.kanshudo.com/hiragana,226
kana_katakana_small_vowel_a_a_227,katakana,small,ァ,a,,vowel,a,,,small:a:ァ,false,true,true,/assets/audio/kana/katakana/kana_katakana_small_vowel_a_a_227.mp3,/assets/strokes/kana/katakana/kana_katakana_small_vowel_a_a_227.svg,U+30A1,KATAKANA LETTER SMALL A,small vowel a,https://www.kanshudo.com/katakana,227
kana_katakana_small_vowel_i_i_228,katakana,small,ィ,i,,vowel,i,,,small:i:ィ,false,true,true,/assets/audio/kana/katakana/kana_katakana_small_vowel_i_i_228.mp3,/assets/strokes/kana/katakana/kana_katakana_small_vowel_i_i_228.svg,U+30A3,KATAKANA LETTER SMALL I,small vowel i,https://www.kanshudo.com/katakana,228
kana_katakana_small_vowel_u_u_229,katakana,small,ゥ,u,,vowel,u,,,small:u:ゥ,false,true,true,/assets/audio/kana/katakana/kana_katakana_small_vowel_u_u_229.mp3,/assets/strokes/kana/katakana/kana_katakana_small_vowel_u_u_229.svg,U+30A5,KATAKANA LETTER SMALL U,small vowel u,https://www.kanshudo.com/katakana,229
kana_katakana_small_vowel_e_e_230,katakana,small,ェ,e,,vowel,e,,,small:e:ェ,false,true,true,/assets/audio/kana/katakana/kana_katakana_small_vowel_e_e_230.mp3,/assets/strokes/kana/katakana/kana_katakana_small_vowel_e_e_230.svg,U+30A7,KATAKANA LETTER SMALL E,small vowel e,https://www.kanshudo.com/katakana,230
kana_katakana_small_vowel_o_o_231,katakana,small,ォ,o,,vowel,o,,,small:o:ォ,false,true,true,/assets/audio/kana/katakana/kana_katakana_small_vowel_o_o_231.mp3,/assets/strokes/kana/katakana/kana_katakana_small_vowel_o_o_231.svg,U+30A9,KATAKANA LETTER SMALL O,small vowel o,https://www.kanshudo.com/katakana,231
kana_katakana_small_t_u_tsu_232,katakana,small,ッ,tsu,,t,u,,,small:tsu:ッ,false,true,true,/assets/audio/kana/katakana/kana_katakana_small_t_u_tsu_232.mp3,/assets/strokes/kana/katakana/kana_katakana_small_t_u_tsu_232.svg,U+30C3,KATAKANA LETTER SMALL TU,small tsu; sokuon/gemination marker,https://www.kanshudo.com/katakana,232
kana_katakana_small_y_a_ya_233,katakana,small,ャ,ya,,y,a,,,small:ya:ャ,false,true,true,/assets/audio/kana/katakana/kana_katakana_small_y_a_ya_233.mp3,/assets/strokes/kana/katakana/kana_katakana_small_y_a_ya_233.svg,U+30E3,KATAKANA LETTER SMALL YA,small ya for yōon,https://www.kanshudo.com/katakana,233
kana_katakana_small_y_u_yu_234,katakana,small,ュ,yu,,y,u,,,small:yu:ュ,false,true,true,/assets/audio/kana/katakana/kana_katakana_small_y_u_yu_234.mp3,/assets/strokes/kana/katakana/kana_katakana_small_y_u_yu_234.svg,U+30E5,KATAKANA LETTER SMALL YU,small yu for yōon,https://www.kanshudo.com/katakana,234
kana_katakana_small_y_o_yo_235,katakana,small,ョ,yo,,y,o,,,small:yo:ョ,false,true,true,/assets/audio/kana/katakana/kana_katakana_small_y_o_yo_235.mp3,/assets/strokes/kana/katakana/kana_katakana_small_y_o_yo_235.svg,U+30E7,KATAKANA LETTER SMALL YO,small yo for yōon,https://www.kanshudo.com/katakana,235
kana_katakana_small_w_a_wa_236,katakana,small,ヮ,wa,,w,a,,,small:wa:ヮ,false,true,true,/assets/audio/kana/katakana/kana_katakana_small_w_a_wa_236.mp3,/assets/strokes/kana/katakana/kana_katakana_small_w_a_wa_236.svg,U+30EE,KATAKANA LETTER SMALL WA,small wa,https://www.kanshudo.com/katakana,236
kana_katakana_small_k_a_ka_237,katakana,small,ヵ,ka,,k,a,,,small:ka:ヵ,false,true,true,/assets/audio/kana/katakana/kana_katakana_small_k_a_ka_237.mp3,/assets/strokes/kana/katakana/kana_katakana_small_k_a_ka_237.svg,U+30F5,KATAKANA LETTER SMALL KA,small ka,https://www.kanshudo.com/katakana,237
kana_katakana_small_k_e_ke_238,katakana,small,ヶ,ke,,k,e,,,small:ke:ヶ,false,true,true,/assets/audio/kana/katakana/kana_katakana_small_k_e_ke_238.mp3,/assets/strokes/kana/katakana/kana_katakana_small_k_e_ke_238.svg,U+30F6,KATAKANA LETTER SMALL KE,small ke,https://www.kanshudo.com/katakana,238
kana_katakana_special_length_mark_chouon_239,katakana,special,ー,chouon,long vowel mark,length_mark,,,,special:chouon,false,true,true,/assets/audio/kana/katakana/kana_katakana_special_length_mark_chouon_239.mp3,/assets/strokes/kana/katakana/kana_katakana_special_length_mark_chouon_239.svg,U+30FC,KATAKANA-HIRAGANA PROLONGED SOUND MARK,Katakana long vowel mark / chōonpu. Not a syllable by itself.,https://www.kanshudo.com/katakana,239
kana_hiragana_additional_voiced_v_v_u_vu_240,hiragana,additional_voiced_v,ゔ,vu,v,v,u,う,u,additional:vu,false,false,false,/assets/audio/kana/hiragana/kana_hiragana_additional_voiced_v_v_u_vu_240.mp3,/assets/strokes/kana/hiragana/kana_hiragana_additional_voiced_v_v_u_vu_240.svg,U+3094,HIRAGANA LETTER VU,Rare hiragana vu; included for completeness.,https://www.kanshudo.com/hiragana,240
kana_katakana_additional_voiced_v_v_u_vu_241,katakana,additional_voiced_v,ヴ,vu,v,v,u,ウ,u,additional:vu,false,true,false,/assets/audio/kana/katakana/kana_katakana_additional_voiced_v_v_u_vu_241.mp3,/assets/strokes/kana/katakana/kana_katakana_additional_voiced_v_v_u_vu_241.svg,U+30F4,KATAKANA LETTER VU,Katakana vu used for foreign/loanword v sounds.,https://www.kanshudo.com/katakana,241
kana_hiragana_archaic_w_i_wi_242,hiragana,archaic,ゐ,wi,,w,i,,,archaic:w:i:wi:,false,false,false,/assets/audio/kana/hiragana/kana_hiragana_archaic_w_i_wi_242.mp3,/assets/strokes/kana/hiragana/kana_hiragana_archaic_w_i_wi_242.svg,U+3090,HIRAGANA LETTER WI,"Historical/obsolete kana; useful for completeness, not beginner priority.",https://www.kanshudo.com/hiragana,242
kana_katakana_archaic_w_i_wi_243,katakana,archaic,ヰ,wi,,w,i,,,archaic:w:i:wi:,false,false,false,/assets/audio/kana/katakana/kana_katakana_archaic_w_i_wi_243.mp3,/assets/strokes/kana/katakana/kana_katakana_archaic_w_i_wi_243.svg,U+30F0,KATAKANA LETTER WI,"Historical/obsolete kana; useful for completeness, not beginner priority.",https://www.kanshudo.com/katakana,243
kana_hiragana_archaic_w_e_we_244,hiragana,archaic,ゑ,we,,w,e,,,archaic:w:e:we:,false,false,false,/assets/audio/kana/hiragana/kana_hiragana_archaic_w_e_we_244.mp3,/assets/strokes/kana/hiragana/kana_hiragana_archaic_w_e_we_244.svg,U+3091,HIRAGANA LETTER WE,"Historical/obsolete kana; useful for completeness, not beginner priority.",https://www.kanshudo.com/hiragana,244
kana_katakana_archaic_w_e_we_245,katakana,archaic,ヱ,we,,w,e,,,archaic:w:e:we:,false,false,false,/assets/audio/kana/katakana/kana_katakana_archaic_w_e_we_245.mp3,/assets/strokes/kana/katakana/kana_katakana_archaic_w_e_we_245.svg,U+30F1,KATAKANA LETTER WE,"Historical/obsolete kana; useful for completeness, not beginner priority.",https://www.kanshudo.com/katakana,245
kana_katakana_foreign_sound_w_i_wi_246,katakana,foreign_sound,ウィ,wi,,w,i,ウ,u,foreign:wi,true,true,false,/assets/audio/kana/katakana/kana_katakana_foreign_sound_w_i_wi_246.mp3,/assets/strokes/kana/katakana/kana_katakana_foreign_sound_w_i_wi_246.svg,U+30A6 U+30A3,KATAKANA LETTER U; KATAKANA LETTER SMALL I,Extended katakana combination for loanwords/foreign sounds; optional for N5 MVP.,https://www.kanshudo.com/katakana,246
kana_katakana_foreign_sound_w_e_we_247,katakana,foreign_sound,ウェ,we,,w,e,ウ,u,foreign:we,true,true,false,/assets/audio/kana/katakana/kana_katakana_foreign_sound_w_e_we_247.mp3,/assets/strokes/kana/katakana/kana_katakana_foreign_sound_w_e_we_247.svg,U+30A6 U+30A7,KATAKANA LETTER U; KATAKANA LETTER SMALL E,Extended katakana combination for loanwords/foreign sounds; optional for N5 MVP.,https://www.kanshudo.com/katakana,247
kana_katakana_foreign_sound_w_o_wo_248,katakana,foreign_sound,ウォ,wo,,w,o,ウ,u,foreign:wo,true,true,false,/assets/audio/kana/katakana/kana_katakana_foreign_sound_w_o_wo_248.mp3,/assets/strokes/kana/katakana/kana_katakana_foreign_sound_w_o_wo_248.svg,U+30A6 U+30A9,KATAKANA LETTER U; KATAKANA LETTER SMALL O,Extended katakana combination for loanwords/foreign sounds; optional for N5 MVP.,https://www.kanshudo.com/katakana,248
kana_katakana_foreign_sound_sh_e_she_249,katakana,foreign_sound,シェ,she,,sh,e,シ,shi,foreign:she,true,true,false,/assets/audio/kana/katakana/kana_katakana_foreign_sound_sh_e_she_249.mp3,/assets/strokes/kana/katakana/kana_katakana_foreign_sound_sh_e_she_249.svg,U+30B7 U+30A7,KATAKANA LETTER SI; KATAKANA LETTER SMALL E,Extended katakana combination for loanwords/foreign sounds; optional for N5 MVP.,https://www.kanshudo.com/katakana,249
kana_katakana_foreign_sound_j_e_je_250,katakana,foreign_sound,ジェ,je,,j,e,ジ,ji,foreign:je,true,true,false,/assets/audio/kana/katakana/kana_katakana_foreign_sound_j_e_je_250.mp3,/assets/strokes/kana/katakana/kana_katakana_foreign_sound_j_e_je_250.svg,U+30B8 U+30A7,KATAKANA LETTER ZI; KATAKANA LETTER SMALL E,Extended katakana combination for loanwords/foreign sounds; optional for N5 MVP.,https://www.kanshudo.com/katakana,250
kana_katakana_foreign_sound_ch_e_che_251,katakana,foreign_sound,チェ,che,,ch,e,チ,chi,foreign:che,true,true,false,/assets/audio/kana/katakana/kana_katakana_foreign_sound_ch_e_che_251.mp3,/assets/strokes/kana/katakana/kana_katakana_foreign_sound_ch_e_che_251.svg,U+30C1 U+30A7,KATAKANA LETTER TI; KATAKANA LETTER SMALL E,Extended katakana combination for loanwords/foreign sounds; optional for N5 MVP.,https://www.kanshudo.com/katakana,251
kana_katakana_foreign_sound_t_i_ti_252,katakana,foreign_sound,ティ,ti,,t,i,テ,te,foreign:ti,true,true,false,/assets/audio/kana/katakana/kana_katakana_foreign_sound_t_i_ti_252.mp3,/assets/strokes/kana/katakana/kana_katakana_foreign_sound_t_i_ti_252.svg,U+30C6 U+30A3,KATAKANA LETTER TE; KATAKANA LETTER SMALL I,Extended katakana combination for loanwords/foreign sounds; optional for N5 MVP.,https://www.kanshudo.com/katakana,252
kana_katakana_foreign_sound_d_i_di_253,katakana,foreign_sound,ディ,di,,d,i,デ,de,foreign:di,true,true,false,/assets/audio/kana/katakana/kana_katakana_foreign_sound_d_i_di_253.mp3,/assets/strokes/kana/katakana/kana_katakana_foreign_sound_d_i_di_253.svg,U+30C7 U+30A3,KATAKANA LETTER DE; KATAKANA LETTER SMALL I,Extended katakana combination for loanwords/foreign sounds; optional for N5 MVP.,https://www.kanshudo.com/katakana,253
kana_katakana_foreign_sound_t_u_tu_254,katakana,foreign_sound,トゥ,tu,,t,u,ト,to,foreign:tu,true,true,false,/assets/audio/kana/katakana/kana_katakana_foreign_sound_t_u_tu_254.mp3,/assets/strokes/kana/katakana/kana_katakana_foreign_sound_t_u_tu_254.svg,U+30C8 U+30A5,KATAKANA LETTER TO; KATAKANA LETTER SMALL U,Extended katakana combination for loanwords/foreign sounds; optional for N5 MVP.,https://www.kanshudo.com/katakana,254
kana_katakana_foreign_sound_d_u_du_255,katakana,foreign_sound,ドゥ,du,,d,u,ド,do,foreign:du,true,true,false,/assets/audio/kana/katakana/kana_katakana_foreign_sound_d_u_du_255.mp3,/assets/strokes/kana/katakana/kana_katakana_foreign_sound_d_u_du_255.svg,U+30C9 U+30A5,KATAKANA LETTER DO; KATAKANA LETTER SMALL U,Extended katakana combination for loanwords/foreign sounds; optional for N5 MVP.,https://www.kanshudo.com/katakana,255
kana_katakana_foreign_sound_f_a_fa_256,katakana,foreign_sound,ファ,fa,,f,a,フ,fu,foreign:fa,true,true,false,/assets/audio/kana/katakana/kana_katakana_foreign_sound_f_a_fa_256.mp3,/assets/strokes/kana/katakana/kana_katakana_foreign_sound_f_a_fa_256.svg,U+30D5 U+30A1,KATAKANA LETTER HU; KATAKANA LETTER SMALL A,Extended katakana combination for loanwords/foreign sounds; optional for N5 MVP.,https://www.kanshudo.com/katakana,256
kana_katakana_foreign_sound_f_i_fi_257,katakana,foreign_sound,フィ,fi,,f,i,フ,fu,foreign:fi,true,true,false,/assets/audio/kana/katakana/kana_katakana_foreign_sound_f_i_fi_257.mp3,/assets/strokes/kana/katakana/kana_katakana_foreign_sound_f_i_fi_257.svg,U+30D5 U+30A3,KATAKANA LETTER HU; KATAKANA LETTER SMALL I,Extended katakana combination for loanwords/foreign sounds; optional for N5 MVP.,https://www.kanshudo.com/katakana,257
kana_katakana_foreign_sound_f_e_fe_258,katakana,foreign_sound,フェ,fe,,f,e,フ,fu,foreign:fe,true,true,false,/assets/audio/kana/katakana/kana_katakana_foreign_sound_f_e_fe_258.mp3,/assets/strokes/kana/katakana/kana_katakana_foreign_sound_f_e_fe_258.svg,U+30D5 U+30A7,KATAKANA LETTER HU; KATAKANA LETTER SMALL E,Extended katakana combination for loanwords/foreign sounds; optional for N5 MVP.,https://www.kanshudo.com/katakana,258
kana_katakana_foreign_sound_f_o_fo_259,katakana,foreign_sound,フォ,fo,,f,o,フ,fu,foreign:fo,true,true,false,/assets/audio/kana/katakana/kana_katakana_foreign_sound_f_o_fo_259.mp3,/assets/strokes/kana/katakana/kana_katakana_foreign_sound_f_o_fo_259.svg,U+30D5 U+30A9,KATAKANA LETTER HU; KATAKANA LETTER SMALL O,Extended katakana combination for loanwords/foreign sounds; optional for N5 MVP.,https://www.kanshudo.com/katakana,259
kana_katakana_foreign_sound_ts_a_tsa_260,katakana,foreign_sound,ツァ,tsa,,ts,a,ツ,tsu,foreign:tsa,true,true,false,/assets/audio/kana/katakana/kana_katakana_foreign_sound_ts_a_tsa_260.mp3,/assets/strokes/kana/katakana/kana_katakana_foreign_sound_ts_a_tsa_260.svg,U+30C4 U+30A1,KATAKANA LETTER TU; KATAKANA LETTER SMALL A,Extended katakana combination for loanwords/foreign sounds; optional for N5 MVP.,https://www.kanshudo.com/katakana,260
kana_katakana_foreign_sound_ts_i_tsi_261,katakana,foreign_sound,ツィ,tsi,,ts,i,ツ,tsu,foreign:tsi,true,true,false,/assets/audio/kana/katakana/kana_katakana_foreign_sound_ts_i_tsi_261.mp3,/assets/strokes/kana/katakana/kana_katakana_foreign_sound_ts_i_tsi_261.svg,U+30C4 U+30A3,KATAKANA LETTER TU; KATAKANA LETTER SMALL I,Extended katakana combination for loanwords/foreign sounds; optional for N5 MVP.,https://www.kanshudo.com/katakana,261
kana_katakana_foreign_sound_ts_e_tse_262,katakana,foreign_sound,ツェ,tse,,ts,e,ツ,tsu,foreign:tse,true,true,false,/assets/audio/kana/katakana/kana_katakana_foreign_sound_ts_e_tse_262.mp3,/assets/strokes/kana/katakana/kana_katakana_foreign_sound_ts_e_tse_262.svg,U+30C4 U+30A7,KATAKANA LETTER TU; KATAKANA LETTER SMALL E,Extended katakana combination for loanwords/foreign sounds; optional for N5 MVP.,https://www.kanshudo.com/katakana,262
kana_katakana_foreign_sound_ts_o_tso_263,katakana,foreign_sound,ツォ,tso,,ts,o,ツ,tsu,foreign:tso,true,true,false,/assets/audio/kana/katakana/kana_katakana_foreign_sound_ts_o_tso_263.mp3,/assets/strokes/kana/katakana/kana_katakana_foreign_sound_ts_o_tso_263.svg,U+30C4 U+30A9,KATAKANA LETTER TU; KATAKANA LETTER SMALL O,Extended katakana combination for loanwords/foreign sounds; optional for N5 MVP.,https://www.kanshudo.com/katakana,263
kana_katakana_foreign_sound_v_a_va_264,katakana,foreign_sound,ヴァ,va,,v,a,ヴ,vu,foreign:va,true,true,false,/assets/audio/kana/katakana/kana_katakana_foreign_sound_v_a_va_264.mp3,/assets/strokes/kana/katakana/kana_katakana_foreign_sound_v_a_va_264.svg,U+30F4 U+30A1,KATAKANA LETTER VU; KATAKANA LETTER SMALL A,Extended katakana combination for loanwords/foreign sounds; optional for N5 MVP.,https://www.kanshudo.com/katakana,264
kana_katakana_foreign_sound_v_i_vi_265,katakana,foreign_sound,ヴィ,vi,,v,i,ヴ,vu,foreign:vi,true,true,false,/assets/audio/kana/katakana/kana_katakana_foreign_sound_v_i_vi_265.mp3,/assets/strokes/kana/katakana/kana_katakana_foreign_sound_v_i_vi_265.svg,U+30F4 U+30A3,KATAKANA LETTER VU; KATAKANA LETTER SMALL I,Extended katakana combination for loanwords/foreign sounds; optional for N5 MVP.,https://www.kanshudo.com/katakana,265
kana_katakana_foreign_sound_v_e_ve_266,katakana,foreign_sound,ヴェ,ve,,v,e,ヴ,vu,foreign:ve,true,true,false,/assets/audio/kana/katakana/kana_katakana_foreign_sound_v_e_ve_266.mp3,/assets/strokes/kana/katakana/kana_katakana_foreign_sound_v_e_ve_266.svg,U+30F4 U+30A7,KATAKANA LETTER VU; KATAKANA LETTER SMALL E,Extended katakana combination for loanwords/foreign sounds; optional for N5 MVP.,https://www.kanshudo.com/katakana,266
kana_katakana_foreign_sound_v_o_vo_267,katakana,foreign_sound,ヴォ,vo,,v,o,ヴ,vu,foreign:vo,true,true,false,/assets/audio/kana/katakana/kana_katakana_foreign_sound_v_o_vo_267.mp3,/assets/strokes/kana/katakana/kana_katakana_foreign_sound_v_o_vo_267.svg,U+30F4 U+30A9,KATAKANA LETTER VU; KATAKANA LETTER SMALL O,Extended katakana combination for loanwords/foreign sounds; optional for N5 MVP.,https://www.kanshudo.com/katakana,267
