id,radical_system,radical_number,stroke_count,base_radical,kangxi_radical_symbol,unicode_codepoint,unicode_name,kangxi_unicode_codepoint,japanese_name_hiragana,japanese_name_romaji,meaning_en,meaning_id,variant_forms,variant_notes_id,is_common_for_japanese_learners,n5_relevant,recommended_for_quiz,source_url,secondary_source_url,notes
rad_kx_001,kangxi_214_japanese,1,1,一,⼀,U+4E00,CJK UNIFIED IDEOGRAPH-4E00,U+2F00,いち,ichi,one; horizontal stroke,satu; garis horizontal,,,true,true,true,https://kanjialive.com/214-traditional-kanji-radicals/,https://en.wikipedia.org/wiki/Kangxi_radicals,Canonical 214 Kangxi radical seed. base_radical uses common Japanese/kanji form where practical.
rad_kx_002,kangxi_214_japanese,2,1,丨,⼁,U+4E28,CJK UNIFIED IDEOGRAPH-4E28,U+2F01,たてぼう,tatebou,vertical stroke,garis vertikal,,,true,true,true,https://kanjialive.com/214-traditional-kanji-radicals/,https://en.wikipedia.org/wiki/Kangxi_radicals,Canonical 214 Kangxi radical seed. base_radical uses common Japanese/kanji form where practical.
rad_kx_003,kangxi_214_japanese,3,1,丶,⼂,U+4E36,CJK UNIFIED IDEOGRAPH-4E36,U+2F02,てん,ten,dot,titik,,,false,false,false,https://kanjialive.com/214-traditional-kanji-radicals/,https://en.wikipedia.org/wiki/Kangxi_radicals,Canonical 214 Kangxi radical seed. base_radical uses common Japanese/kanji form where practical.
rad_kx_004,kangxi_214_japanese,4,1,丿,⼃,U+4E3F,CJK UNIFIED IDEOGRAPH-4E3F,U+2F03,の,no,diagonal sweeping stroke,sapuan diagonal,,,false,false,false,https://kanjialive.com/214-traditional-kanji-radicals/,https://en.wikipedia.org/wiki/Kangxi_radicals,Canonical 214 Kangxi radical seed. base_radical uses common Japanese/kanji form where practical.
rad_kx_005,kangxi_214_japanese,5,1,乙,⼄,U+4E59,CJK UNIFIED IDEOGRAPH-4E59,U+2F04,おつ,otsu,second; latter,kedua; belakangan,⺃,⺃:varian 乙,true,true,true,https://kanjialive.com/214-traditional-kanji-radicals/,https://en.wikipedia.org/wiki/Kangxi_radicals,Canonical 214 Kangxi radical seed. base_radical uses common Japanese/kanji form where practical.
rad_kx_006,kangxi_214_japanese,6,1,亅,⼅,U+4E85,CJK UNIFIED IDEOGRAPH-4E85,U+2F05,はねぼう,hanebou,hook,kait,,,false,false,false,https://kanjialive.com/214-traditional-kanji-radicals/,https://en.wikipedia.org/wiki/Kangxi_radicals,Canonical 214 Kangxi radical seed. base_radical uses common Japanese/kanji form where practical.
rad_kx_007,kangxi_214_japanese,7,2,二,⼆,U+4E8C,CJK UNIFIED IDEOGRAPH-4E8C,U+2F06,に,ni,two,dua,,,true,true,true,https://kanjialive.com/214-traditional-kanji-radicals/,https://en.wikipedia.org/wiki/Kangxi_radicals,Canonical 214 Kangxi radical seed. base_radical uses common Japanese/kanji form where practical.
rad_kx_008,kangxi_214_japanese,8,2,亠,⼇,U+4EA0,CJK UNIFIED IDEOGRAPH-4EA0,U+2F07,なべぶた,nabebuta,lid; top,penutup; bagian atas,,,false,false,false,https://kanjialive.com/214-traditional-kanji-radicals/,https://en.wikipedia.org/wiki/Kangxi_radicals,Canonical 214 Kangxi radical seed. base_radical uses common Japanese/kanji form where practical.
rad_kx_009,kangxi_214_japanese,9,2,人,⼈,U+4EBA,CJK UNIFIED IDEOGRAPH-4EBA,U+2F08,ひと,hito,person,orang,亻|𠆢,亻:にんべん; kiri ; 𠆢:ひとやね; atas,true,true,true,https://kanjialive.com/214-traditional-kanji-radicals/,https://en.wikipedia.org/wiki/Kangxi_radicals,Canonical 214 Kangxi radical seed. base_radical uses common Japanese/kanji form where practical.
rad_kx_010,kangxi_214_japanese,10,2,儿,⼉,U+513F,CJK UNIFIED IDEOGRAPH-513F,U+2F09,ひとあし,hitoashi,human legs,kaki manusia,,,true,true,true,https://kanjialive.com/214-traditional-kanji-radicals/,https://en.wikipedia.org/wiki/Kangxi_radicals,Canonical 214 Kangxi radical seed. base_radical uses common Japanese/kanji form where practical.
rad_kx_011,kangxi_214_japanese,11,2,入,⼊,U+5165,CJK UNIFIED IDEOGRAPH-5165,U+2F0A,いる,iru,enter,masuk,,,true,true,true,https://kanjialive.com/214-traditional-kanji-radicals/,https://en.wikipedia.org/wiki/Kangxi_radicals,Canonical 214 Kangxi radical seed. base_radical uses common Japanese/kanji form where practical.
rad_kx_012,kangxi_214_japanese,12,2,八,⼋,U+516B,CJK UNIFIED IDEOGRAPH-516B,U+2F0B,はち,hachi,eight,delapan,丷,丷:はちがしら; atas,true,true,true,https://kanjialive.com/214-traditional-kanji-radicals/,https://en.wikipedia.org/wiki/Kangxi_radicals,Canonical 214 Kangxi radical seed. base_radical uses common Japanese/kanji form where practical.
rad_kx_013,kangxi_214_japanese,13,2,冂,⼌,U+5182,CJK UNIFIED IDEOGRAPH-5182,U+2F0C,けいがまえ,keigamae,enclosure,bingkai/enclosure,,,true,true,true,https://kanjialive.com/214-traditional-kanji-radicals/,https://en.wikipedia.org/wiki/Kangxi_radicals,Canonical 214 Kangxi radical seed. base_radical uses common Japanese/kanji form where practical.
rad_kx_014,kangxi_214_japanese,14,2,冖,⼍,U+5196,CJK UNIFIED IDEOGRAPH-5196,U+2F0D,わかんむり,wakanmuri,cover; crown,penutup; mahkota,,,false,false,false,https://kanjialive.com/214-traditional-kanji-radicals/,https://en.wikipedia.org/wiki/Kangxi_radicals,Canonical 214 Kangxi radical seed. base_radical uses common Japanese/kanji form where practical.
rad_kx_015,kangxi_214_japanese,15,2,冫,⼎,U+51AB,CJK UNIFIED IDEOGRAPH-51AB,U+2F0E,にすい,nisui,ice,es,,,false,false,false,https://kanjialive.com/214-traditional-kanji-radicals/,https://en.wikipedia.org/wiki/Kangxi_radicals,Canonical 214 Kangxi radical seed. base_radical uses common Japanese/kanji form where practical.
rad_kx_016,kangxi_214_japanese,16,2,几,⼏,U+51E0,CJK UNIFIED IDEOGRAPH-51E0,U+2F0F,きにょう,kinyou,table; wind enclosure,meja; bentuk angin,⺇,⺇:かぜかんむり; atas,false,false,false,https://kanjialive.com/214-traditional-kanji-radicals/,https://en.wikipedia.org/wiki/Kangxi_radicals,Canonical 214 Kangxi radical seed. base_radical uses common Japanese/kanji form where practical.
rad_kx_017,kangxi_214_japanese,17,2,凵,⼐,U+51F5,CJK UNIFIED IDEOGRAPH-51F5,U+2F10,かんにょう,kannyou,open box; container,kotak terbuka; wadah,,,true,true,true,https://kanjialive.com/214-traditional-kanji-radicals/,https://en.wikipedia.org/wiki/Kangxi_radicals,Canonical 214 Kangxi radical seed. base_radical uses common Japanese/kanji form where practical.
rad_kx_018,kangxi_214_japanese,18,2,刀,⼑,U+5200,CJK UNIFIED IDEOGRAPH-5200,U+2F11,かたな,katana,knife; sword,pisau; pedang,刂,刂:りっとう; kanan,true,true,true,https://kanjialive.com/214-traditional-kanji-radicals/,https://en.wikipedia.org/wiki/Kangxi_radicals,Canonical 214 Kangxi radical seed. base_radical uses common Japanese/kanji form where practical.
rad_kx_019,kangxi_214_japanese,19,2,力,⼒,U+529B,CJK UNIFIED IDEOGRAPH-529B,U+2F12,ちから,chikara,power; strength,kekuatan,,,false,false,false,https://kanjialive.com/214-traditional-kanji-radicals/,https://en.wikipedia.org/wiki/Kangxi_radicals,Canonical 214 Kangxi radical seed. base_radical uses common Japanese/kanji form where practical.
rad_kx_020,kangxi_214_japanese,20,2,勹,⼓,U+52F9,CJK UNIFIED IDEOGRAPH-52F9,U+2F13,つつみがまえ,tsutsumigamae,wrap,membungkus,,,false,false,false,https://kanjialive.com/214-traditional-kanji-radicals/,https://en.wikipedia.org/wiki/Kangxi_radicals,Canonical 214 Kangxi radical seed. base_radical uses common Japanese/kanji form where practical.
rad_kx_021,kangxi_214_japanese,21,2,匕,⼔,U+5315,CJK UNIFIED IDEOGRAPH-5315,U+2F14,さじ,saji,spoon; ladle,sendok,,,true,true,true,https://kanjialive.com/214-traditional-kanji-radicals/,https://en.wikipedia.org/wiki/Kangxi_radicals,Canonical 214 Kangxi radical seed. base_radical uses common Japanese/kanji form where practical.
rad_kx_022,kangxi_214_japanese,22,2,匚,⼕,U+531A,CJK UNIFIED IDEOGRAPH-531A,U+2F15,はこがまえ,hakogamae,box,kotak,,,false,false,false,https://kanjialive.com/214-traditional-kanji-radicals/,https://en.wikipedia.org/wiki/Kangxi_radicals,Canonical 214 Kangxi radical seed. base_radical uses common Japanese/kanji form where practical.
rad_kx_023,kangxi_214_japanese,23,2,匸,⼖,U+5338,CJK UNIFIED IDEOGRAPH-5338,U+2F16,かくしがまえ,kakushigamae,hide; conceal,sembunyi,,,false,false,false,https://kanjialive.com/214-traditional-kanji-radicals/,https://en.wikipedia.org/wiki/Kangxi_radicals,Canonical 214 Kangxi radical seed. base_radical uses common Japanese/kanji form where practical.
rad_kx_024,kangxi_214_japanese,24,2,十,⼗,U+5341,CJK UNIFIED IDEOGRAPH-5341,U+2F17,じゅう,juu,ten,sepuluh,,,true,true,true,https://kanjialive.com/214-traditional-kanji-radicals/,https://en.wikipedia.org/wiki/Kangxi_radicals,Canonical 214 Kangxi radical seed. base_radical uses common Japanese/kanji form where practical.
rad_kx_025,kangxi_214_japanese,25,2,卜,⼘,U+535C,CJK UNIFIED IDEOGRAPH-535C,U+2F18,ぼく,boku,divination; oracle,ramalan,,,false,false,false,https://kanjialive.com/214-traditional-kanji-radicals/,https://en.wikipedia.org/wiki/Kangxi_radicals,Canonical 214 Kangxi radical seed. base_radical uses common Japanese/kanji form where practical.
rad_kx_026,kangxi_214_japanese,26,2,卩,⼙,U+5369,CJK UNIFIED IDEOGRAPH-5369,U+2F19,ふしづくり,fushizukuri,seal; stamp,segel; cap,,,false,false,false,https://kanjialive.com/214-traditional-kanji-radicals/,https://en.wikipedia.org/wiki/Kangxi_radicals,Canonical 214 Kangxi radical seed. base_radical uses common Japanese/kanji form where practical.
rad_kx_027,kangxi_214_japanese,27,2,厂,⼚,U+5382,CJK UNIFIED IDEOGRAPH-5382,U+2F1A,がんだれ,gandare,cliff,tebing,,,false,false,false,https://kanjialive.com/214-traditional-kanji-radicals/,https://en.wikipedia.org/wiki/Kangxi_radicals,Canonical 214 Kangxi radical seed. base_radical uses common Japanese/kanji form where practical.
rad_kx_028,kangxi_214_japanese,28,2,厶,⼛,U+53B6,CJK UNIFIED IDEOGRAPH-53B6,U+2F1B,む,mu,private; katakana mu,pribadi; bentuk mu,,,false,false,false,https://kanjialive.com/214-traditional-kanji-radicals/,https://en.wikipedia.org/wiki/Kangxi_radicals,Canonical 214 Kangxi radical seed. base_radical uses common Japanese/kanji form where practical.
rad_kx_029,kangxi_214_japanese,29,2,又,⼜,U+53C8,CJK UNIFIED IDEOGRAPH-53C8,U+2F1C,また,mata,again; right hand,lagi; tangan kanan,,,true,true,true,https://kanjialive.com/214-traditional-kanji-radicals/,https://en.wikipedia.org/wiki/Kangxi_radicals,Canonical 214 Kangxi radical seed. base_radical uses common Japanese/kanji form where practical.
rad_kx_030,kangxi_214_japanese,30,3,口,⼝,U+53E3,CJK UNIFIED IDEOGRAPH-53E3,U+2F1D,くち,kuchi,mouth,mulut,,:くちへん; kiri,true,true,true,https://kanjialive.com/214-traditional-kanji-radicals/,https://en.wikipedia.org/wiki/Kangxi_radicals,Canonical 214 Kangxi radical seed. base_radical uses common Japanese/kanji form where practical.
rad_kx_031,kangxi_214_japanese,31,3,囗,⼞,U+56D7,CJK UNIFIED IDEOGRAPH-56D7,U+2F1E,くにがまえ,kunigamae,border; enclosure,batas; enclosure,,,true,true,true,https://kanjialive.com/214-traditional-kanji-radicals/,https://en.wikipedia.org/wiki/Kangxi_radicals,Canonical 214 Kangxi radical seed. base_radical uses common Japanese/kanji form where practical.
rad_kx_032,kangxi_214_japanese,32,3,土,⼟,U+571F,CJK UNIFIED IDEOGRAPH-571F,U+2F1F,つち,tsuchi,earth; soil,tanah,,:つちへん; kiri,true,true,true,https://kanjialive.com/214-traditional-kanji-radicals/,https://en.wikipedia.org/wiki/Kangxi_radicals,Canonical 214 Kangxi radical seed. base_radical uses common Japanese/kanji form where practical.
rad_kx_033,kangxi_214_japanese,33,3,士,⼠,U+58EB,CJK UNIFIED IDEOGRAPH-58EB,U+2F20,さむらい,samurai,scholar; samurai,sarjana; samurai,,:さむらいかんむり; atas,false,false,false,https://kanjialive.com/214-traditional-kanji-radicals/,https://en.wikipedia.org/wiki/Kangxi_radicals,Canonical 214 Kangxi radical seed. base_radical uses common Japanese/kanji form where practical.
rad_kx_034,kangxi_214_japanese,34,3,夂,⼡,U+5902,CJK UNIFIED IDEOGRAPH-5902,U+2F21,のまた,nomata,go; follow,pergi; mengikuti,,,false,false,false,https://kanjialive.com/214-traditional-kanji-radicals/,https://en.wikipedia.org/wiki/Kangxi_radicals,Canonical 214 Kangxi radical seed. base_radical uses common Japanese/kanji form where practical.
rad_kx_035,kangxi_214_japanese,35,3,夊,⼢,U+590A,CJK UNIFIED IDEOGRAPH-590A,U+2F22,なつあし,natsuashi,go slowly,berjalan lambat,,,false,false,false,https://kanjialive.com/214-traditional-kanji-radicals/,https://en.wikipedia.org/wiki/Kangxi_radicals,Canonical 214 Kangxi radical seed. base_radical uses common Japanese/kanji form where practical.
rad_kx_036,kangxi_214_japanese,36,3,夕,⼣,U+5915,CJK UNIFIED IDEOGRAPH-5915,U+2F23,ゆうべ,yuube,evening,sore; malam,,,true,true,true,https://kanjialive.com/214-traditional-kanji-radicals/,https://en.wikipedia.org/wiki/Kangxi_radicals,Canonical 214 Kangxi radical seed. base_radical uses common Japanese/kanji form where practical.
rad_kx_037,kangxi_214_japanese,37,3,大,⼤,U+5927,CJK UNIFIED IDEOGRAPH-5927,U+2F24,だい,dai,large; big,besar,,,true,true,true,https://kanjialive.com/214-traditional-kanji-radicals/,https://en.wikipedia.org/wiki/Kangxi_radicals,Canonical 214 Kangxi radical seed. base_radical uses common Japanese/kanji form where practical.
rad_kx_038,kangxi_214_japanese,38,3,女,⼥,U+5973,CJK UNIFIED IDEOGRAPH-5973,U+2F25,おんな,onna,woman,perempuan,,:おんなへん; kiri,true,true,true,https://kanjialive.com/214-traditional-kanji-radicals/,https://en.wikipedia.org/wiki/Kangxi_radicals,Canonical 214 Kangxi radical seed. base_radical uses common Japanese/kanji form where practical.
rad_kx_039,kangxi_214_japanese,39,3,子,⼦,U+5B50,CJK UNIFIED IDEOGRAPH-5B50,U+2F26,こ,ko,child; son,anak,孑|,孑:varian anak ; :こへん; kiri,true,true,true,https://kanjialive.com/214-traditional-kanji-radicals/,https://en.wikipedia.org/wiki/Kangxi_radicals,Canonical 214 Kangxi radical seed. base_radical uses common Japanese/kanji form where practical.
rad_kx_040,kangxi_214_japanese,40,3,宀,⼧,U+5B80,CJK UNIFIED IDEOGRAPH-5B80,U+2F27,うかんむり,ukanmuri,roof; house,atap; rumah,,,true,true,true,https://kanjialive.com/214-traditional-kanji-radicals/,https://en.wikipedia.org/wiki/Kangxi_radicals,Canonical 214 Kangxi radical seed. base_radical uses common Japanese/kanji form where practical.
rad_kx_041,kangxi_214_japanese,41,3,寸,⼨,U+5BF8,CJK UNIFIED IDEOGRAPH-5BF8,U+2F28,すん,sun,inch; measurement,inci; ukuran,,,false,false,false,https://kanjialive.com/214-traditional-kanji-radicals/,https://en.wikipedia.org/wiki/Kangxi_radicals,Canonical 214 Kangxi radical seed. base_radical uses common Japanese/kanji form where practical.
rad_kx_042,kangxi_214_japanese,42,3,小,⼩,U+5C0F,CJK UNIFIED IDEOGRAPH-5C0F,U+2F29,しょう,shou,small,kecil,⺌,⺌:しょうかんむり; atas,true,true,true,https://kanjialive.com/214-traditional-kanji-radicals/,https://en.wikipedia.org/wiki/Kangxi_radicals,Canonical 214 Kangxi radical seed. base_radical uses common Japanese/kanji form where practical.
rad_kx_043,kangxi_214_japanese,43,3,尢,⼪,U+5C22,CJK UNIFIED IDEOGRAPH-5C22,U+2F2A,だいのまげあし,dainomageashi,lame leg,kaki pincang,,,false,false,false,https://kanjialive.com/214-traditional-kanji-radicals/,https://en.wikipedia.org/wiki/Kangxi_radicals,Canonical 214 Kangxi radical seed. base_radical uses common Japanese/kanji form where practical.
rad_kx_044,kangxi_214_japanese,44,3,尸,⼫,U+5C38,CJK UNIFIED IDEOGRAPH-5C38,U+2F2B,しかばね,shikabane,corpse; awning,mayat; kanopi,,,false,false,false,https://kanjialive.com/214-traditional-kanji-radicals/,https://en.wikipedia.org/wiki/Kangxi_radicals,Canonical 214 Kangxi radical seed. base_radical uses common Japanese/kanji form where practical.
rad_kx_045,kangxi_214_japanese,45,3,屮,⼬,U+5C6E,CJK UNIFIED IDEOGRAPH-5C6E,U+2F2C,くさのめ,kusanome,sprout,tunas,,,false,false,false,https://kanjialive.com/214-traditional-kanji-radicals/,https://en.wikipedia.org/wiki/Kangxi_radicals,Canonical 214 Kangxi radical seed. base_radical uses common Japanese/kanji form where practical.
rad_kx_046,kangxi_214_japanese,46,3,山,⼭,U+5C71,CJK UNIFIED IDEOGRAPH-5C71,U+2F2D,やま,yama,mountain,gunung,|,:やまへん; kiri ; :やまかんむり; atas,true,true,true,https://kanjialive.com/214-traditional-kanji-radicals/,https://en.wikipedia.org/wiki/Kangxi_radicals,Canonical 214 Kangxi radical seed. base_radical uses common Japanese/kanji form where practical.
rad_kx_047,kangxi_214_japanese,47,3,川,⼮,U+5DDD,CJK UNIFIED IDEOGRAPH-5DDD,U+2F2E,さんぼんがわ,sanbongawa,river,sungai,巛,巛:まがりがわ; bentuk sungai berliku,true,true,true,https://kanjialive.com/214-traditional-kanji-radicals/,https://en.wikipedia.org/wiki/Kangxi_radicals,Canonical 214 Kangxi radical seed. base_radical uses common Japanese/kanji form where practical.
rad_kx_048,kangxi_214_japanese,48,3,工,⼯,U+5DE5,CJK UNIFIED IDEOGRAPH-5DE5,U+2F2F,たくみ,takumi,work; craft; skill,kerja; keterampilan,,:たくみへん; kiri,true,true,true,https://kanjialive.com/214-traditional-kanji-radicals/,https://en.wikipedia.org/wiki/Kangxi_radicals,Canonical 214 Kangxi radical seed. base_radical uses common Japanese/kanji form where practical.
rad_kx_049,kangxi_214_japanese,49,3,己,⼰,U+5DF1,CJK UNIFIED IDEOGRAPH-5DF1,U+2F30,おのれ,onore,oneself,diri sendiri,,,false,false,false,https://kanjialive.com/214-traditional-kanji-radicals/,https://en.wikipedia.org/wiki/Kangxi_radicals,Canonical 214 Kangxi radical seed. base_radical uses common Japanese/kanji form where practical.
rad_kx_050,kangxi_214_japanese,50,3,巾,⼱,U+5DFE,CJK UNIFIED IDEOGRAPH-5DFE,U+2F31,はば,haba,cloth; turban,kain,,,false,false,false,https://kanjialive.com/214-traditional-kanji-radicals/,https://en.wikipedia.org/wiki/Kangxi_radicals,Canonical 214 Kangxi radical seed. base_radical uses common Japanese/kanji form where practical.
rad_kx_051,kangxi_214_japanese,51,3,干,⼲,U+5E72,CJK UNIFIED IDEOGRAPH-5E72,U+2F32,かん,kan,dry; shield,kering; perisai,,,true,true,true,https://kanjialive.com/214-traditional-kanji-radicals/,https://en.wikipedia.org/wiki/Kangxi_radicals,Canonical 214 Kangxi radical seed. base_radical uses common Japanese/kanji form where practical.
rad_kx_052,kangxi_214_japanese,52,3,幺,⼳,U+5E7A,CJK UNIFIED IDEOGRAPH-5E7A,U+2F33,いとがしら,itogashira,short thread; young,benang pendek; muda,,,false,false,false,https://kanjialive.com/214-traditional-kanji-radicals/,https://en.wikipedia.org/wiki/Kangxi_radicals,Canonical 214 Kangxi radical seed. base_radical uses common Japanese/kanji form where practical.
rad_kx_053,kangxi_214_japanese,53,3,广,⼴,U+5E7F,CJK UNIFIED IDEOGRAPH-5E7F,U+2F34,まだれ,madare,slanting roof,atap miring,,,true,true,true,https://kanjialive.com/214-traditional-kanji-radicals/,https://en.wikipedia.org/wiki/Kangxi_radicals,Canonical 214 Kangxi radical seed. base_radical uses common Japanese/kanji form where practical.
rad_kx_054,kangxi_214_japanese,54,3,廴,⼵,U+5EF4,CJK UNIFIED IDEOGRAPH-5EF4,U+2F35,えんにょう,ennyou,long stride; stretch,langkah panjang; merentang,,,false,false,false,https://kanjialive.com/214-traditional-kanji-radicals/,https://en.wikipedia.org/wiki/Kangxi_radicals,Canonical 214 Kangxi radical seed. base_radical uses common Japanese/kanji form where practical.
rad_kx_055,kangxi_214_japanese,55,3,廾,⼶,U+5EFE,CJK UNIFIED IDEOGRAPH-5EFE,U+2F36,にじゅうあし,nijuuashi,folded hands; arch,dua tangan; lengkung,,,false,false,false,https://kanjialive.com/214-traditional-kanji-radicals/,https://en.wikipedia.org/wiki/Kangxi_radicals,Canonical 214 Kangxi radical seed. base_radical uses common Japanese/kanji form where practical.
rad_kx_056,kangxi_214_japanese,56,3,弋,⼷,U+5F0B,CJK UNIFIED IDEOGRAPH-5F0B,U+2F37,いぐるみ,igurumi,javelin; shoot,lembing; memanah,,,false,false,false,https://kanjialive.com/214-traditional-kanji-radicals/,https://en.wikipedia.org/wiki/Kangxi_radicals,Canonical 214 Kangxi radical seed. base_radical uses common Japanese/kanji form where practical.
rad_kx_057,kangxi_214_japanese,57,3,弓,⼸,U+5F13,CJK UNIFIED IDEOGRAPH-5F13,U+2F38,ゆみ,yumi,bow,busur,,:ゆみへん; kiri,false,false,false,https://kanjialive.com/214-traditional-kanji-radicals/,https://en.wikipedia.org/wiki/Kangxi_radicals,Canonical 214 Kangxi radical seed. base_radical uses common Japanese/kanji form where practical.
rad_kx_058,kangxi_214_japanese,58,3,彐,⼹,U+5F50,CJK UNIFIED IDEOGRAPH-5F50,U+2F39,けいがしら,keigashira,snout; pig head,moncong; kepala babi,彑|⺕|⺔,彑:varian 彐 ; ⺕:varian kepala babi ; ⺔:varian kepala babi,false,false,false,https://kanjialive.com/214-traditional-kanji-radicals/,https://en.wikipedia.org/wiki/Kangxi_radicals,Canonical 214 Kangxi radical seed. base_radical uses common Japanese/kanji form where practical.
rad_kx_059,kangxi_214_japanese,59,3,彡,⼺,U+5F61,CJK UNIFIED IDEOGRAPH-5F61,U+2F3A,さんづくり,sanzukuri,bristle; hair-style; rays,bulu; gaya rambut; sinar,,,false,false,false,https://kanjialive.com/214-traditional-kanji-radicals/,https://en.wikipedia.org/wiki/Kangxi_radicals,Canonical 214 Kangxi radical seed. base_radical uses common Japanese/kanji form where practical.
rad_kx_060,kangxi_214_japanese,60,3,彳,⼻,U+5F73,CJK UNIFIED IDEOGRAPH-5F73,U+2F3B,ぎょうにんべん,gyouninben,step; stride; street,langkah; jalan,,,true,true,true,https://kanjialive.com/214-traditional-kanji-radicals/,https://en.wikipedia.org/wiki/Kangxi_radicals,Canonical 214 Kangxi radical seed. base_radical uses common Japanese/kanji form where practical.
rad_kx_061,kangxi_214_japanese,61,4,心,⼼,U+5FC3,CJK UNIFIED IDEOGRAPH-5FC3,U+2F3C,こころ,kokoro,heart; mind; spirit,hati; pikiran; jiwa,忄|⺗,忄:りっしんべん; kiri ; ⺗:したごころ; bawah,true,false,false,https://kanjialive.com/214-traditional-kanji-radicals/,https://en.wikipedia.org/wiki/Kangxi_radicals,Canonical 214 Kangxi radical seed. base_radical uses common Japanese/kanji form where practical.
rad_kx_062,kangxi_214_japanese,62,4,戈,⼽,U+6208,CJK UNIFIED IDEOGRAPH-6208,U+2F3D,ほこ,hoko,spear; weapon,tombak; senjata,,,false,false,false,https://kanjialive.com/214-traditional-kanji-radicals/,https://en.wikipedia.org/wiki/Kangxi_radicals,Canonical 214 Kangxi radical seed. base_radical uses common Japanese/kanji form where practical.
rad_kx_063,kangxi_214_japanese,63,4,戸,⼾,U+6238,CJK UNIFIED IDEOGRAPH-6238,U+2F3E,と,to,door,pintu,戶|户,戶:bentuk tradisional ; 户:bentuk varian,false,false,false,https://kanjialive.com/214-traditional-kanji-radicals/,https://en.wikipedia.org/wiki/Kangxi_radicals,Canonical 214 Kangxi radical seed. base_radical uses common Japanese/kanji form where practical.
rad_kx_064,kangxi_214_japanese,64,4,手,⼿,U+624B,CJK UNIFIED IDEOGRAPH-624B,U+2F3F,て,te,hand,tangan,扌|龵,扌:てへん; kiri ; 龵:varian tangan atas,true,true,true,https://kanjialive.com/214-traditional-kanji-radicals/,https://en.wikipedia.org/wiki/Kangxi_radicals,Canonical 214 Kangxi radical seed. base_radical uses common Japanese/kanji form where practical.
rad_kx_065,kangxi_214_japanese,65,4,支,⽀,U+652F,CJK UNIFIED IDEOGRAPH-652F,U+2F40,しにょう,shinyou,branch; support,cabang; dukungan,,,false,false,false,https://kanjialive.com/214-traditional-kanji-radicals/,https://en.wikipedia.org/wiki/Kangxi_radicals,Canonical 214 Kangxi radical seed. base_radical uses common Japanese/kanji form where practical.
rad_kx_066,kangxi_214_japanese,66,4,攴,⽁,U+6534,CJK UNIFIED IDEOGRAPH-6534,U+2F41,ぼくづくり,bokuzukuri,rap; strike; hit,memukul; ketukan,攵|⺙,攵:ぼくづくり; kanan ; ⺙:varian kanan,false,false,false,https://kanjialive.com/214-traditional-kanji-radicals/,https://en.wikipedia.org/wiki/Kangxi_radicals,Canonical 214 Kangxi radical seed. base_radical uses common Japanese/kanji form where practical.
rad_kx_067,kangxi_214_japanese,67,4,文,⽂,U+6587,CJK UNIFIED IDEOGRAPH-6587,U+2F42,ぶん,bun,script; literature,tulisan; sastra,,,false,false,false,https://kanjialive.com/214-traditional-kanji-radicals/,https://en.wikipedia.org/wiki/Kangxi_radicals,Canonical 214 Kangxi radical seed. base_radical uses common Japanese/kanji form where practical.
rad_kx_068,kangxi_214_japanese,68,4,斗,⽃,U+6597,CJK UNIFIED IDEOGRAPH-6597,U+2F43,ますづくり,masuzukuri,dipper; ladle,gayung; sendok besar,,,false,false,false,https://kanjialive.com/214-traditional-kanji-radicals/,https://en.wikipedia.org/wiki/Kangxi_radicals,Canonical 214 Kangxi radical seed. base_radical uses common Japanese/kanji form where practical.
rad_kx_069,kangxi_214_japanese,69,4,斤,⽄,U+65A4,CJK UNIFIED IDEOGRAPH-65A4,U+2F44,おのづくり,onozukuri,axe,kapak,,,true,true,true,https://kanjialive.com/214-traditional-kanji-radicals/,https://en.wikipedia.org/wiki/Kangxi_radicals,Canonical 214 Kangxi radical seed. base_radical uses common Japanese/kanji form where practical.
rad_kx_070,kangxi_214_japanese,70,4,方,⽅,U+65B9,CJK UNIFIED IDEOGRAPH-65B9,U+2F45,ほう,hou,direction; square; flag,arah; persegi; bendera,,:ほうへん; kiri,false,false,false,https://kanjialive.com/214-traditional-kanji-radicals/,https://en.wikipedia.org/wiki/Kangxi_radicals,Canonical 214 Kangxi radical seed. base_radical uses common Japanese/kanji form where practical.
rad_kx_071,kangxi_214_japanese,71,4,无,⽆,U+65E0,CJK UNIFIED IDEOGRAPH-65E0,U+2F46,むにょう,munyou,not; nothing,tidak; kosong,,,false,false,false,https://kanjialive.com/214-traditional-kanji-radicals/,https://en.wikipedia.org/wiki/Kangxi_radicals,Canonical 214 Kangxi radical seed. base_radical uses common Japanese/kanji form where practical.
rad_kx_072,kangxi_214_japanese,72,4,日,⽇,U+65E5,CJK UNIFIED IDEOGRAPH-65E5,U+2F47,ひ,hi,sun; day; time,matahari; hari; waktu,,:ひへん; kiri,true,true,true,https://kanjialive.com/214-traditional-kanji-radicals/,https://en.wikipedia.org/wiki/Kangxi_radicals,Canonical 214 Kangxi radical seed. base_radical uses common Japanese/kanji form where practical.
rad_kx_073,kangxi_214_japanese,73,4,曰,⽈,U+66F0,CJK UNIFIED IDEOGRAPH-66F0,U+2F48,ひらび,hirabi,say,berkata,,,true,true,true,https://kanjialive.com/214-traditional-kanji-radicals/,https://en.wikipedia.org/wiki/Kangxi_radicals,Canonical 214 Kangxi radical seed. base_radical uses common Japanese/kanji form where practical.
rad_kx_074,kangxi_214_japanese,74,4,月,⽉,U+6708,CJK UNIFIED IDEOGRAPH-6708,U+2F49,つき,tsuki,moon; month; period,bulan; periode,⺝,⺝:つきへん; kiri,true,false,false,https://kanjialive.com/214-traditional-kanji-radicals/,https://en.wikipedia.org/wiki/Kangxi_radicals,Canonical 214 Kangxi radical seed. base_radical uses common Japanese/kanji form where practical.
rad_kx_075,kangxi_214_japanese,75,4,木,⽊,U+6728,CJK UNIFIED IDEOGRAPH-6728,U+2F4A,き,ki,tree; wood,pohon; kayu,,:きへん; kiri,true,true,true,https://kanjialive.com/214-traditional-kanji-radicals/,https://en.wikipedia.org/wiki/Kangxi_radicals,Canonical 214 Kangxi radical seed. base_radical uses common Japanese/kanji form where practical.
rad_kx_076,kangxi_214_japanese,76,4,欠,⽋,U+6B20,CJK UNIFIED IDEOGRAPH-6B20,U+2F4B,あくび,akubi,lack; yawn,kurang; menguap,,,false,false,false,https://kanjialive.com/214-traditional-kanji-radicals/,https://en.wikipedia.org/wiki/Kangxi_radicals,Canonical 214 Kangxi radical seed. base_radical uses common Japanese/kanji form where practical.
rad_kx_077,kangxi_214_japanese,77,4,止,⽌,U+6B62,CJK UNIFIED IDEOGRAPH-6B62,U+2F4C,とめる,tomeru,stop,berhenti,,,false,false,false,https://kanjialive.com/214-traditional-kanji-radicals/,https://en.wikipedia.org/wiki/Kangxi_radicals,Canonical 214 Kangxi radical seed. base_radical uses common Japanese/kanji form where practical.
rad_kx_078,kangxi_214_japanese,78,4,歹,⽍,U+6B79,CJK UNIFIED IDEOGRAPH-6B79,U+2F4D,がつ,gatsu,death; decay,kematian; membusuk,歺,歺:varian 歹,false,false,false,https://kanjialive.com/214-traditional-kanji-radicals/,https://en.wikipedia.org/wiki/Kangxi_radicals,Canonical 214 Kangxi radical seed. base_radical uses common Japanese/kanji form where practical.
rad_kx_079,kangxi_214_japanese,79,4,殳,⽎,U+6BB3,CJK UNIFIED IDEOGRAPH-6BB3,U+2F4E,るまた,rumata,weapon; action,senjata; tindakan,,,false,false,false,https://kanjialive.com/214-traditional-kanji-radicals/,https://en.wikipedia.org/wiki/Kangxi_radicals,Canonical 214 Kangxi radical seed. base_radical uses common Japanese/kanji form where practical.
rad_kx_080,kangxi_214_japanese,80,4,毋,⽏,U+6BCB,CJK UNIFIED IDEOGRAPH-6BCB,U+2F4F,なかれ,nakare,do not; mother,jangan; ibu,,,true,true,true,https://kanjialive.com/214-traditional-kanji-radicals/,https://en.wikipedia.org/wiki/Kangxi_radicals,Canonical 214 Kangxi radical seed. base_radical uses common Japanese/kanji form where practical.
rad_kx_081,kangxi_214_japanese,81,4,比,⽐,U+6BD4,CJK UNIFIED IDEOGRAPH-6BD4,U+2F50,くらべる,kuraberu,compare,membandingkan,,,false,false,false,https://kanjialive.com/214-traditional-kanji-radicals/,https://en.wikipedia.org/wiki/Kangxi_radicals,Canonical 214 Kangxi radical seed. base_radical uses common Japanese/kanji form where practical.
rad_kx_082,kangxi_214_japanese,82,4,毛,⽑,U+6BDB,CJK UNIFIED IDEOGRAPH-6BDB,U+2F51,け,ke,hair; fur,rambut; bulu,,,false,false,false,https://kanjialive.com/214-traditional-kanji-radicals/,https://en.wikipedia.org/wiki/Kangxi_radicals,Canonical 214 Kangxi radical seed. base_radical uses common Japanese/kanji form where practical.
rad_kx_083,kangxi_214_japanese,83,4,氏,⽒,U+6C0F,CJK UNIFIED IDEOGRAPH-6C0F,U+2F52,うじ,uji,family; clan,keluarga; klan,,,false,false,false,https://kanjialive.com/214-traditional-kanji-radicals/,https://en.wikipedia.org/wiki/Kangxi_radicals,Canonical 214 Kangxi radical seed. base_radical uses common Japanese/kanji form where practical.
rad_kx_084,kangxi_214_japanese,84,4,气,⽓,U+6C14,CJK UNIFIED IDEOGRAPH-6C14,U+2F53,きがまえ,kigamae,steam; air,uap; udara,,,true,true,true,https://kanjialive.com/214-traditional-kanji-radicals/,https://en.wikipedia.org/wiki/Kangxi_radicals,Canonical 214 Kangxi radical seed. base_radical uses common Japanese/kanji form where practical.
rad_kx_085,kangxi_214_japanese,85,4,水,⽔,U+6C34,CJK UNIFIED IDEOGRAPH-6C34,U+2F54,みず,mizu,water,air,氵|氺,氵:さんずい; kiri ; 氺:したみず; bawah,true,true,true,https://kanjialive.com/214-traditional-kanji-radicals/,https://en.wikipedia.org/wiki/Kangxi_radicals,Canonical 214 Kangxi radical seed. base_radical uses common Japanese/kanji form where practical.
rad_kx_086,kangxi_214_japanese,86,4,火,⽕,U+706B,CJK UNIFIED IDEOGRAPH-706B,U+2F55,ひ,hi,fire,api,灬|,灬:れっか; bawah ; :ひへん; kiri,true,true,true,https://kanjialive.com/214-traditional-kanji-radicals/,https://en.wikipedia.org/wiki/Kangxi_radicals,Canonical 214 Kangxi radical seed. base_radical uses common Japanese/kanji form where practical.
rad_kx_087,kangxi_214_japanese,87,4,爪,⽖,U+722A,CJK UNIFIED IDEOGRAPH-722A,U+2F56,つめ,tsume,claw; nail,cakar; kuku,爫|⺤,爫:つめかんむり; atas ; ⺤:varian atas,false,false,false,https://kanjialive.com/214-traditional-kanji-radicals/,https://en.wikipedia.org/wiki/Kangxi_radicals,Canonical 214 Kangxi radical seed. base_radical uses common Japanese/kanji form where practical.
rad_kx_088,kangxi_214_japanese,88,4,父,⽗,U+7236,CJK UNIFIED IDEOGRAPH-7236,U+2F57,ちち,chichi,father,ayah,,,true,true,true,https://kanjialive.com/214-traditional-kanji-radicals/,https://en.wikipedia.org/wiki/Kangxi_radicals,Canonical 214 Kangxi radical seed. base_radical uses common Japanese/kanji form where practical.
rad_kx_089,kangxi_214_japanese,89,4,爻,⽘,U+723B,CJK UNIFIED IDEOGRAPH-723B,U+2F58,こう,kou,mix; trigrams,campuran; trigram,,,false,false,false,https://kanjialive.com/214-traditional-kanji-radicals/,https://en.wikipedia.org/wiki/Kangxi_radicals,Canonical 214 Kangxi radical seed. base_radical uses common Japanese/kanji form where practical.
rad_kx_090,kangxi_214_japanese,90,4,爿,⽙,U+723F,CJK UNIFIED IDEOGRAPH-723F,U+2F59,しょうへん,shouhen,split wood,kayu terbelah,,,false,false,false,https://kanjialive.com/214-traditional-kanji-radicals/,https://en.wikipedia.org/wiki/Kangxi_radicals,Canonical 214 Kangxi radical seed. base_radical uses common Japanese/kanji form where practical.
rad_kx_091,kangxi_214_japanese,91,4,片,⽚,U+7247,CJK UNIFIED IDEOGRAPH-7247,U+2F5A,かた,kata,slice; fragment,potongan,,,false,false,false,https://kanjialive.com/214-traditional-kanji-radicals/,https://en.wikipedia.org/wiki/Kangxi_radicals,Canonical 214 Kangxi radical seed. base_radical uses common Japanese/kanji form where practical.
rad_kx_092,kangxi_214_japanese,92,4,牙,⽛,U+7259,CJK UNIFIED IDEOGRAPH-7259,U+2F5B,きば,kiba,fang; canine tooth,taring,,,false,false,false,https://kanjialive.com/214-traditional-kanji-radicals/,https://en.wikipedia.org/wiki/Kangxi_radicals,Canonical 214 Kangxi radical seed. base_radical uses common Japanese/kanji form where practical.
rad_kx_093,kangxi_214_japanese,93,4,牛,⽜,U+725B,CJK UNIFIED IDEOGRAPH-725B,U+2F5C,うし,ushi,cow,sapi,牜|⺧,牜:うしへん; kiri ; ⺧:varian sapi,false,false,false,https://kanjialive.com/214-traditional-kanji-radicals/,https://en.wikipedia.org/wiki/Kangxi_radicals,Canonical 214 Kangxi radical seed. base_radical uses common Japanese/kanji form where practical.
rad_kx_094,kangxi_214_japanese,94,4,犬,⽝,U+72AC,CJK UNIFIED IDEOGRAPH-72AC,U+2F5D,いぬ,inu,dog,anjing,犭,犭:けものへん; kiri,true,false,false,https://kanjialive.com/214-traditional-kanji-radicals/,https://en.wikipedia.org/wiki/Kangxi_radicals,Canonical 214 Kangxi radical seed. base_radical uses common Japanese/kanji form where practical.
rad_kx_095,kangxi_214_japanese,95,5,玄,⽞,U+7384,CJK UNIFIED IDEOGRAPH-7384,U+2F5E,げん,gen,dark; profound,gelap; mendalam,,,false,false,false,https://kanjialive.com/214-traditional-kanji-radicals/,https://en.wikipedia.org/wiki/Kangxi_radicals,Canonical 214 Kangxi radical seed. base_radical uses common Japanese/kanji form where practical.
rad_kx_096,kangxi_214_japanese,96,5,玉,⽟,U+7389,CJK UNIFIED IDEOGRAPH-7389,U+2F5F,たま,tama,jade; jewel,giok; permata,王,王:おうへん; kiri,true,false,false,https://kanjialive.com/214-traditional-kanji-radicals/,https://en.wikipedia.org/wiki/Kangxi_radicals,Canonical 214 Kangxi radical seed. base_radical uses common Japanese/kanji form where practical.
rad_kx_097,kangxi_214_japanese,97,5,瓜,⽠,U+74DC,CJK UNIFIED IDEOGRAPH-74DC,U+2F60,うり,uri,melon,melon,,,false,false,false,https://kanjialive.com/214-traditional-kanji-radicals/,https://en.wikipedia.org/wiki/Kangxi_radicals,Canonical 214 Kangxi radical seed. base_radical uses common Japanese/kanji form where practical.
rad_kx_098,kangxi_214_japanese,98,5,瓦,⽡,U+74E6,CJK UNIFIED IDEOGRAPH-74E6,U+2F61,かわら,kawara,tile,genteng,,,false,false,false,https://kanjialive.com/214-traditional-kanji-radicals/,https://en.wikipedia.org/wiki/Kangxi_radicals,Canonical 214 Kangxi radical seed. base_radical uses common Japanese/kanji form where practical.
rad_kx_099,kangxi_214_japanese,99,5,甘,⽢,U+7518,CJK UNIFIED IDEOGRAPH-7518,U+2F62,あまい,amai,sweet,manis,,,false,false,false,https://kanjialive.com/214-traditional-kanji-radicals/,https://en.wikipedia.org/wiki/Kangxi_radicals,Canonical 214 Kangxi radical seed. base_radical uses common Japanese/kanji form where practical.
rad_kx_100,kangxi_214_japanese,100,5,生,⽣,U+751F,CJK UNIFIED IDEOGRAPH-751F,U+2F63,うまれる,umareru,birth; life,lahir; hidup,,,true,true,true,https://kanjialive.com/214-traditional-kanji-radicals/,https://en.wikipedia.org/wiki/Kangxi_radicals,Canonical 214 Kangxi radical seed. base_radical uses common Japanese/kanji form where practical.
rad_kx_101,kangxi_214_japanese,101,5,用,⽤,U+7528,CJK UNIFIED IDEOGRAPH-7528,U+2F64,もちいる,mochiiru,use,menggunakan,,,false,false,false,https://kanjialive.com/214-traditional-kanji-radicals/,https://en.wikipedia.org/wiki/Kangxi_radicals,Canonical 214 Kangxi radical seed. base_radical uses common Japanese/kanji form where practical.
rad_kx_102,kangxi_214_japanese,102,5,田,⽥,U+7530,CJK UNIFIED IDEOGRAPH-7530,U+2F65,た,ta,rice field,sawah; ladang,,,true,true,true,https://kanjialive.com/214-traditional-kanji-radicals/,https://en.wikipedia.org/wiki/Kangxi_radicals,Canonical 214 Kangxi radical seed. base_radical uses common Japanese/kanji form where practical.
rad_kx_103,kangxi_214_japanese,103,5,疋,⽦,U+758B,CJK UNIFIED IDEOGRAPH-758B,U+2F66,ひき,hiki,bolt of cloth,gulungan kain,⺪,⺪:ひきへん; kiri,false,false,false,https://kanjialive.com/214-traditional-kanji-radicals/,https://en.wikipedia.org/wiki/Kangxi_radicals,Canonical 214 Kangxi radical seed. base_radical uses common Japanese/kanji form where practical.
rad_kx_104,kangxi_214_japanese,104,5,疒,⽧,U+7592,CJK UNIFIED IDEOGRAPH-7592,U+2F67,やまいだれ,yamaidare,sickness,penyakit,,,false,false,false,https://kanjialive.com/214-traditional-kanji-radicals/,https://en.wikipedia.org/wiki/Kangxi_radicals,Canonical 214 Kangxi radical seed. base_radical uses common Japanese/kanji form where practical.
rad_kx_105,kangxi_214_japanese,105,5,癶,⽨,U+7676,CJK UNIFIED IDEOGRAPH-7676,U+2F68,はつがしら,hatsugashira,departure; outspread legs,keberangkatan; kaki terbuka,,,false,false,false,https://kanjialive.com/214-traditional-kanji-radicals/,https://en.wikipedia.org/wiki/Kangxi_radicals,Canonical 214 Kangxi radical seed. base_radical uses common Japanese/kanji form where practical.
rad_kx_106,kangxi_214_japanese,106,5,白,⽩,U+767D,CJK UNIFIED IDEOGRAPH-767D,U+2F69,しろ,shiro,white,putih,,,true,true,true,https://kanjialive.com/214-traditional-kanji-radicals/,https://en.wikipedia.org/wiki/Kangxi_radicals,Canonical 214 Kangxi radical seed. base_radical uses common Japanese/kanji form where practical.
rad_kx_107,kangxi_214_japanese,107,5,皮,⽪,U+76AE,CJK UNIFIED IDEOGRAPH-76AE,U+2F6A,けがわ,kegawa,skin; hide,kulit,,,false,false,false,https://kanjialive.com/214-traditional-kanji-radicals/,https://en.wikipedia.org/wiki/Kangxi_radicals,Canonical 214 Kangxi radical seed. base_radical uses common Japanese/kanji form where practical.
rad_kx_108,kangxi_214_japanese,108,5,皿,⽫,U+76BF,CJK UNIFIED IDEOGRAPH-76BF,U+2F6B,さら,sara,dish; plate,piring,,,false,false,false,https://kanjialive.com/214-traditional-kanji-radicals/,https://en.wikipedia.org/wiki/Kangxi_radicals,Canonical 214 Kangxi radical seed. base_radical uses common Japanese/kanji form where practical.
rad_kx_109,kangxi_214_japanese,109,5,目,⽬,U+76EE,CJK UNIFIED IDEOGRAPH-76EE,U+2F6C,め,me,eye,mata,罒|⺫,罒:よこめ/ami-like; atas ; ⺫:varian mata/jaring atas,true,true,true,https://kanjialive.com/214-traditional-kanji-radicals/,https://en.wikipedia.org/wiki/Kangxi_radicals,Canonical 214 Kangxi radical seed. base_radical uses common Japanese/kanji form where practical.
rad_kx_110,kangxi_214_japanese,110,5,矛,⽭,U+77DB,CJK UNIFIED IDEOGRAPH-77DB,U+2F6D,ほこ,hoko,halberd; spear,tombak,,,false,false,false,https://kanjialive.com/214-traditional-kanji-radicals/,https://en.wikipedia.org/wiki/Kangxi_radicals,Canonical 214 Kangxi radical seed. base_radical uses common Japanese/kanji form where practical.
rad_kx_111,kangxi_214_japanese,111,5,矢,⽮,U+77E2,CJK UNIFIED IDEOGRAPH-77E2,U+2F6E,や,ya,arrow,panah,,,false,false,false,https://kanjialive.com/214-traditional-kanji-radicals/,https://en.wikipedia.org/wiki/Kangxi_radicals,Canonical 214 Kangxi radical seed. base_radical uses common Japanese/kanji form where practical.
rad_kx_112,kangxi_214_japanese,112,5,石,⽯,U+77F3,CJK UNIFIED IDEOGRAPH-77F3,U+2F6F,いし,ishi,stone,batu,,,false,false,false,https://kanjialive.com/214-traditional-kanji-radicals/,https://en.wikipedia.org/wiki/Kangxi_radicals,Canonical 214 Kangxi radical seed. base_radical uses common Japanese/kanji form where practical.
rad_kx_113,kangxi_214_japanese,113,5,示,⽰,U+793A,CJK UNIFIED IDEOGRAPH-793A,U+2F70,しめす,shimesu,altar; sign; spirit,altar; tanda; roh,礻|⺭,礻:しめすへん; kiri ; ⺭:varian altar kiri,true,true,true,https://kanjialive.com/214-traditional-kanji-radicals/,https://en.wikipedia.org/wiki/Kangxi_radicals,Canonical 214 Kangxi radical seed. base_radical uses common Japanese/kanji form where practical.
rad_kx_114,kangxi_214_japanese,114,5,禸,⽱,U+79B8,CJK UNIFIED IDEOGRAPH-79B8,U+2F71,じゅうのあし,juunoashi,track; footprint,jejak,,,false,false,false,https://kanjialive.com/214-traditional-kanji-radicals/,https://en.wikipedia.org/wiki/Kangxi_radicals,Canonical 214 Kangxi radical seed. base_radical uses common Japanese/kanji form where practical.
rad_kx_115,kangxi_214_japanese,115,5,禾,⽲,U+79BE,CJK UNIFIED IDEOGRAPH-79BE,U+2F72,のぎへん,nogihen,grain,biji-bijian,,,false,false,false,https://kanjialive.com/214-traditional-kanji-radicals/,https://en.wikipedia.org/wiki/Kangxi_radicals,Canonical 214 Kangxi radical seed. base_radical uses common Japanese/kanji form where practical.
rad_kx_116,kangxi_214_japanese,116,5,穴,⽳,U+7A74,CJK UNIFIED IDEOGRAPH-7A74,U+2F73,あな,ana,hole; cave,lubang; gua,,,true,true,true,https://kanjialive.com/214-traditional-kanji-radicals/,https://en.wikipedia.org/wiki/Kangxi_radicals,Canonical 214 Kangxi radical seed. base_radical uses common Japanese/kanji form where practical.
rad_kx_117,kangxi_214_japanese,117,5,立,⽴,U+7ACB,CJK UNIFIED IDEOGRAPH-7ACB,U+2F74,たつ,tatsu,stand,berdiri,,,true,true,true,https://kanjialive.com/214-traditional-kanji-radicals/,https://en.wikipedia.org/wiki/Kangxi_radicals,Canonical 214 Kangxi radical seed. base_radical uses common Japanese/kanji form where practical.
rad_kx_118,kangxi_214_japanese,118,6,竹,⽵,U+7AF9,CJK UNIFIED IDEOGRAPH-7AF9,U+2F75,たけ,take,bamboo,bambu,⺮,⺮:たけかんむり; atas,true,false,false,https://kanjialive.com/214-traditional-kanji-radicals/,https://en.wikipedia.org/wiki/Kangxi_radicals,Canonical 214 Kangxi radical seed. base_radical uses common Japanese/kanji form where practical.
rad_kx_119,kangxi_214_japanese,119,6,米,⽶,U+7C73,CJK UNIFIED IDEOGRAPH-7C73,U+2F76,こめ,kome,rice,beras,,:こめへん; kiri,false,false,false,https://kanjialive.com/214-traditional-kanji-radicals/,https://en.wikipedia.org/wiki/Kangxi_radicals,Canonical 214 Kangxi radical seed. base_radical uses common Japanese/kanji form where practical.
rad_kx_120,kangxi_214_japanese,120,6,糸,⽷,U+7CF8,CJK UNIFIED IDEOGRAPH-7CF8,U+2F77,いと,ito,thread; silk,benang; sutra,糹,糹:いとへん; kiri,false,false,false,https://kanjialive.com/214-traditional-kanji-radicals/,https://en.wikipedia.org/wiki/Kangxi_radicals,Canonical 214 Kangxi radical seed. base_radical uses common Japanese/kanji form where practical.
rad_kx_121,kangxi_214_japanese,121,6,缶,⽸,U+7F36,CJK UNIFIED IDEOGRAPH-7F36,U+2F78,みずがめ,mizugame,earthen jar,guci tanah,,,false,false,false,https://kanjialive.com/214-traditional-kanji-radicals/,https://en.wikipedia.org/wiki/Kangxi_radicals,Canonical 214 Kangxi radical seed. base_radical uses common Japanese/kanji form where practical.
rad_kx_122,kangxi_214_japanese,122,6,网,⽹,U+7F51,CJK UNIFIED IDEOGRAPH-7F51,U+2F79,あみめ,amime,net,jaring,罒|㓁|⺫,罒:あみがしら; atas ; 㓁:varian jaring ; ⺫:varian jaring atas,false,false,false,https://kanjialive.com/214-traditional-kanji-radicals/,https://en.wikipedia.org/wiki/Kangxi_radicals,Canonical 214 Kangxi radical seed. base_radical uses common Japanese/kanji form where practical.
rad_kx_123,kangxi_214_japanese,123,6,羊,⽺,U+7F8A,CJK UNIFIED IDEOGRAPH-7F8A,U+2F7A,ひつじ,hitsuji,sheep,domba,⺷,⺷:varian domba,false,false,false,https://kanjialive.com/214-traditional-kanji-radicals/,https://en.wikipedia.org/wiki/Kangxi_radicals,Canonical 214 Kangxi radical seed. base_radical uses common Japanese/kanji form where practical.
rad_kx_124,kangxi_214_japanese,124,6,羽,⽻,U+7FBD,CJK UNIFIED IDEOGRAPH-7FBD,U+2F7B,はね,hane,feather; wing,bulu; sayap,,,false,false,false,https://kanjialive.com/214-traditional-kanji-radicals/,https://en.wikipedia.org/wiki/Kangxi_radicals,Canonical 214 Kangxi radical seed. base_radical uses common Japanese/kanji form where practical.
rad_kx_125,kangxi_214_japanese,125,6,老,⽼,U+8001,CJK UNIFIED IDEOGRAPH-8001,U+2F7C,おいかんむり,oikanmuri,old; old age,tua; usia lanjut,,,false,false,false,https://kanjialive.com/214-traditional-kanji-radicals/,https://en.wikipedia.org/wiki/Kangxi_radicals,Canonical 214 Kangxi radical seed. base_radical uses common Japanese/kanji form where practical.
rad_kx_126,kangxi_214_japanese,126,6,而,⽽,U+800C,CJK UNIFIED IDEOGRAPH-800C,U+2F7D,しこうして,shikoushite,and also,dan juga,,,false,false,false,https://kanjialive.com/214-traditional-kanji-radicals/,https://en.wikipedia.org/wiki/Kangxi_radicals,Canonical 214 Kangxi radical seed. base_radical uses common Japanese/kanji form where practical.
rad_kx_127,kangxi_214_japanese,127,6,耒,⽾,U+8012,CJK UNIFIED IDEOGRAPH-8012,U+2F7E,らいすき,raisuki,plow,bajak,,,false,false,false,https://kanjialive.com/214-traditional-kanji-radicals/,https://en.wikipedia.org/wiki/Kangxi_radicals,Canonical 214 Kangxi radical seed. base_radical uses common Japanese/kanji form where practical.
rad_kx_128,kangxi_214_japanese,128,6,耳,⽿,U+8033,CJK UNIFIED IDEOGRAPH-8033,U+2F7F,みみ,mimi,ear,telinga,,:みみへん; kiri,true,true,true,https://kanjialive.com/214-traditional-kanji-radicals/,https://en.wikipedia.org/wiki/Kangxi_radicals,Canonical 214 Kangxi radical seed. base_radical uses common Japanese/kanji form where practical.
rad_kx_129,kangxi_214_japanese,129,6,聿,⾀,U+807F,CJK UNIFIED IDEOGRAPH-807F,U+2F80,ふでづくり,fudezukuri,writing brush,kuas tulis,,,false,false,false,https://kanjialive.com/214-traditional-kanji-radicals/,https://en.wikipedia.org/wiki/Kangxi_radicals,Canonical 214 Kangxi radical seed. base_radical uses common Japanese/kanji form where practical.
rad_kx_130,kangxi_214_japanese,130,6,肉,⾁,U+8089,CJK UNIFIED IDEOGRAPH-8089,U+2F81,にく,niku,meat; flesh,daging,月,月:にくづき; bentuk daging kiri,true,true,true,https://kanjialive.com/214-traditional-kanji-radicals/,https://en.wikipedia.org/wiki/Kangxi_radicals,Canonical 214 Kangxi radical seed. base_radical uses common Japanese/kanji form where practical.
rad_kx_131,kangxi_214_japanese,131,6,臣,⾂,U+81E3,CJK UNIFIED IDEOGRAPH-81E3,U+2F82,しん,shin,retainer; minister,menteri; bawahan,,,false,false,false,https://kanjialive.com/214-traditional-kanji-radicals/,https://en.wikipedia.org/wiki/Kangxi_radicals,Canonical 214 Kangxi radical seed. base_radical uses common Japanese/kanji form where practical.
rad_kx_132,kangxi_214_japanese,132,6,自,⾃,U+81EA,CJK UNIFIED IDEOGRAPH-81EA,U+2F83,みずから,mizukara,self,diri sendiri,,,false,false,false,https://kanjialive.com/214-traditional-kanji-radicals/,https://en.wikipedia.org/wiki/Kangxi_radicals,Canonical 214 Kangxi radical seed. base_radical uses common Japanese/kanji form where practical.
rad_kx_133,kangxi_214_japanese,133,6,至,⾄,U+81F3,CJK UNIFIED IDEOGRAPH-81F3,U+2F84,いたる,itaru,arrive; reach,tiba; mencapai,,:いたるへん; kiri,false,false,false,https://kanjialive.com/214-traditional-kanji-radicals/,https://en.wikipedia.org/wiki/Kangxi_radicals,Canonical 214 Kangxi radical seed. base_radical uses common Japanese/kanji form where practical.
rad_kx_134,kangxi_214_japanese,134,6,臼,⾅,U+81FC,CJK UNIFIED IDEOGRAPH-81FC,U+2F85,うす,usu,mortar,lesung,,,false,false,false,https://kanjialive.com/214-traditional-kanji-radicals/,https://en.wikipedia.org/wiki/Kangxi_radicals,Canonical 214 Kangxi radical seed. base_radical uses common Japanese/kanji form where practical.
rad_kx_135,kangxi_214_japanese,135,6,舌,⾆,U+820C,CJK UNIFIED IDEOGRAPH-820C,U+2F86,した,shita,tongue,lidah,,,false,false,false,https://kanjialive.com/214-traditional-kanji-radicals/,https://en.wikipedia.org/wiki/Kangxi_radicals,Canonical 214 Kangxi radical seed. base_radical uses common Japanese/kanji form where practical.
rad_kx_136,kangxi_214_japanese,136,6,舛,⾇,U+821B,CJK UNIFIED IDEOGRAPH-821B,U+2F87,まいあし,maiashi,oppose; err,berlawanan; keliru,,,false,false,false,https://kanjialive.com/214-traditional-kanji-radicals/,https://en.wikipedia.org/wiki/Kangxi_radicals,Canonical 214 Kangxi radical seed. base_radical uses common Japanese/kanji form where practical.
rad_kx_137,kangxi_214_japanese,137,6,舟,⾈,U+821F,CJK UNIFIED IDEOGRAPH-821F,U+2F88,ふね,fune,boat; ship,perahu; kapal,,:ふねへん; kiri,false,false,false,https://kanjialive.com/214-traditional-kanji-radicals/,https://en.wikipedia.org/wiki/Kangxi_radicals,Canonical 214 Kangxi radical seed. base_radical uses common Japanese/kanji form where practical.
rad_kx_138,kangxi_214_japanese,138,6,艮,⾉,U+826E,CJK UNIFIED IDEOGRAPH-826E,U+2F89,こん,kon,stopping; boundary,berhenti; batas,,,false,false,false,https://kanjialive.com/214-traditional-kanji-radicals/,https://en.wikipedia.org/wiki/Kangxi_radicals,Canonical 214 Kangxi radical seed. base_radical uses common Japanese/kanji form where practical.
rad_kx_139,kangxi_214_japanese,139,6,色,⾊,U+8272,CJK UNIFIED IDEOGRAPH-8272,U+2F8A,いろ,iro,color,warna,,,false,false,false,https://kanjialive.com/214-traditional-kanji-radicals/,https://en.wikipedia.org/wiki/Kangxi_radicals,Canonical 214 Kangxi radical seed. base_radical uses common Japanese/kanji form where practical.
rad_kx_140,kangxi_214_japanese,140,6,艸,⾋,U+8278,CJK UNIFIED IDEOGRAPH-8278,U+2F8B,くさ,kusa,grass; plant,rumput; tanaman,艹|⺾,艹:くさかんむり; atas ; ⺾:varian rumput atas,true,true,true,https://kanjialive.com/214-traditional-kanji-radicals/,https://en.wikipedia.org/wiki/Kangxi_radicals,Canonical 214 Kangxi radical seed. base_radical uses common Japanese/kanji form where practical.
rad_kx_141,kangxi_214_japanese,141,6,虍,⾌,U+864D,CJK UNIFIED IDEOGRAPH-864D,U+2F8C,とらがしら,toragashira,tiger,harimau,,,false,false,false,https://kanjialive.com/214-traditional-kanji-radicals/,https://en.wikipedia.org/wiki/Kangxi_radicals,Canonical 214 Kangxi radical seed. base_radical uses common Japanese/kanji form where practical.
rad_kx_142,kangxi_214_japanese,142,6,虫,⾍,U+866B,CJK UNIFIED IDEOGRAPH-866B,U+2F8D,むし,mushi,insect; worm; bug,serangga; cacing,,:むしへん; kiri,false,false,false,https://kanjialive.com/214-traditional-kanji-radicals/,https://en.wikipedia.org/wiki/Kangxi_radicals,Canonical 214 Kangxi radical seed. base_radical uses common Japanese/kanji form where practical.
rad_kx_143,kangxi_214_japanese,143,6,血,⾎,U+8840,CJK UNIFIED IDEOGRAPH-8840,U+2F8E,ち,chi,blood,darah,,,false,false,false,https://kanjialive.com/214-traditional-kanji-radicals/,https://en.wikipedia.org/wiki/Kangxi_radicals,Canonical 214 Kangxi radical seed. base_radical uses common Japanese/kanji form where practical.
rad_kx_144,kangxi_214_japanese,144,6,行,⾏,U+884C,CJK UNIFIED IDEOGRAPH-884C,U+2F8F,ぎょうがまえ,gyougamae,go; walk,pergi; berjalan,,,true,true,true,https://kanjialive.com/214-traditional-kanji-radicals/,https://en.wikipedia.org/wiki/Kangxi_radicals,Canonical 214 Kangxi radical seed. base_radical uses common Japanese/kanji form where practical.
rad_kx_145,kangxi_214_japanese,145,6,衣,⾐,U+8863,CJK UNIFIED IDEOGRAPH-8863,U+2F90,ころも,koromo,clothing,pakaian,衤|⻂,衤:ころもへん; kiri ; ⻂:varian pakaian kiri,true,false,false,https://kanjialive.com/214-traditional-kanji-radicals/,https://en.wikipedia.org/wiki/Kangxi_radicals,Canonical 214 Kangxi radical seed. base_radical uses common Japanese/kanji form where practical.
rad_kx_146,kangxi_214_japanese,146,6,西,⾑,U+897F,CJK UNIFIED IDEOGRAPH-897F,U+2F91,にし,nishi,west; cover,barat; penutup,襾|覀|⻃,襾:varian penutup/barat ; 覀:varian penutup/barat ; ⻃:varian barat,true,true,true,https://kanjialive.com/214-traditional-kanji-radicals/,https://en.wikipedia.org/wiki/Kangxi_radicals,Canonical 214 Kangxi radical seed. base_radical uses common Japanese/kanji form where practical.
rad_kx_147,kangxi_214_japanese,147,7,見,⾒,U+898B,CJK UNIFIED IDEOGRAPH-898B,U+2F92,みる,miru,see,melihat,,,true,true,true,https://kanjialive.com/214-traditional-kanji-radicals/,https://en.wikipedia.org/wiki/Kangxi_radicals,Canonical 214 Kangxi radical seed. base_radical uses common Japanese/kanji form where practical.
rad_kx_148,kangxi_214_japanese,148,7,角,⾓,U+89D2,CJK UNIFIED IDEOGRAPH-89D2,U+2F93,つの,tsuno,horn; corner,tanduk; sudut,,:つのへん; kiri,false,false,false,https://kanjialive.com/214-traditional-kanji-radicals/,https://en.wikipedia.org/wiki/Kangxi_radicals,Canonical 214 Kangxi radical seed. base_radical uses common Japanese/kanji form where practical.
rad_kx_149,kangxi_214_japanese,149,7,言,⾔,U+8A00,CJK UNIFIED IDEOGRAPH-8A00,U+2F94,げん,gen,words; speech,kata; ucapan,訁|讠,訁:ごんべん; kiri ; 讠:simplified speech radical,true,true,true,https://kanjialive.com/214-traditional-kanji-radicals/,https://en.wikipedia.org/wiki/Kangxi_radicals,Canonical 214 Kangxi radical seed. base_radical uses common Japanese/kanji form where practical.
rad_kx_150,kangxi_214_japanese,150,7,谷,⾕,U+8C37,CJK UNIFIED IDEOGRAPH-8C37,U+2F95,たに,tani,valley,lembah,,:たにへん; kiri,false,false,false,https://kanjialive.com/214-traditional-kanji-radicals/,https://en.wikipedia.org/wiki/Kangxi_radicals,Canonical 214 Kangxi radical seed. base_radical uses common Japanese/kanji form where practical.
rad_kx_151,kangxi_214_japanese,151,7,豆,⾖,U+8C46,CJK UNIFIED IDEOGRAPH-8C46,U+2F96,まめ,mame,bean,kacang,,:まめへん; kiri,false,false,false,https://kanjialive.com/214-traditional-kanji-radicals/,https://en.wikipedia.org/wiki/Kangxi_radicals,Canonical 214 Kangxi radical seed. base_radical uses common Japanese/kanji form where practical.
rad_kx_152,kangxi_214_japanese,152,7,豕,⾗,U+8C55,CJK UNIFIED IDEOGRAPH-8C55,U+2F97,いのこ,inoko,pig,babi,,,false,false,false,https://kanjialive.com/214-traditional-kanji-radicals/,https://en.wikipedia.org/wiki/Kangxi_radicals,Canonical 214 Kangxi radical seed. base_radical uses common Japanese/kanji form where practical.
rad_kx_153,kangxi_214_japanese,153,7,豸,⾘,U+8C78,CJK UNIFIED IDEOGRAPH-8C78,U+2F98,むじなへん,mujinahen,badger; beast,luwak; binatang,,,false,false,false,https://kanjialive.com/214-traditional-kanji-radicals/,https://en.wikipedia.org/wiki/Kangxi_radicals,Canonical 214 Kangxi radical seed. base_radical uses common Japanese/kanji form where practical.
rad_kx_154,kangxi_214_japanese,154,7,貝,⾙,U+8C9D,CJK UNIFIED IDEOGRAPH-8C9D,U+2F99,かい,kai,shell; property; wealth,kerang; harta; kekayaan,貝,貝:base shell,true,true,true,https://kanjialive.com/214-traditional-kanji-radicals/,https://en.wikipedia.org/wiki/Kangxi_radicals,Canonical 214 Kangxi radical seed. base_radical uses common Japanese/kanji form where practical.
rad_kx_155,kangxi_214_japanese,155,7,赤,⾚,U+8D64,CJK UNIFIED IDEOGRAPH-8D64,U+2F9A,あか,aka,red,merah,,,false,false,false,https://kanjialive.com/214-traditional-kanji-radicals/,https://en.wikipedia.org/wiki/Kangxi_radicals,Canonical 214 Kangxi radical seed. base_radical uses common Japanese/kanji form where practical.
rad_kx_156,kangxi_214_japanese,156,7,走,⾛,U+8D70,CJK UNIFIED IDEOGRAPH-8D70,U+2F9B,はしる,hashiru,run,berlari,赱|,赱:varian run ; :そうにょう; wrap bawah,false,false,false,https://kanjialive.com/214-traditional-kanji-radicals/,https://en.wikipedia.org/wiki/Kangxi_radicals,Canonical 214 Kangxi radical seed. base_radical uses common Japanese/kanji form where practical.
rad_kx_157,kangxi_214_japanese,157,7,足,⾜,U+8DB3,CJK UNIFIED IDEOGRAPH-8DB3,U+2F9C,あし,ashi,foot; leg,kaki,⻊,⻊:あしへん; kiri,true,true,true,https://kanjialive.com/214-traditional-kanji-radicals/,https://en.wikipedia.org/wiki/Kangxi_radicals,Canonical 214 Kangxi radical seed. base_radical uses common Japanese/kanji form where practical.
rad_kx_158,kangxi_214_japanese,158,7,身,⾝,U+8EAB,CJK UNIFIED IDEOGRAPH-8EAB,U+2F9D,み,mi,body,tubuh,,:みへん; kiri,false,false,false,https://kanjialive.com/214-traditional-kanji-radicals/,https://en.wikipedia.org/wiki/Kangxi_radicals,Canonical 214 Kangxi radical seed. base_radical uses common Japanese/kanji form where practical.
rad_kx_159,kangxi_214_japanese,159,7,車,⾞,U+8ECA,CJK UNIFIED IDEOGRAPH-8ECA,U+2F9E,くるま,kuruma,vehicle; wheel; car,kendaraan; roda; mobil,,:くるまへん; kiri,true,true,true,https://kanjialive.com/214-traditional-kanji-radicals/,https://en.wikipedia.org/wiki/Kangxi_radicals,Canonical 214 Kangxi radical seed. base_radical uses common Japanese/kanji form where practical.
rad_kx_160,kangxi_214_japanese,160,7,辛,⾟,U+8F9B,CJK UNIFIED IDEOGRAPH-8F9B,U+2F9F,からい,karai,bitter; spicy,pahit; pedas,,,false,false,false,https://kanjialive.com/214-traditional-kanji-radicals/,https://en.wikipedia.org/wiki/Kangxi_radicals,Canonical 214 Kangxi radical seed. base_radical uses common Japanese/kanji form where practical.
rad_kx_161,kangxi_214_japanese,161,7,辰,⾠,U+8FB0,CJK UNIFIED IDEOGRAPH-8FB0,U+2FA0,しんのたつ,shinnotatsu,fifth zodiac sign; dragon time,zodiak kelima; waktu naga,,,false,false,false,https://kanjialive.com/214-traditional-kanji-radicals/,https://en.wikipedia.org/wiki/Kangxi_radicals,Canonical 214 Kangxi radical seed. base_radical uses common Japanese/kanji form where practical.
rad_kx_162,kangxi_214_japanese,162,7,辵,⾡,U+8FB5,CJK UNIFIED IDEOGRAPH-8FB5,U+2FA1,しんにょう,shinnyou,walk; advance,berjalan; maju,辶|⻌,辶:しんにょう; wrap bawah/kiri ; ⻌:varian shinnyou,true,true,true,https://kanjialive.com/214-traditional-kanji-radicals/,https://en.wikipedia.org/wiki/Kangxi_radicals,Canonical 214 Kangxi radical seed. base_radical uses common Japanese/kanji form where practical.
rad_kx_163,kangxi_214_japanese,163,7,邑,⾢,U+9091,CJK UNIFIED IDEOGRAPH-9091,U+2FA2,むら,mura,village; city; community,desa; kota; komunitas,阝,阝:おおざと; kanan,true,false,false,https://kanjialive.com/214-traditional-kanji-radicals/,https://en.wikipedia.org/wiki/Kangxi_radicals,Canonical 214 Kangxi radical seed. base_radical uses common Japanese/kanji form where practical.
rad_kx_164,kangxi_214_japanese,164,7,酉,⾣,U+9149,CJK UNIFIED IDEOGRAPH-9149,U+2FA3,ひよみのとり,hiyominotori,sake jar; bird,guci sake; burung,,:とりへん; kiri,false,false,false,https://kanjialive.com/214-traditional-kanji-radicals/,https://en.wikipedia.org/wiki/Kangxi_radicals,Canonical 214 Kangxi radical seed. base_radical uses common Japanese/kanji form where practical.
rad_kx_165,kangxi_214_japanese,165,7,釆,⾤,U+91C6,CJK UNIFIED IDEOGRAPH-91C6,U+2FA4,のごめ,nogome,distinguish; separate,membedakan; memisahkan,,:のごめへん; kiri,false,false,false,https://kanjialive.com/214-traditional-kanji-radicals/,https://en.wikipedia.org/wiki/Kangxi_radicals,Canonical 214 Kangxi radical seed. base_radical uses common Japanese/kanji form where practical.
rad_kx_166,kangxi_214_japanese,166,7,里,⾥,U+91CC,CJK UNIFIED IDEOGRAPH-91CC,U+2FA5,さと,sato,village; ri distance,desa; satuan ri,,:さとへん; kiri,false,false,false,https://kanjialive.com/214-traditional-kanji-radicals/,https://en.wikipedia.org/wiki/Kangxi_radicals,Canonical 214 Kangxi radical seed. base_radical uses common Japanese/kanji form where practical.
rad_kx_167,kangxi_214_japanese,167,8,金,⾦,U+91D1,CJK UNIFIED IDEOGRAPH-91D1,U+2FA6,かね,kane,metal; gold; mineral,logam; emas; mineral,釒|,釒:かねへん; kiri ; :varian logam kiri,true,true,true,https://kanjialive.com/214-traditional-kanji-radicals/,https://en.wikipedia.org/wiki/Kangxi_radicals,Canonical 214 Kangxi radical seed. base_radical uses common Japanese/kanji form where practical.
rad_kx_168,kangxi_214_japanese,168,8,長,⾧,U+9577,CJK UNIFIED IDEOGRAPH-9577,U+2FA7,ながい,nagai,long; leader,panjang; pemimpin,,,true,true,true,https://kanjialive.com/214-traditional-kanji-radicals/,https://en.wikipedia.org/wiki/Kangxi_radicals,Canonical 214 Kangxi radical seed. base_radical uses common Japanese/kanji form where practical.
rad_kx_169,kangxi_214_japanese,169,8,門,⾨,U+9580,CJK UNIFIED IDEOGRAPH-9580,U+2FA8,もんがまえ,mongamae,gate; door,gerbang; pintu,,,true,true,true,https://kanjialive.com/214-traditional-kanji-radicals/,https://en.wikipedia.org/wiki/Kangxi_radicals,Canonical 214 Kangxi radical seed. base_radical uses common Japanese/kanji form where practical.
rad_kx_170,kangxi_214_japanese,170,8,阜,⾩,U+961C,CJK UNIFIED IDEOGRAPH-961C,U+2FA9,こざと,kozato,hill; mound,bukit; gundukan,,,false,false,false,https://kanjialive.com/214-traditional-kanji-radicals/,https://en.wikipedia.org/wiki/Kangxi_radicals,Canonical 214 Kangxi radical seed. base_radical uses common Japanese/kanji form where practical.
rad_kx_171,kangxi_214_japanese,171,8,隶,⾪,U+96B6,CJK UNIFIED IDEOGRAPH-96B6,U+2FAA,れいづくり,reizukuri,capture; slave,menangkap; budak,,,false,false,false,https://kanjialive.com/214-traditional-kanji-radicals/,https://en.wikipedia.org/wiki/Kangxi_radicals,Canonical 214 Kangxi radical seed. base_radical uses common Japanese/kanji form where practical.
rad_kx_172,kangxi_214_japanese,172,8,隹,⾫,U+96B9,CJK UNIFIED IDEOGRAPH-96B9,U+2FAB,ふるとり,furutori,short-tailed bird,burung ekor pendek,,,false,false,false,https://kanjialive.com/214-traditional-kanji-radicals/,https://en.wikipedia.org/wiki/Kangxi_radicals,Canonical 214 Kangxi radical seed. base_radical uses common Japanese/kanji form where practical.
rad_kx_173,kangxi_214_japanese,173,8,雨,⾬,U+96E8,CJK UNIFIED IDEOGRAPH-96E8,U+2FAC,あめ,ame,rain,hujan,⻗,⻗:あめかんむり; atas,true,true,true,https://kanjialive.com/214-traditional-kanji-radicals/,https://en.wikipedia.org/wiki/Kangxi_radicals,Canonical 214 Kangxi radical seed. base_radical uses common Japanese/kanji form where practical.
rad_kx_174,kangxi_214_japanese,174,8,青,⾭,U+9752,CJK UNIFIED IDEOGRAPH-9752,U+2FAD,あお,ao,blue; green,biru; hijau,靑|⻘,靑:bentuk tradisional 青 ; ⻘:varian 青,false,false,false,https://kanjialive.com/214-traditional-kanji-radicals/,https://en.wikipedia.org/wiki/Kangxi_radicals,Canonical 214 Kangxi radical seed. base_radical uses common Japanese/kanji form where practical.
rad_kx_175,kangxi_214_japanese,175,8,非,⾮,U+975E,CJK UNIFIED IDEOGRAPH-975E,U+2FAE,あらず,arazu,wrong; non-,salah; bukan,,,false,false,false,https://kanjialive.com/214-traditional-kanji-radicals/,https://en.wikipedia.org/wiki/Kangxi_radicals,Canonical 214 Kangxi radical seed. base_radical uses common Japanese/kanji form where practical.
rad_kx_176,kangxi_214_japanese,176,9,面,⾯,U+9762,CJK UNIFIED IDEOGRAPH-9762,U+2FAF,めん,men,face; surface,wajah; permukaan,,,false,false,false,https://kanjialive.com/214-traditional-kanji-radicals/,https://en.wikipedia.org/wiki/Kangxi_radicals,Canonical 214 Kangxi radical seed. base_radical uses common Japanese/kanji form where practical.
rad_kx_177,kangxi_214_japanese,177,9,革,⾰,U+9769,CJK UNIFIED IDEOGRAPH-9769,U+2FB0,つくりがわ,tsukurigawa,leather,kulit samak,,,false,false,false,https://kanjialive.com/214-traditional-kanji-radicals/,https://en.wikipedia.org/wiki/Kangxi_radicals,Canonical 214 Kangxi radical seed. base_radical uses common Japanese/kanji form where practical.
rad_kx_178,kangxi_214_japanese,178,9,韋,⾱,U+97CB,CJK UNIFIED IDEOGRAPH-97CB,U+2FB1,なめしがわ,nameshigawa,tanned leather,kulit samak,,,false,false,false,https://kanjialive.com/214-traditional-kanji-radicals/,https://en.wikipedia.org/wiki/Kangxi_radicals,Canonical 214 Kangxi radical seed. base_radical uses common Japanese/kanji form where practical.
rad_kx_179,kangxi_214_japanese,179,9,韭,⾲,U+97ED,CJK UNIFIED IDEOGRAPH-97ED,U+2FB2,にら,nira,leek,daun bawang,,,false,false,false,https://kanjialive.com/214-traditional-kanji-radicals/,https://en.wikipedia.org/wiki/Kangxi_radicals,Canonical 214 Kangxi radical seed. base_radical uses common Japanese/kanji form where practical.
rad_kx_180,kangxi_214_japanese,180,9,音,⾳,U+97F3,CJK UNIFIED IDEOGRAPH-97F3,U+2FB3,おと,oto,sound; noise,suara; bunyi,,,false,false,false,https://kanjialive.com/214-traditional-kanji-radicals/,https://en.wikipedia.org/wiki/Kangxi_radicals,Canonical 214 Kangxi radical seed. base_radical uses common Japanese/kanji form where practical.
rad_kx_181,kangxi_214_japanese,181,9,頁,⾴,U+9801,CJK UNIFIED IDEOGRAPH-9801,U+2FB4,おおがい,oogai,head; page,kepala; halaman,,,false,false,false,https://kanjialive.com/214-traditional-kanji-radicals/,https://en.wikipedia.org/wiki/Kangxi_radicals,Canonical 214 Kangxi radical seed. base_radical uses common Japanese/kanji form where practical.
rad_kx_182,kangxi_214_japanese,182,9,風,⾵,U+98A8,CJK UNIFIED IDEOGRAPH-98A8,U+2FB5,かぜ,kaze,wind,angin,,,false,false,false,https://kanjialive.com/214-traditional-kanji-radicals/,https://en.wikipedia.org/wiki/Kangxi_radicals,Canonical 214 Kangxi radical seed. base_radical uses common Japanese/kanji form where practical.
rad_kx_183,kangxi_214_japanese,183,9,飛,⾶,U+98DB,CJK UNIFIED IDEOGRAPH-98DB,U+2FB6,とぶ,tobu,fly,terbang,,,false,false,false,https://kanjialive.com/214-traditional-kanji-radicals/,https://en.wikipedia.org/wiki/Kangxi_radicals,Canonical 214 Kangxi radical seed. base_radical uses common Japanese/kanji form where practical.
rad_kx_184,kangxi_214_japanese,184,9,食,⾷,U+98DF,CJK UNIFIED IDEOGRAPH-98DF,U+2FB7,しょく,shoku,food; eat,makanan; makan,飠|⻟,飠:しょくへん; kiri ; ⻟:varian food kiri,true,true,true,https://kanjialive.com/214-traditional-kanji-radicals/,https://en.wikipedia.org/wiki/Kangxi_radicals,Canonical 214 Kangxi radical seed. base_radical uses common Japanese/kanji form where practical.
rad_kx_185,kangxi_214_japanese,185,9,首,⾸,U+9996,CJK UNIFIED IDEOGRAPH-9996,U+2FB8,くび,kubi,head; neck,kepala; leher,,,false,false,false,https://kanjialive.com/214-traditional-kanji-radicals/,https://en.wikipedia.org/wiki/Kangxi_radicals,Canonical 214 Kangxi radical seed. base_radical uses common Japanese/kanji form where practical.
rad_kx_186,kangxi_214_japanese,186,9,香,⾹,U+9999,CJK UNIFIED IDEOGRAPH-9999,U+2FB9,かおり,kaori,fragrance,aroma,,,false,false,false,https://kanjialive.com/214-traditional-kanji-radicals/,https://en.wikipedia.org/wiki/Kangxi_radicals,Canonical 214 Kangxi radical seed. base_radical uses common Japanese/kanji form where practical.
rad_kx_187,kangxi_214_japanese,187,10,馬,⾺,U+99AC,CJK UNIFIED IDEOGRAPH-99AC,U+2FBA,うま,uma,horse,kuda,,:うまへん; kiri,true,true,true,https://kanjialive.com/214-traditional-kanji-radicals/,https://en.wikipedia.org/wiki/Kangxi_radicals,Canonical 214 Kangxi radical seed. base_radical uses common Japanese/kanji form where practical.
rad_kx_188,kangxi_214_japanese,188,10,骨,⾻,U+9AA8,CJK UNIFIED IDEOGRAPH-9AA8,U+2FBB,ほね,hone,bone,tulang,,:ほねへん; kiri,false,false,false,https://kanjialive.com/214-traditional-kanji-radicals/,https://en.wikipedia.org/wiki/Kangxi_radicals,Canonical 214 Kangxi radical seed. base_radical uses common Japanese/kanji form where practical.
rad_kx_189,kangxi_214_japanese,189,10,高,⾼,U+9AD8,CJK UNIFIED IDEOGRAPH-9AD8,U+2FBC,たかい,takai,high; tall,tinggi,,,true,true,true,https://kanjialive.com/214-traditional-kanji-radicals/,https://en.wikipedia.org/wiki/Kangxi_radicals,Canonical 214 Kangxi radical seed. base_radical uses common Japanese/kanji form where practical.
rad_kx_190,kangxi_214_japanese,190,10,髟,⾽,U+9ADF,CJK UNIFIED IDEOGRAPH-9ADF,U+2FBD,かみかんむり,kamikanmuri,long hair,rambut panjang,,,false,false,false,https://kanjialive.com/214-traditional-kanji-radicals/,https://en.wikipedia.org/wiki/Kangxi_radicals,Canonical 214 Kangxi radical seed. base_radical uses common Japanese/kanji form where practical.
rad_kx_191,kangxi_214_japanese,191,10,鬥,⾾,U+9B25,CJK UNIFIED IDEOGRAPH-9B25,U+2FBE,たたかいがまえ,tatakaigamae,fight,bertarung,,,false,false,false,https://kanjialive.com/214-traditional-kanji-radicals/,https://en.wikipedia.org/wiki/Kangxi_radicals,Canonical 214 Kangxi radical seed. base_radical uses common Japanese/kanji form where practical.
rad_kx_192,kangxi_214_japanese,192,10,鬯,⾿,U+9B2F,CJK UNIFIED IDEOGRAPH-9B2F,U+2FBF,においざけ,nioizake,sacrificial wine; herbs,anggur ritual; herbal,,,false,false,false,https://kanjialive.com/214-traditional-kanji-radicals/,https://en.wikipedia.org/wiki/Kangxi_radicals,Canonical 214 Kangxi radical seed. base_radical uses common Japanese/kanji form where practical.
rad_kx_193,kangxi_214_japanese,193,10,鬲,⿀,U+9B32,CJK UNIFIED IDEOGRAPH-9B32,U+2FC0,れき,reki,tripod; cauldron,tripod; kuali,,,false,false,false,https://kanjialive.com/214-traditional-kanji-radicals/,https://en.wikipedia.org/wiki/Kangxi_radicals,Canonical 214 Kangxi radical seed. base_radical uses common Japanese/kanji form where practical.
rad_kx_194,kangxi_214_japanese,194,10,鬼,⿁,U+9B3C,CJK UNIFIED IDEOGRAPH-9B3C,U+2FC1,おに,oni,demon; ghost,iblis; hantu,,,false,false,false,https://kanjialive.com/214-traditional-kanji-radicals/,https://en.wikipedia.org/wiki/Kangxi_radicals,Canonical 214 Kangxi radical seed. base_radical uses common Japanese/kanji form where practical.
rad_kx_195,kangxi_214_japanese,195,11,魚,⿂,U+9B5A,CJK UNIFIED IDEOGRAPH-9B5A,U+2FC2,うお,uo,fish,ikan,,:うおへん; kiri,true,true,true,https://kanjialive.com/214-traditional-kanji-radicals/,https://en.wikipedia.org/wiki/Kangxi_radicals,Canonical 214 Kangxi radical seed. base_radical uses common Japanese/kanji form where practical.
rad_kx_196,kangxi_214_japanese,196,11,鳥,⿃,U+9CE5,CJK UNIFIED IDEOGRAPH-9CE5,U+2FC3,とり,tori,bird,burung,,,false,false,false,https://kanjialive.com/214-traditional-kanji-radicals/,https://en.wikipedia.org/wiki/Kangxi_radicals,Canonical 214 Kangxi radical seed. base_radical uses common Japanese/kanji form where practical.
rad_kx_197,kangxi_214_japanese,197,11,鹵,⿄,U+9E75,CJK UNIFIED IDEOGRAPH-9E75,U+2FC4,しお,shio,salt,garam,,,false,false,false,https://kanjialive.com/214-traditional-kanji-radicals/,https://en.wikipedia.org/wiki/Kangxi_radicals,Canonical 214 Kangxi radical seed. base_radical uses common Japanese/kanji form where practical.
rad_kx_198,kangxi_214_japanese,198,11,鹿,⿅,U+9E7F,CJK UNIFIED IDEOGRAPH-9E7F,U+2FC5,しか,shika,deer,rusa,,,false,false,false,https://kanjialive.com/214-traditional-kanji-radicals/,https://en.wikipedia.org/wiki/Kangxi_radicals,Canonical 214 Kangxi radical seed. base_radical uses common Japanese/kanji form where practical.
rad_kx_199,kangxi_214_japanese,199,11,麦,⿆,U+9EA6,CJK UNIFIED IDEOGRAPH-9EA6,U+2FC6,むぎ,mugi,wheat,gandum,麥|⻨,麥:bentuk tradisional 麦 ; ⻨:varian gandum,false,false,false,https://kanjialive.com/214-traditional-kanji-radicals/,https://en.wikipedia.org/wiki/Kangxi_radicals,Canonical 214 Kangxi radical seed. base_radical uses common Japanese/kanji form where practical.
rad_kx_200,kangxi_214_japanese,200,11,麻,⿇,U+9EBB,CJK UNIFIED IDEOGRAPH-9EBB,U+2FC7,あさ,asa,hemp,rami,,,false,false,false,https://kanjialive.com/214-traditional-kanji-radicals/,https://en.wikipedia.org/wiki/Kangxi_radicals,Canonical 214 Kangxi radical seed. base_radical uses common Japanese/kanji form where practical.
rad_kx_201,kangxi_214_japanese,201,12,黄,⿈,U+9EC4,CJK UNIFIED IDEOGRAPH-9EC4,U+2FC8,き,ki,yellow,kuning,黃|⻩,黃:bentuk tradisional 黄 ; ⻩:varian kuning,false,false,false,https://kanjialive.com/214-traditional-kanji-radicals/,https://en.wikipedia.org/wiki/Kangxi_radicals,Canonical 214 Kangxi radical seed. base_radical uses common Japanese/kanji form where practical.
rad_kx_202,kangxi_214_japanese,202,12,黍,⿉,U+9ECD,CJK UNIFIED IDEOGRAPH-9ECD,U+2FC9,きび,kibi,millet,milet,,,false,false,false,https://kanjialive.com/214-traditional-kanji-radicals/,https://en.wikipedia.org/wiki/Kangxi_radicals,Canonical 214 Kangxi radical seed. base_radical uses common Japanese/kanji form where practical.
rad_kx_203,kangxi_214_japanese,203,12,黒,⿊,U+9ED2,CJK UNIFIED IDEOGRAPH-9ED2,U+2FCA,くろ,kuro,black,hitam,黑,黑:bentuk tradisional 黒,false,false,false,https://kanjialive.com/214-traditional-kanji-radicals/,https://en.wikipedia.org/wiki/Kangxi_radicals,Canonical 214 Kangxi radical seed. base_radical uses common Japanese/kanji form where practical.
rad_kx_204,kangxi_214_japanese,204,12,黹,⿋,U+9EF9,CJK UNIFIED IDEOGRAPH-9EF9,U+2FCB,ぬいとり,nuitori,embroidery,sulaman,,,false,false,false,https://kanjialive.com/214-traditional-kanji-radicals/,https://en.wikipedia.org/wiki/Kangxi_radicals,Canonical 214 Kangxi radical seed. base_radical uses common Japanese/kanji form where practical.
rad_kx_205,kangxi_214_japanese,205,13,黽,⿌,U+9EFD,CJK UNIFIED IDEOGRAPH-9EFD,U+2FCC,かえる,kaeru,frog,katak,,,false,false,false,https://kanjialive.com/214-traditional-kanji-radicals/,https://en.wikipedia.org/wiki/Kangxi_radicals,Canonical 214 Kangxi radical seed. base_radical uses common Japanese/kanji form where practical.
rad_kx_206,kangxi_214_japanese,206,13,鼎,⿍,U+9F0E,CJK UNIFIED IDEOGRAPH-9F0E,U+2FCD,かなえ,kanae,tripod,tripod,,,false,false,false,https://kanjialive.com/214-traditional-kanji-radicals/,https://en.wikipedia.org/wiki/Kangxi_radicals,Canonical 214 Kangxi radical seed. base_radical uses common Japanese/kanji form where practical.
rad_kx_207,kangxi_214_japanese,207,13,鼓,⿎,U+9F13,CJK UNIFIED IDEOGRAPH-9F13,U+2FCE,つづみ,tsuzumi,drum,gendang,,,false,false,false,https://kanjialive.com/214-traditional-kanji-radicals/,https://en.wikipedia.org/wiki/Kangxi_radicals,Canonical 214 Kangxi radical seed. base_radical uses common Japanese/kanji form where practical.
rad_kx_208,kangxi_214_japanese,208,13,鼠,⿏,U+9F20,CJK UNIFIED IDEOGRAPH-9F20,U+2FCF,ねずみ,nezumi,rat; mouse,tikus,,,false,false,false,https://kanjialive.com/214-traditional-kanji-radicals/,https://en.wikipedia.org/wiki/Kangxi_radicals,Canonical 214 Kangxi radical seed. base_radical uses common Japanese/kanji form where practical.
rad_kx_209,kangxi_214_japanese,209,14,鼻,⿐,U+9F3B,CJK UNIFIED IDEOGRAPH-9F3B,U+2FD0,はな,hana,nose,hidung,,,false,false,false,https://kanjialive.com/214-traditional-kanji-radicals/,https://en.wikipedia.org/wiki/Kangxi_radicals,Canonical 214 Kangxi radical seed. base_radical uses common Japanese/kanji form where practical.
rad_kx_210,kangxi_214_japanese,210,14,斉,⿑,U+6589,CJK UNIFIED IDEOGRAPH-6589,U+2FD1,せい,sei,alike; even,serupa; rata,齊|⻫,齊:bentuk tradisional 斉 ; ⻫:varian 斉,false,false,false,https://kanjialive.com/214-traditional-kanji-radicals/,https://en.wikipedia.org/wiki/Kangxi_radicals,Canonical 214 Kangxi radical seed. base_radical uses common Japanese/kanji form where practical.
rad_kx_211,kangxi_214_japanese,211,15,歯,⿒,U+6B6F,CJK UNIFIED IDEOGRAPH-6B6F,U+2FD2,は,ha,tooth,gigi,齒|⻭,齒:bentuk tradisional 歯 ; ⻭:varian gigi,false,false,false,https://kanjialive.com/214-traditional-kanji-radicals/,https://en.wikipedia.org/wiki/Kangxi_radicals,Canonical 214 Kangxi radical seed. base_radical uses common Japanese/kanji form where practical.
rad_kx_212,kangxi_214_japanese,212,16,龍,⿓,U+9F8D,CJK UNIFIED IDEOGRAPH-9F8D,U+2FD3,りゅう,ryuu,dragon,naga,,,false,false,false,https://kanjialive.com/214-traditional-kanji-radicals/,https://en.wikipedia.org/wiki/Kangxi_radicals,Canonical 214 Kangxi radical seed. base_radical uses common Japanese/kanji form where practical.
rad_kx_213,kangxi_214_japanese,213,16,亀,⿔,U+4E80,CJK UNIFIED IDEOGRAPH-4E80,U+2FD4,かめ,kame,turtle,kura-kura,龜|⻲,龜:bentuk tradisional 亀 ; ⻲:varian kura-kura,false,false,false,https://kanjialive.com/214-traditional-kanji-radicals/,https://en.wikipedia.org/wiki/Kangxi_radicals,Canonical 214 Kangxi radical seed. base_radical uses common Japanese/kanji form where practical.
rad_kx_214,kangxi_214_japanese,214,17,龠,⿕,U+9FA0,CJK UNIFIED IDEOGRAPH-9FA0,U+2FD5,やく,yaku,flute,seruling,,,false,false,false,https://kanjialive.com/214-traditional-kanji-radicals/,https://en.wikipedia.org/wiki/Kangxi_radicals,Canonical 214 Kangxi radical seed. base_radical uses common Japanese/kanji form where practical.
