id,jlpt_level,set_type,display_order,passage_key,title_id,title_en,topic,difficulty_order,reading_format,passage_jp,passage_romaji,passage_id,character_count,estimated_reading_seconds,question_count,target_vocab_ids,target_vocab_terms,target_grammar_ids,target_grammar_points,target_kanji_ids,target_kanji_chars,structured_data_json,recommended_for_mvp,recommended_for_quiz,used_in_mock_test,source_basis,source_url,review_status,notes
read_n5_0001,N5,curated_original_reading_n5,1,self_intro_aya,自己紹介：アヤさん,,self_introduction,1,short_profile,はじめまして。私はアヤです。インドネシア人です。大学生です。毎日、日本語を勉強します。どうぞよろしくお願いします。,"Hajimemashite. Watashi wa Aya desu. Indoneshia-jin desu. Daigakusei desu. Mainichi, nihongo o benkyou shimasu. Douzo yoroshiku onegai shimasu.",Perkenalkan. Saya Aya. Saya orang Indonesia. Saya mahasiswa. Setiap hari saya belajar bahasa Jepang. Senang berkenalan dengan Anda.,57,52,3,vocab_n5_0714|vocab_n5_0618,私|インドネシア人|大学生|毎日|日本語|勉強する,grm_n5_079|grm_n5_060,～です|は|を,kanji_n5_004|kanji_n5_006|kanji_n5_031|kanji_n5_021|kanji_n5_069|kanji_n5_001|kanji_n5_009|kanji_n5_060,人大学生毎日本語,{},true,true,false,original_curated_app_seed_inspired_by_jlpt_n5_reading_item_formats,https://www.jlpt.jp/e/samples/forlearners.html,curated_original_needs_native_review,Original N5-style reading passage. Not copied from official JLPT.
read_n5_0002,N5,curated_original_reading_n5,2,daily_morning_taro,太郎さんの朝,,daily_routine,1,short_story,太郎さんは毎朝六時に起きます。七時に朝ご飯を食べます。八時に家を出ます。学校へは自転車で行きます。,Tarou-san wa maiasa roku-ji ni okimasu. Shichi-ji ni asa-gohan o tabemasu. Hachi-ji ni ie o demasu. Gakkou e wa jitensha de ikimasu.,Taro bangun jam enam setiap pagi. Ia sarapan jam tujuh. Jam delapan ia keluar rumah. Ia pergi ke sekolah dengan sepeda.,49,46,3,vocab_n5_0615|vocab_n5_0105|vocab_n5_0393|vocab_n5_0047|vocab_n5_0436|vocab_n5_0168|vocab_n5_0302|vocab_n5_0049,毎朝|六時|起きる|七時|朝ご飯|食べる|八時|家|出る|学校|自転車|行く,grm_n5_012|grm_n5_048|grm_n5_060|grm_n5_051|grm_n5_005,ます|に|を|へ|で,kanji_n5_069|kanji_n5_037|kanji_n5_014|kanji_n5_042|kanji_n5_064|kanji_n5_036|kanji_n5_012|kanji_n5_031|kanji_n5_059|kanji_n5_065|kanji_n5_015,毎六時七食八出学校車行,{},true,true,false,original_curated_app_seed_inspired_by_jlpt_n5_reading_item_formats,https://www.jlpt.jp/e/samples/forlearners.html,curated_original_needs_native_review,Original N5-style reading passage. Not copied from official JLPT.
read_n5_0003,N5,curated_original_reading_n5,3,school_test,学校のテスト,,school,1,short_story,今日は月曜日です。学校で日本語のテストがあります。テストは午前十時からです。昼休みに友達とパンを食べます。,Kyou wa getsuyoubi desu. Gakkou de nihongo no tesuto ga arimasu. Tesuto wa gozen juu-ji kara desu. Hiru-yasumi ni tomodachi to pan o tabemasu.,"Hari ini Senin. Di sekolah ada tes bahasa Jepang. Tes mulai pukul 10 pagi. Saat istirahat siang, saya makan roti dengan teman.",53,49,3,vocab_n5_0204|vocab_n5_0239|vocab_n5_0168|vocab_n5_0432|vocab_n5_0256|vocab_n5_0469|vocab_n5_0552|vocab_n5_0393,今日|月曜日|学校|日本語|テスト|午前|十時|昼休み|友達|パン|食べる,grm_n5_012|grm_n5_005|grm_n5_052|grm_n5_023|grm_n5_048|grm_n5_075|grm_n5_060,あります|で|の|から|に|と|を,kanji_n5_027|kanji_n5_001|kanji_n5_017|kanji_n5_031|kanji_n5_059|kanji_n5_009|kanji_n5_060|kanji_n5_047|kanji_n5_020|kanji_n5_007|kanji_n5_014|kanji_n5_078|kanji_n5_076|kanji_n5_064,今日月学校本語午前十時休友食,{},true,true,false,original_curated_app_seed_inspired_by_jlpt_n5_reading_item_formats,https://www.jlpt.jp/e/samples/forlearners.html,curated_original_needs_native_review,Original N5-style reading passage. Not copied from official JLPT.
read_n5_0004,N5,curated_original_reading_n5,4,family_photo,家族の写真,,family,1,description,これは私の家族の写真です。父は会社員です。母は料理が上手です。妹は十歳です。犬もいます。,Kore wa watashi no kazoku no shashin desu. Chichi wa kaishain desu. Haha wa ryouri ga jouzu desu. Imouto wa jussai desu. Inu mo imasu.,Ini foto keluarga saya. Ayah saya pegawai kantor. Ibu saya pandai memasak. Adik perempuan saya berumur sepuluh tahun. Ada anjing juga.,44,43,3,vocab_n5_0268|vocab_n5_0714|vocab_n5_0165|vocab_n5_0311|vocab_n5_0406|vocab_n5_0542|vocab_n5_0701|vocab_n5_0319|vocab_n5_0068|vocab_n5_0065,これ|私|家族|写真|父|会社員|母|料理|上手|妹|十歳|犬,grm_n5_110|grm_n5_052|grm_n5_079|grm_n5_034|grm_n5_014,これ|の|は|も|います,kanji_n5_079|kanji_n5_085|kanji_n5_092|kanji_n5_072|kanji_n5_024|kanji_n5_093|kanji_n5_007,父会社母上手十,{},true,true,false,original_curated_app_seed_inspired_by_jlpt_n5_reading_item_formats,https://www.jlpt.jp/e/samples/forlearners.html,curated_original_needs_native_review,Original N5-style reading passage. Not copied from official JLPT.
read_n5_0005,N5,curated_original_reading_n5,5,room_items,部屋の中,,location,1,description,私の部屋は小さいですが、きれいです。机の上に本が三冊あります。ベッドの下にかばんがあります。窓の近くに花があります。,"Watashi no heya wa chiisai desu ga, kirei desu. Tsukue no ue ni hon ga san-satsu arimasu. Beddo no shita ni kaban ga arimasu. Mado no chikaku ni hana ga arimasu.","Kamar saya kecil, tetapi bersih. Di atas meja ada tiga buku. Di bawah tempat tidur ada tas. Dekat jendela ada bunga.",58,53,3,vocab_n5_0714|vocab_n5_0596|vocab_n5_0399|vocab_n5_0211|vocab_n5_0417|vocab_n5_0076|vocab_n5_0610|vocab_n5_0594|vocab_n5_0299|vocab_n5_0172|vocab_n5_0631|vocab_n5_0403|vocab_n5_0538,私|部屋|小さい|きれい|机|上|本|三冊|ベッド|下|かばん|窓|近く|花,grm_n5_052|grm_n5_011|grm_n5_012|grm_n5_048,の|が|あります|に|ですが,kanji_n5_041|kanji_n5_024|kanji_n5_009|kanji_n5_013|kanji_n5_038|kanji_n5_084,小上本三下花,{},true,true,false,original_curated_app_seed_inspired_by_jlpt_n5_reading_item_formats,https://www.jlpt.jp/e/samples/forlearners.html,curated_original_needs_native_review,Original N5-style reading passage. Not copied from official JLPT.
read_n5_0006,N5,curated_original_reading_n5,6,shopping_bag,スーパーで,,shopping,1,short_story,午後、スーパーへ行きました。りんごを三つと牛乳を一本買いました。全部で六百円でした。家で母と食べました。,"Gogo, suupaa e ikimashita. Ringo o mittsu to gyuunyuu o ippon kaimashita. Zenbu de roppyaku-en deshita. Ie de haha to tabemashita.",Sore/siang saya pergi ke supermarket. Saya membeli tiga apel dan satu botol susu. Totalnya 600 yen. Di rumah saya makan bersama ibu.,52,49,3,vocab_n5_0253|vocab_n5_0049|vocab_n5_0643|vocab_n5_0203|vocab_n5_0149|vocab_n5_0357|vocab_n5_0047|vocab_n5_0542|vocab_n5_0393,午後|スーパー|行く|りんご|三つ|牛乳|一本|買う|全部|六百円|家|母|食べる,grm_n5_051|grm_n5_092|grm_n5_060|grm_n5_075|grm_n5_005,へ|ました|を|と|で,kanji_n5_047|kanji_n5_019|kanji_n5_015|kanji_n5_013|kanji_n5_002|kanji_n5_009|kanji_n5_101|kanji_n5_037|kanji_n5_048|kanji_n5_033|kanji_n5_072|kanji_n5_064,午後行三一本買六百円母食,{},true,true,false,original_curated_app_seed_inspired_by_jlpt_n5_reading_item_formats,https://www.jlpt.jp/e/samples/forlearners.html,curated_original_needs_native_review,Original N5-style reading passage. Not copied from official JLPT.
read_n5_0007,N5,curated_original_reading_n5,7,restaurant_menu,レストランのメニュー,,restaurant,1,menu,レストランのメニューです。カレーは七百円です。ラーメンは六百円です。水は無料です。コーヒーは三百円です。,Resutoran no menyuu desu. Karee wa nanahyaku-en desu. Raamen wa roppyaku-en desu. Mizu wa muryou desu. Koohii wa sanbyaku-en desu.,Ini menu restoran. Kari 700 yen. Ramen 600 yen. Air gratis. Kopi 300 yen.,52,49,3,vocab_n5_0706|vocab_n5_0183|vocab_n5_0638|vocab_n5_0251,レストラン|メニュー|カレー|七百円|ラーメン|六百円|水|無料|コーヒー|三百円,grm_n5_052|grm_n5_079|grm_n5_002,の|は|です,kanji_n5_042|kanji_n5_048|kanji_n5_033|kanji_n5_037|kanji_n5_054|kanji_n5_013,七百円六水三,"{""menu"": [{""item"": ""カレー"", ""price_yen"": 700}, {""item"": ""ラーメン"", ""price_yen"": 600}, {""item"": ""水"", ""price_yen"": 0}, {""item"": ""コーヒー"", ""price_yen"": 300}]}",true,true,false,original_curated_app_seed_inspired_by_jlpt_n5_reading_item_formats,https://www.jlpt.jp/e/samples/forlearners.html,curated_original_needs_native_review,Original N5-style reading passage. Not copied from official JLPT.
read_n5_0008,N5,curated_original_reading_n5,8,station_meeting,駅で会います,,meeting,1,message,ミナさんへ。明日、駅の前で会いましょう。時間は九時半です。私は青いかばんを持っています。,"Mina-san e. Ashita, eki no mae de aimashou. Jikan wa ku-ji han desu. Watashi wa aoi kaban o motte imasu.","Untuk Mina. Besok, mari bertemu di depan stasiun. Waktunya jam 9.30. Saya membawa tas biru.",44,43,3,vocab_n5_0016|vocab_n5_0092|vocab_n5_0621|vocab_n5_0002|vocab_n5_0294|vocab_n5_0714|vocab_n5_0004|vocab_n5_0172|vocab_n5_0661,明日|駅|前|会う|時間|九時半|私|青い|かばん|持つ,grm_n5_051|grm_n5_052|grm_n5_005|grm_n5_032|grm_n5_079|grm_n5_060,へ|の|で|ましょう|は|を|ています,kanji_n5_001|kanji_n5_083|kanji_n5_020|kanji_n5_085|kanji_n5_014|kanji_n5_023|kanji_n5_029|kanji_n5_055,日駅前会時間九半,{},true,true,false,original_curated_app_seed_inspired_by_jlpt_n5_reading_item_formats,https://www.jlpt.jp/e/samples/forlearners.html,curated_original_needs_native_review,Original N5-style reading passage. Not copied from official JLPT.
read_n5_0009,N5,curated_original_reading_n5,9,library_notice,図書館のお知らせ,,notice,2,notice,図書館のお知らせです。月曜日から金曜日まで、午前九時から午後六時まで開いています。土曜日は午後三時までです。日曜日は休みです。,"Toshokan no oshirase desu. Getsuyoubi kara kin'youbi made, gozen ku-ji kara gogo roku-ji made aite imasu. Doyoubi wa gogo san-ji made desu. Nichiyoubi wa yasumi desu.",Pengumuman perpustakaan. Senin sampai Jumat buka 09.00 sampai 18.00. Sabtu sampai pukul 15.00. Minggu libur.,63,67,3,vocab_n5_0460|vocab_n5_0239|vocab_n5_0215|vocab_n5_0256|vocab_n5_0253|vocab_n5_0009|vocab_n5_0470|vocab_n5_0501|vocab_n5_0671,図書館|お知らせ|月曜日|金曜日|午前|九時|午後|六時|開く|土曜日|三時|日曜日|休み,grm_n5_023|grm_n5_029|grm_n5_079,から|まで|ています|は,kanji_n5_049|kanji_n5_017|kanji_n5_001|kanji_n5_028|kanji_n5_047|kanji_n5_020|kanji_n5_029|kanji_n5_014|kanji_n5_019|kanji_n5_037|kanji_n5_061|kanji_n5_013|kanji_n5_078,書月日金午前九時後六土三休,"{""hours"": {""mon_fri"": ""09:00-18:00"", ""sat"": ""09:00-15:00"", ""sun"": ""closed""}}",true,true,false,original_curated_app_seed_inspired_by_jlpt_n5_reading_item_formats,https://www.jlpt.jp/e/samples/forlearners.html,curated_original_needs_native_review,Original N5-style reading passage. Not copied from official JLPT.
read_n5_0010,N5,curated_original_reading_n5,10,class_schedule,今日の時間割,,schedule,2,schedule,今日の時間割です。一時間目は日本語です。二時間目は数学です。昼休みの後で、英語があります。体育はありません。,"Kyou no jikanwari desu. Ichi-jikanme wa nihongo desu. Ni-jikanme wa suugaku desu. Hiru-yasumi no ato de, eigo ga arimasu. Taiiku wa arimasen.",Ini jadwal hari ini. Pelajaran pertama bahasa Jepang. Pelajaran kedua matematika. Setelah istirahat siang ada bahasa Inggris. Tidak ada olahraga.,54,60,3,vocab_n5_0204|vocab_n5_0027|vocab_n5_0090,今日|時間割|一時間目|日本語|二時間目|数学|昼休み|後|英語|体育,grm_n5_052|grm_n5_079|grm_n5_002|grm_n5_087|grm_n5_012|grm_n5_105,の|は|です|後で|あります|ありません,kanji_n5_027|kanji_n5_001|kanji_n5_014|kanji_n5_023|kanji_n5_002|kanji_n5_102|kanji_n5_009|kanji_n5_060|kanji_n5_008|kanji_n5_031|kanji_n5_078|kanji_n5_019,今日時間一目本語二学休後,"{""schedule"": [{""period"": 1, ""subject"": ""日本語""}, {""period"": 2, ""subject"": ""数学""}, {""after_lunch"": ""英語""}, {""not_today"": ""体育""}]}",true,true,false,original_curated_app_seed_inspired_by_jlpt_n5_reading_item_formats,https://www.jlpt.jp/e/samples/forlearners.html,curated_original_needs_native_review,Original N5-style reading passage. Not copied from official JLPT.
read_n5_0011,N5,curated_original_reading_n5,11,weather_plan,雨の日,,weather,2,short_story,今日は朝から雨です。私は公園へ行きたかったですが、行きませんでした。家で本を読んで、音楽を聞きました。午後、雨が止みました。,"Kyou wa asa kara ame desu. Watashi wa kouen e ikitakatta desu ga, ikimasen deshita. Ie de hon o yonde, ongaku o kikimashita. Gogo, ame ga yamimashita.","Hari ini hujan sejak pagi. Saya ingin pergi ke taman, tetapi tidak pergi. Di rumah saya membaca buku dan mendengarkan musik. Sore/siang, hujan berhenti.",62,66,3,vocab_n5_0204|vocab_n5_0012|vocab_n5_0037|vocab_n5_0714|vocab_n5_0245|vocab_n5_0049|vocab_n5_0047|vocab_n5_0610|vocab_n5_0690|vocab_n5_0139|vocab_n5_0193|vocab_n5_0253,今日|朝|雨|私|公園|行く|家|本|読む|音楽|聞く|午後|止む,grm_n5_023|grm_n5_067|grm_n5_011|grm_n5_093|grm_n5_005|grm_n5_009|grm_n5_092,から|たい|が|ませんでした|で|て|ました,kanji_n5_027|kanji_n5_001|kanji_n5_080|kanji_n5_015|kanji_n5_009|kanji_n5_075|kanji_n5_063|kanji_n5_047|kanji_n5_019,今日雨行本読聞午後,{},true,true,false,original_curated_app_seed_inspired_by_jlpt_n5_reading_item_formats,https://www.jlpt.jp/e/samples/forlearners.html,curated_original_needs_native_review,Original N5-style reading passage. Not copied from official JLPT.
read_n5_0012,N5,curated_original_reading_n5,12,doctor_visit,病院へ行きました,,health,2,short_story,昨日、頭が痛かったです。学校を休んで、病院へ行きました。医者は「薬を飲んで、早く寝てください」と言いました。,"Kinou, atama ga itakatta desu. Gakkou o yasunde, byouin e ikimashita. Isha wa 'kusuri o nonde, hayaku nete kudasai' to iimashita.","Kemarin kepala saya sakit. Saya tidak masuk sekolah dan pergi ke rumah sakit. Dokter berkata, “Minumlah obat dan tidurlah lebih awal.”",54,60,3,vocab_n5_0200|vocab_n5_0020|vocab_n5_0056|vocab_n5_0168|vocab_n5_0672|vocab_n5_0570|vocab_n5_0049|vocab_n5_0053|vocab_n5_0217|vocab_n5_0515|vocab_n5_0543|vocab_n5_0510|vocab_n5_0046,昨日|頭|痛い|学校|休む|病院|行く|医者|薬|飲む|早い|寝る|言う,grm_n5_011|grm_n5_060|grm_n5_009|grm_n5_051|grm_n5_072,が|かったです|を|て|へ|てください|と言いました,kanji_n5_001|kanji_n5_031|kanji_n5_059|kanji_n5_078|kanji_n5_015|kanji_n5_082|kanji_n5_088,日学校休行飲言,{},true,true,false,original_curated_app_seed_inspired_by_jlpt_n5_reading_item_formats,https://www.jlpt.jp/e/samples/forlearners.html,curated_original_needs_native_review,Original N5-style reading passage. Not copied from official JLPT.
read_n5_0013,N5,curated_original_reading_n5,13,direction_postoffice,郵便局まで,,directions,2,direction,駅を出て、まっすぐ行ってください。二つ目の角を右に曲がります。郵便局は銀行の隣です。歩いて五分ぐらいです。,"Eki o dete, massugu itte kudasai. Futatsume no kado o migi ni magarimasu. Yuubinkyoku wa ginkou no tonari desu. Aruite go-fun gurai desu.","Keluar dari stasiun, lalu jalan lurus. Belok kanan di sudut kedua. Kantor pos ada di sebelah bank. Sekitar lima menit berjalan kaki.",53,59,3,vocab_n5_0092|vocab_n5_0436|vocab_n5_0629|vocab_n5_0049|vocab_n5_0171|vocab_n5_0636|vocab_n5_0678|vocab_n5_0214|vocab_n5_0465|vocab_n5_0042,駅|出る|まっすぐ|行く|二つ目|角|右|曲がる|郵便局|銀行|隣|歩く|五分|ぐらい,grm_n5_072|grm_n5_052|grm_n5_060|grm_n5_048|grm_n5_079|grm_n5_002|grm_n5_085,てください|の|を|に|は|です|ぐらい,kanji_n5_083|kanji_n5_012|kanji_n5_015|kanji_n5_008|kanji_n5_102|kanji_n5_074|kanji_n5_022|kanji_n5_018,駅出行二目右五分,{},true,true,false,original_curated_app_seed_inspired_by_jlpt_n5_reading_item_formats,https://www.jlpt.jp/e/samples/forlearners.html,curated_original_needs_native_review,Original N5-style reading passage. Not copied from official JLPT.
read_n5_0014,N5,curated_original_reading_n5,14,birthday_party,誕生日パーティー,,invitation,2,invitation,土曜日に私の家で誕生日パーティーをします。時間は午後二時から四時までです。ケーキとジュースがあります。来てください。,Doyoubi ni watashi no ie de tanjoubi paatii o shimasu. Jikan wa gogo ni-ji kara yo-ji made desu. Keeki to juusu ga arimasu. Kite kudasai.,Pada hari Sabtu ada pesta ulang tahun di rumah saya. Waktunya dari jam dua sampai jam empat sore. Ada kue dan jus. Tolong datang.,58,63,3,vocab_n5_0470|vocab_n5_0714|vocab_n5_0047|vocab_n5_0397|vocab_n5_0518|vocab_n5_0294|vocab_n5_0253|vocab_n5_0230,土曜日|私|家|誕生日|パーティー|時間|午後|二時|四時|ケーキ|ジュース|来る,grm_n5_048|grm_n5_052|grm_n5_005|grm_n5_023|grm_n5_029|grm_n5_012|grm_n5_072,に|の|で|をします|から|まで|があります|てください,kanji_n5_061|kanji_n5_001|kanji_n5_021|kanji_n5_014|kanji_n5_023|kanji_n5_047|kanji_n5_019|kanji_n5_008|kanji_n5_026|kanji_n5_039,土日生時間午後二四来,{},true,true,false,original_curated_app_seed_inspired_by_jlpt_n5_reading_item_formats,https://www.jlpt.jp/e/samples/forlearners.html,curated_original_needs_native_review,Original N5-style reading passage. Not copied from official JLPT.
read_n5_0015,N5,curated_original_reading_n5,15,part_time_job,アルバイト,,work,3,short_story,私は日曜日だけ、カフェでアルバイトをしています。仕事は朝九時から午後一時までです。忙しいですが、楽しいです。お金をためたいです。,"Watashi wa nichiyoubi dake, kafe de arubaito o shite imasu. Shigoto wa asa ku-ji kara gogo ichi-ji made desu. Isogashii desu ga, tanoshii desu. Okane o tametai desu.","Saya bekerja paruh waktu di kafe hanya pada hari Minggu. Pekerjaannya dari jam sembilan pagi sampai jam satu siang. Sibuk, tetapi menyenangkan. Saya ingin menabung.",64,78,3,vocab_n5_0714|vocab_n5_0501|vocab_n5_0296|vocab_n5_0012|vocab_n5_0253|vocab_n5_0055|vocab_n5_0388|vocab_n5_0104,私|日曜日|だけ|カフェ|アルバイト|仕事|朝|九時|午後|一時|忙しい|楽しい|お金|ためる,grm_n5_003|grm_n5_005|grm_n5_023|grm_n5_029|grm_n5_067,だけ|で|ています|から|まで|ですが|たい,kanji_n5_001|kanji_n5_029|kanji_n5_014|kanji_n5_047|kanji_n5_019|kanji_n5_002|kanji_n5_028,日九時午後一金,{},true,true,true,original_curated_app_seed_inspired_by_jlpt_n5_reading_item_formats,https://www.jlpt.jp/e/samples/forlearners.html,curated_original_needs_native_review,Original N5-style reading passage. Not copied from official JLPT.
read_n5_0016,N5,curated_original_reading_n5,16,weekend_plan,週末の予定,,plans,2,message,今週の土曜日、友達と映画を見に行きます。映画は午後五時に始まります。その前に、駅の近くで晩ご飯を食べます。,"Konshuu no doyoubi, tomodachi to eiga o mi ni ikimasu. Eiga wa gogo go-ji ni hajimarimasu. Sono mae ni, eki no chikaku de ban-gohan o tabemasu.","Sabtu minggu ini, saya pergi menonton film dengan teman. Film mulai jam lima sore. Sebelum itu, kami makan malam dekat stasiun.",53,59,3,vocab_n5_0271|vocab_n5_0470|vocab_n5_0469|vocab_n5_0088|vocab_n5_0648|vocab_n5_0049|vocab_n5_0253|vocab_n5_0528|vocab_n5_0365|vocab_n5_0621|vocab_n5_0092|vocab_n5_0403|vocab_n5_0393,今週|土曜日|友達|映画|見る|行く|午後|五時|始まる|その|前|駅|近く|晩ご飯|食べる,grm_n5_052|grm_n5_075|grm_n5_060|grm_n5_049|grm_n5_048|grm_n5_005,の|と|を|に行く|に|その前に|で,kanji_n5_027|kanji_n5_094|kanji_n5_061|kanji_n5_001|kanji_n5_076|kanji_n5_016|kanji_n5_015|kanji_n5_047|kanji_n5_019|kanji_n5_022|kanji_n5_014|kanji_n5_020|kanji_n5_083|kanji_n5_064,今週土日友見行午後五時前駅食,{},true,true,false,original_curated_app_seed_inspired_by_jlpt_n5_reading_item_formats,https://www.jlpt.jp/e/samples/forlearners.html,curated_original_needs_native_review,Original N5-style reading passage. Not copied from official JLPT.
read_n5_0017,N5,curated_original_reading_n5,17,lost_item,忘れ物,,lost_and_found,3,notice,黒い傘を探しています。今日の午後、図書館の前に忘れました。名前はありません。見つけた人は、事務室へ持って来てください。,"Kuroi kasa o sagashite imasu. Kyou no gogo, toshokan no mae ni wasuremashita. Namae wa arimasen. Mitsuketa hito wa, jimushitsu e motte kite kudasai.","Saya mencari payung hitam. Sore ini saya lupa menaruhnya di depan perpustakaan. Tidak ada nama. Orang yang menemukannya, tolong bawa ke kantor administrasi.",59,74,3,vocab_n5_0233|vocab_n5_0160|vocab_n5_0204|vocab_n5_0253|vocab_n5_0460|vocab_n5_0621|vocab_n5_0713|vocab_n5_0490|vocab_n5_0564|vocab_n5_0661|vocab_n5_0230,黒い|傘|探す|今日|午後|図書館|前|忘れる|名前|人|事務室|持つ|来る,grm_n5_052|grm_n5_048|grm_n5_092|grm_n5_105|grm_n5_051|grm_n5_072,ています|の|に|ました|ありません|た人|へ|てください,kanji_n5_027|kanji_n5_001|kanji_n5_047|kanji_n5_019|kanji_n5_049|kanji_n5_020|kanji_n5_051|kanji_n5_016|kanji_n5_004|kanji_n5_039,今日午後書前名見人来,{},true,true,true,original_curated_app_seed_inspired_by_jlpt_n5_reading_item_formats,https://www.jlpt.jp/e/samples/forlearners.html,curated_original_needs_native_review,Original N5-style reading passage. Not copied from official JLPT.
read_n5_0018,N5,curated_original_reading_n5,18,email_teacher,先生へのメール,,email,3,email,先生、おはようございます。今日は熱がありますから、学校を休みます。宿題は明日出します。よろしくお願いします。,"Sensei, ohayou gozaimasu. Kyou wa netsu ga arimasu kara, gakkou o yasumimasu. Shukudai wa ashita dashimasu. Yoroshiku onegai shimasu.","Guru, selamat pagi. Hari ini saya demam, jadi saya tidak masuk sekolah. PR akan saya kumpulkan besok. Mohon pengertiannya.",54,70,3,vocab_n5_0355|vocab_n5_0204|vocab_n5_0168|vocab_n5_0672|vocab_n5_0318|vocab_n5_0016|vocab_n5_0383,先生|おはようございます|今日|熱|学校|休む|宿題|明日|出す,grm_n5_012|grm_n5_023|grm_n5_060|grm_n5_079,があります|から|を|ます|は,kanji_n5_050|kanji_n5_021|kanji_n5_027|kanji_n5_001|kanji_n5_031|kanji_n5_059|kanji_n5_078|kanji_n5_012,先生今日学校休出,{},true,true,true,original_curated_app_seed_inspired_by_jlpt_n5_reading_item_formats,https://www.jlpt.jp/e/samples/forlearners.html,curated_original_needs_native_review,Original N5-style reading passage. Not copied from official JLPT.
read_n5_0019,N5,curated_original_reading_n5,19,pet_cat,私の猫,,animals,2,description,私の猫の名前はモモです。白くて、小さい猫です。魚が好きですが、牛乳はあまり飲みません。夜は私のベッドで寝ます。,"Watashi no neko no namae wa Momo desu. Shirokute, chiisai neko desu. Sakana ga suki desu ga, gyuunyuu wa amari nomimasen. Yoru wa watashi no beddo de nemasu.","Nama kucing saya Momo. Ia kucing putih dan kecil. Ia suka ikan, tetapi tidak terlalu minum susu. Malam hari ia tidur di tempat tidur saya.",55,61,3,vocab_n5_0714|vocab_n5_0509|vocab_n5_0490|vocab_n5_0325|vocab_n5_0399|vocab_n5_0277|vocab_n5_0331|vocab_n5_0203|vocab_n5_0515|vocab_n5_0691|vocab_n5_0594|vocab_n5_0510,私|猫|名前|白い|小さい|魚|好き|牛乳|飲む|夜|ベッド|寝る,grm_n5_052|grm_n5_079|grm_n5_041|grm_n5_011|grm_n5_005,の|は|くて|が|ですが|あまり～ない|で,kanji_n5_051|kanji_n5_020|kanji_n5_070|kanji_n5_041|kanji_n5_086|kanji_n5_082,名前白小魚飲,{},true,true,false,original_curated_app_seed_inspired_by_jlpt_n5_reading_item_formats,https://www.jlpt.jp/e/samples/forlearners.html,curated_original_needs_native_review,Original N5-style reading passage. Not copied from official JLPT.
read_n5_0020,N5,curated_original_reading_n5,20,train_notice,電車のお知らせ,,transport,3,notice,お知らせです。今日の午後、雨が強いですから、電車が少し遅れています。駅で待ってください。バスも使うことができます。,"Oshirase desu. Kyou no gogo, ame ga tsuyoi desu kara, densha ga sukoshi okurete imasu. Eki de matte kudasai. Basu mo tsukau koto ga dekimasu.","Pengumuman. Sore ini karena hujan deras, kereta agak terlambat. Mohon tunggu di stasiun. Bus juga bisa digunakan.",57,72,3,vocab_n5_0204|vocab_n5_0253|vocab_n5_0037|vocab_n5_0423|vocab_n5_0440|vocab_n5_0335|vocab_n5_0092|vocab_n5_0628|vocab_n5_0532|vocab_n5_0413|vocab_n5_0430,お知らせ|今日|午後|雨|強い|電車|少し|遅れる|駅|待つ|バス|使う|できる,grm_n5_023|grm_n5_011|grm_n5_005|grm_n5_072|grm_n5_034|grm_n5_113,から|が|ています|で|てください|も|ことができる,kanji_n5_027|kanji_n5_001|kanji_n5_047|kanji_n5_019|kanji_n5_080|kanji_n5_058|kanji_n5_065|kanji_n5_095|kanji_n5_083,今日午後雨電車少駅,{},true,true,true,original_curated_app_seed_inspired_by_jlpt_n5_reading_item_formats,https://www.jlpt.jp/e/samples/forlearners.html,curated_original_needs_native_review,Original N5-style reading passage. Not copied from official JLPT.
read_n5_0021,N5,curated_original_reading_n5,21,sports_day,運動会,,event,3,notice,来週の金曜日に学校で運動会があります。学生は白いシャツと黒いズボンを着ます。水を持って来てください。雨の時は、運動会はありません。,"Raishuu no kin'youbi ni gakkou de undoukai ga arimasu. Gakusei wa shiroi shatsu to kuroi zubon o kimasu. Mizu o motte kite kudasai. Ame no toki wa, undoukai wa arimasen.","Jumat minggu depan ada acara olahraga di sekolah. Siswa memakai kemeja putih dan celana hitam. Tolong bawa air. Jika hujan, acara olahraga tidak ada.",65,78,3,vocab_n5_0694|vocab_n5_0215|vocab_n5_0168|vocab_n5_0156|vocab_n5_0325|vocab_n5_0312|vocab_n5_0233|vocab_n5_0341|vocab_n5_0210|vocab_n5_0638|vocab_n5_0661|vocab_n5_0230|vocab_n5_0037,来週|金曜日|学校|運動会|学生|白い|シャツ|黒い|ズボン|着る|水|持つ|来る|雨|時,grm_n5_048|grm_n5_005|grm_n5_012|grm_n5_079|grm_n5_075|grm_n5_060|grm_n5_072|grm_n5_105,に|で|があります|は|と|を|てください|の時|ありません,kanji_n5_039|kanji_n5_094|kanji_n5_028|kanji_n5_001|kanji_n5_031|kanji_n5_059|kanji_n5_085|kanji_n5_021|kanji_n5_070|kanji_n5_054|kanji_n5_080|kanji_n5_014,来週金日学校会生白水雨時,{},true,true,true,original_curated_app_seed_inspired_by_jlpt_n5_reading_item_formats,https://www.jlpt.jp/e/samples/forlearners.html,curated_original_needs_native_review,Original N5-style reading passage. Not copied from official JLPT.
read_n5_0022,N5,curated_original_reading_n5,22,apartment_notice,アパートのお知らせ,,notice,3,notice,アパートのお知らせです。明日の午前十時から十二時まで、水を使うことができません。洗濯は今日の夜までにしてください。,"Apaato no oshirase desu. Ashita no gozen juu-ji kara juu-ni-ji made, mizu o tsukau koto ga dekimasen. Sentaku wa kyou no yoru made ni shite kudasai.","Pengumuman apartemen. Besok pukul 10 sampai 12 siang, air tidak bisa digunakan. Tolong mencuci pakaian paling lambat malam ini.",57,72,3,vocab_n5_0031|vocab_n5_0016|vocab_n5_0256|vocab_n5_0638|vocab_n5_0413|vocab_n5_0430|vocab_n5_0356|vocab_n5_0204|vocab_n5_0691,アパート|お知らせ|明日|午前|十時|十二時|水|使う|できる|洗濯|今日|夜,grm_n5_052|grm_n5_023|grm_n5_029|grm_n5_088|grm_n5_072,の|から|まで|ことができません|までに|てください,kanji_n5_001|kanji_n5_047|kanji_n5_020|kanji_n5_007|kanji_n5_014|kanji_n5_008|kanji_n5_054|kanji_n5_027,日午前十時二水今,{},true,true,true,original_curated_app_seed_inspired_by_jlpt_n5_reading_item_formats,https://www.jlpt.jp/e/samples/forlearners.html,curated_original_needs_native_review,Original N5-style reading passage. Not copied from official JLPT.
read_n5_0023,N5,curated_original_reading_n5,23,club_activity,クラブ活動,,hobby,2,short_story,私は音楽クラブに入っています。火曜日と木曜日の放課後に練習します。ピアノは少しできますが、ギターはまだできません。,"Watashi wa ongaku kurabu ni haitte imasu. Kayoubi to mokuyoubi no houkago ni renshuu shimasu. Piano wa sukoshi dekimasu ga, gitaa wa mada dekimasen.","Saya ikut klub musik. Saya latihan setelah sekolah pada hari Selasa dan Kamis. Saya sedikit bisa piano, tetapi belum bisa gitar.",57,62,3,vocab_n5_0714|vocab_n5_0139|vocab_n5_0522|vocab_n5_0177|vocab_n5_0659|vocab_n5_0335|vocab_n5_0430|vocab_n5_0195|vocab_n5_0626,私|音楽|クラブ|入る|火曜日|木曜日|放課後|練習する|ピアノ|少し|できる|ギター|まだ,grm_n5_048|grm_n5_075|grm_n5_052|grm_n5_011,に|ています|と|の|に|が|まだ～ない,kanji_n5_030|kanji_n5_073|kanji_n5_001|kanji_n5_062|kanji_n5_019|kanji_n5_095,入火日木後少,{},true,true,false,original_curated_app_seed_inspired_by_jlpt_n5_reading_item_formats,https://www.jlpt.jp/e/samples/forlearners.html,curated_original_needs_native_review,Original N5-style reading passage. Not copied from official JLPT.
read_n5_0024,N5,curated_original_reading_n5,24,new_bicycle,新しい自転車,,shopping_transport,2,short_story,昨日、新しい自転車を買いました。色は赤です。古い自転車より軽いです。これで毎日、大学へ行きます。,"Kinou, atarashii jitensha o kaimashita. Iro wa aka desu. Furui jitensha yori karui desu. Kore de mainichi, daigaku e ikimasu.",Kemarin saya membeli sepeda baru. Warnanya merah. Lebih ringan daripada sepeda lama. Dengan ini saya pergi ke kampus setiap hari.,48,56,3,vocab_n5_0200|vocab_n5_0021|vocab_n5_0302|vocab_n5_0149|vocab_n5_0074|vocab_n5_0005|vocab_n5_0589|vocab_n5_0182|vocab_n5_0618|vocab_n5_0372|vocab_n5_0049,昨日|新しい|自転車|買う|色|赤|古い|軽い|毎日|大学|行く,grm_n5_092|grm_n5_060|grm_n5_079|grm_n5_080|grm_n5_005|grm_n5_051,ました|を|は|より|で|へ,kanji_n5_001|kanji_n5_096|kanji_n5_065|kanji_n5_101|kanji_n5_089|kanji_n5_069|kanji_n5_006|kanji_n5_031|kanji_n5_015,日新車買古毎大学行,{},true,true,false,original_curated_app_seed_inspired_by_jlpt_n5_reading_item_formats,https://www.jlpt.jp/e/samples/forlearners.html,curated_original_needs_native_review,Original N5-style reading passage. Not copied from official JLPT.
read_n5_0025,N5,curated_original_reading_n5,25,hotel_message,ホテルのメモ,,travel,3,memo,ホテルの朝ご飯は七時から九時までです。食堂は一階にあります。部屋の鍵は、出かける時、フロントに出してください。,"Hoteru no asa-gohan wa shichi-ji kara ku-ji made desu. Shokudou wa ikkai ni arimasu. Heya no kagi wa, dekakeru toki, furonto ni dashite kudasai.","Sarapan hotel dari jam tujuh sampai jam sembilan. Ruang makan ada di lantai satu. Saat keluar, tolong serahkan kunci kamar ke front desk.",55,71,3,vocab_n5_0609|vocab_n5_0322|vocab_n5_0596|vocab_n5_0154|vocab_n5_0428|vocab_n5_0383,ホテル|朝ご飯|七時|九時|食堂|一階|部屋|鍵|出かける|時|フロント|出す,grm_n5_052|grm_n5_079|grm_n5_023|grm_n5_029|grm_n5_048|grm_n5_072,の|は|から|まで|にあります|時|に|てください,kanji_n5_042|kanji_n5_014|kanji_n5_029|kanji_n5_064|kanji_n5_002|kanji_n5_012,七時九食一出,{},true,true,true,original_curated_app_seed_inspired_by_jlpt_n5_reading_item_formats,https://www.jlpt.jp/e/samples/forlearners.html,curated_original_needs_native_review,Original N5-style reading passage. Not copied from official JLPT.
read_n5_0026,N5,curated_original_reading_n5,26,park_rules,公園のルール,,rules,3,notice,この公園では、自転車に乗ってはいけません。犬と散歩してもいいですが、犬のご飯は持って帰ってください。夜十時に閉まります。,"Kono kouen de wa, jitensha ni notte wa ikemasen. Inu to sanpo shite mo ii desu ga, inu no gohan wa motte kaette kudasai. Yoru juu-ji ni shimarimasu.","Di taman ini tidak boleh naik sepeda. Boleh jalan-jalan dengan anjing, tetapi tolong bawa pulang makanan anjing. Taman tutup jam sepuluh malam.",60,75,3,vocab_n5_0264|vocab_n5_0245|vocab_n5_0302|vocab_n5_0516|vocab_n5_0065|vocab_n5_0661|vocab_n5_0151|vocab_n5_0691|vocab_n5_0307,この|公園|自転車|乗る|犬|散歩する|ご飯|持つ|帰る|夜|十時|閉まる,grm_n5_020|grm_n5_074|grm_n5_011|grm_n5_052|grm_n5_072|grm_n5_048,では|てはいけません|てもいいです|が|の|てください|に,kanji_n5_065|kanji_n5_007|kanji_n5_014,車十時,{},true,true,true,original_curated_app_seed_inspired_by_jlpt_n5_reading_item_formats,https://www.jlpt.jp/e/samples/forlearners.html,curated_original_needs_native_review,Original N5-style reading passage. Not copied from official JLPT.
read_n5_0027,N5,curated_original_reading_n5,27,cooking_class,料理教室,,event,3,notice,来月、料理教室があります。日本のカレーを作ります。お金は千円です。参加したい人は、金曜日までに名前を書いてください。,"Raigetsu, ryouri kyoushitsu ga arimasu. Nihon no karee o tsukurimasu. Okane wa sen-en desu. Sanka shitai hito wa, kin'youbi made ni namae o kaite kudasai.","Bulan depan ada kelas memasak. Kita membuat kari Jepang. Biayanya 1000 yen. Orang yang ingin ikut, tulis nama paling lambat Jumat.",58,73,3,vocab_n5_0693|vocab_n5_0701|vocab_n5_0205|vocab_n5_0183|vocab_n5_0418|vocab_n5_0104|vocab_n5_0564|vocab_n5_0215|vocab_n5_0490|vocab_n5_0155,来月|料理|教室|日本|カレー|作る|お金|千円|参加する|人|金曜日|名前|書く,grm_n5_012|grm_n5_052|grm_n5_060|grm_n5_088|grm_n5_072,があります|の|を|たい人|までに|てください,kanji_n5_039|kanji_n5_017|kanji_n5_001|kanji_n5_009|kanji_n5_028|kanji_n5_053|kanji_n5_033|kanji_n5_004|kanji_n5_051|kanji_n5_020|kanji_n5_049,来月日本金千円人名前書,{},true,true,true,original_curated_app_seed_inspired_by_jlpt_n5_reading_item_formats,https://www.jlpt.jp/e/samples/forlearners.html,curated_original_needs_native_review,Original N5-style reading passage. Not copied from official JLPT.
read_n5_0028,N5,curated_original_reading_n5,28,movie_ticket,映画館で,,ticket,2,dialogue,客：すみません、大人の切符を二枚ください。店員：はい、二枚で二千円です。客：子どもの切符はいくらですか。店員：一枚五百円です。,"Kyaku: Sumimasen, otona no kippu o ni-mai kudasai. Ten'in: Hai, ni-mai de ni-sen-en desu. Kyaku: Kodomo no kippu wa ikura desu ka. Ten'in: Ichi-mai gohyaku-en desu.","Pelanggan: Maaf, tolong dua tiket dewasa. Petugas: Baik, dua lembar 2000 yen. Pelanggan: Tiket anak-anak berapa? Petugas: Satu lembar 500 yen.",63,67,3,vocab_n5_0123|vocab_n5_0199|vocab_n5_0051,客|大人|切符|二枚|店員|二千円|子ども|いくら|一枚|五百円,grm_n5_052|grm_n5_061|grm_n5_005|grm_n5_043|grm_n5_079|grm_n5_021,の|をください|で|はい|は|か,kanji_n5_006|kanji_n5_004|kanji_n5_008|kanji_n5_099|kanji_n5_053|kanji_n5_033|kanji_n5_034|kanji_n5_002|kanji_n5_022|kanji_n5_048,大人二店千円子一五百,{},true,true,false,original_curated_app_seed_inspired_by_jlpt_n5_reading_item_formats,https://www.jlpt.jp/e/samples/forlearners.html,curated_original_needs_native_review,Original N5-style reading passage. Not copied from official JLPT.
read_n5_0029,N5,curated_original_reading_n5,29,town_map,町の地図,,town,3,map_description,駅の左に銀行があります。銀行の後ろに小さい公園があります。駅の右にはコンビニがあります。郵便局はコンビニの前です。,Eki no hidari ni ginkou ga arimasu. Ginkou no ushiro ni chiisai kouen ga arimasu. Eki no migi ni wa konbini ga arimasu. Yuubinkyoku wa konbini no mae desu.,Di kiri stasiun ada bank. Di belakang bank ada taman kecil. Di kanan stasiun ada minimarket. Kantor pos ada di depan minimarket.,57,72,3,vocab_n5_0092|vocab_n5_0563|vocab_n5_0214|vocab_n5_0077|vocab_n5_0399|vocab_n5_0245|vocab_n5_0636|vocab_n5_0678|vocab_n5_0621,駅|左|銀行|後ろ|小さい|公園|右|コンビニ|郵便局|前,grm_n5_052|grm_n5_048|grm_n5_012|grm_n5_079|grm_n5_002,の|に|があります|には|は|です,kanji_n5_083|kanji_n5_077|kanji_n5_015|kanji_n5_019|kanji_n5_041|kanji_n5_074|kanji_n5_020,駅左行後小右前,{},true,true,true,original_curated_app_seed_inspired_by_jlpt_n5_reading_item_formats,https://www.jlpt.jp/e/samples/forlearners.html,curated_original_needs_native_review,Original N5-style reading passage. Not copied from official JLPT.
read_n5_0030,N5,curated_original_reading_n5,30,simple_recipe,簡単な朝ご飯,,recipe,3,instructions,簡単な朝ご飯を作ります。まず、卵を二つ使います。次に、パンを一枚焼きます。最後に、コーヒーを一杯飲みます。,"Kantan na asa-gohan o tsukurimasu. Mazu, tamago o futatsu tsukaimasu. Tsugi ni, pan o ichi-mai yakimasu. Saigo ni, koohii o ippai nomimasu.","Membuat sarapan sederhana. Pertama, gunakan dua telur. Lalu panggang satu lembar roti. Terakhir, minum secangkir kopi.",53,69,3,vocab_n5_0418|vocab_n5_0394|vocab_n5_0582|vocab_n5_0413|vocab_n5_0415|vocab_n5_0552|vocab_n5_0251|vocab_n5_0515,簡単|朝ご飯|作る|まず|卵|二つ|使う|次|パン|一枚|焼く|最後|コーヒー|一杯|飲む,grm_n5_086|grm_n5_060|grm_n5_012,な|を|ます|次に|最後に,kanji_n5_008|kanji_n5_002|kanji_n5_019|kanji_n5_082,二一後飲,{},true,true,true,original_curated_app_seed_inspired_by_jlpt_n5_reading_item_formats,https://www.jlpt.jp/e/samples/forlearners.html,curated_original_needs_native_review,Original N5-style reading passage. Not copied from official JLPT.
read_n5_0031,N5,curated_original_reading_n5,31,season_preference,好きな季節,,season,2,opinion,私は春が一番好きです。暖かくて、花がきれいです。でも、花粉が多い日は少し大変です。冬は寒いので、あまり好きではありません。,"Watashi wa haru ga ichiban suki desu. Atatakakute, hana ga kirei desu. Demo, kafun ga ooi hi wa sukoshi taihen desu. Fuyu wa samui node, amari suki dewa arimasen.",Saya paling suka musim semi. Hangat dan bunganya indah. Tetapi hari dengan banyak serbuk sari agak menyulitkan. Saya tidak terlalu suka musim dingin karena dingin.,61,65,3,vocab_n5_0714|vocab_n5_0545|vocab_n5_0059|vocab_n5_0331|vocab_n5_0019|vocab_n5_0538|vocab_n5_0211|vocab_n5_0435|vocab_n5_0098|vocab_n5_0335|vocab_n5_0378|vocab_n5_0587|vocab_n5_0285,私|春|一番|好き|暖かい|花|きれい|でも|多い|日|少し|大変|冬|寒い,grm_n5_011|grm_n5_017|grm_n5_041|grm_n5_006|grm_n5_058,が|一番|くて|でも|ので|あまり～ない,kanji_n5_002|kanji_n5_084|kanji_n5_098|kanji_n5_001|kanji_n5_095|kanji_n5_006,一花多日少大,{},true,true,false,original_curated_app_seed_inspired_by_jlpt_n5_reading_item_formats,https://www.jlpt.jp/e/samples/forlearners.html,curated_original_needs_native_review,Original N5-style reading passage. Not copied from official JLPT.
read_n5_0032,N5,curated_original_reading_n5,32,online_class,オンライン授業,,study,3,notice,明日の日本語の授業はオンラインです。教室には来ないでください。九時までにパソコンをつけてください。宿題はメールで出します。,Ashita no nihongo no jugyou wa onrain desu. Kyoushitsu ni wa konai de kudasai. Ku-ji made ni pasokon o tsukete kudasai. Shukudai wa meeru de dashimasu.,Kelas bahasa Jepang besok online. Jangan datang ke kelas. Nyalakan komputer paling lambat jam sembilan. PR dikumpulkan lewat email.,61,75,3,vocab_n5_0016|vocab_n5_0317|vocab_n5_0205|vocab_n5_0230|vocab_n5_0419|vocab_n5_0318|vocab_n5_0383,明日|日本語|授業|オンライン|教室|来る|九時|パソコン|つける|宿題|メール|出す,grm_n5_052|grm_n5_079|grm_n5_039|grm_n5_088|grm_n5_072|grm_n5_005,の|は|には|ないでください|までに|てください|で,kanji_n5_001|kanji_n5_009|kanji_n5_060|kanji_n5_039|kanji_n5_029|kanji_n5_014|kanji_n5_012,日本語来九時出,{},true,true,true,original_curated_app_seed_inspired_by_jlpt_n5_reading_item_formats,https://www.jlpt.jp/e/samples/forlearners.html,curated_original_needs_native_review,Original N5-style reading passage. Not copied from official JLPT.
read_n5_0033,N5,curated_original_reading_n5,33,bank_errand,銀行へ,,errand,3,short_story,昼休みに銀行へ行きました。でも、人が多くて、時間がありませんでした。お金を出すことができませんでした。明日また行きます。,"Hiru-yasumi ni ginkou e ikimashita. Demo, hito ga ookute, jikan ga arimasen deshita. Okane o dasu koto ga dekimasen deshita. Ashita mata ikimasu.",Saat istirahat siang saya pergi ke bank. Namun orangnya banyak dan tidak ada waktu. Saya tidak bisa mengambil uang. Besok saya akan pergi lagi.,60,75,3,vocab_n5_0214|vocab_n5_0049|vocab_n5_0435|vocab_n5_0564|vocab_n5_0098|vocab_n5_0294|vocab_n5_0104|vocab_n5_0383|vocab_n5_0430|vocab_n5_0016|vocab_n5_0625,昼休み|銀行|行く|でも|人|多い|時間|お金|出す|できる|明日|また,grm_n5_048|grm_n5_051|grm_n5_092|grm_n5_011|grm_n5_041|grm_n5_105,に|へ|ました|が|くて|ありませんでした|ことができませんでした,kanji_n5_078|kanji_n5_015|kanji_n5_004|kanji_n5_098|kanji_n5_014|kanji_n5_023|kanji_n5_028|kanji_n5_012|kanji_n5_001,休行人多時間金出日,{},true,true,true,original_curated_app_seed_inspired_by_jlpt_n5_reading_item_formats,https://www.jlpt.jp/e/samples/forlearners.html,curated_original_needs_native_review,Original N5-style reading passage. Not copied from official JLPT.
read_n5_0034,N5,curated_original_reading_n5,34,garbage_notice,ごみの日,,notice,3,notice,この町では、月曜日と木曜日がごみの日です。朝八時までに出してください。ビンと缶は水曜日です。夜にごみを出してはいけません。,"Kono machi de wa, getsuyoubi to mokuyoubi ga gomi no hi desu. Asa hachi-ji made ni dashite kudasai. Bin to kan wa suiyoubi desu. Yoru ni gomi o dashite wa ikemasen.","Di kota ini, Senin dan Kamis adalah hari sampah. Tolong keluarkan paling lambat jam delapan pagi. Botol dan kaleng hari Rabu. Tidak boleh membuang sampah pada malam hari.",61,75,3,vocab_n5_0264|vocab_n5_0627|vocab_n5_0239|vocab_n5_0659|vocab_n5_0012|vocab_n5_0383|vocab_n5_0328|vocab_n5_0691,この|町|月曜日|木曜日|ごみ|日|朝|八時|出す|ビン|缶|水曜日|夜,grm_n5_020|grm_n5_075|grm_n5_011|grm_n5_088|grm_n5_072|grm_n5_079|grm_n5_048,では|と|が|までに|てください|は|に|てはいけません,kanji_n5_017|kanji_n5_001|kanji_n5_062|kanji_n5_036|kanji_n5_014|kanji_n5_012|kanji_n5_054,月日木八時出水,{},true,true,true,original_curated_app_seed_inspired_by_jlpt_n5_reading_item_formats,https://www.jlpt.jp/e/samples/forlearners.html,curated_original_needs_native_review,Original N5-style reading passage. Not copied from official JLPT.
read_n5_0035,N5,curated_original_reading_n5,35,student_dorm_rules,学生寮のルール,,rules,3,notice,学生寮では、夜十時の後で大きい音を出してはいけません。友達を部屋に呼んでもいいですが、午後九時までです。台所はみんなで使います。,"Gakuseiryou de wa, yoru juu-ji no ato de ookii oto o dashite wa ikemasen. Tomodachi o heya ni yonde mo ii desu ga, gogo ku-ji made desu. Daidokoro wa minna de tsukaimasu.","Di asrama mahasiswa, setelah jam sepuluh malam tidak boleh membuat suara keras. Boleh memanggil teman ke kamar, tetapi sampai jam sembilan malam. Dapur digunakan bersama.",64,78,3,vocab_n5_0691|vocab_n5_0027|vocab_n5_0099|vocab_n5_0383|vocab_n5_0469|vocab_n5_0596|vocab_n5_0689|vocab_n5_0253|vocab_n5_0377|vocab_n5_0649|vocab_n5_0413,学生寮|夜|十時|後|大きい|音|出す|友達|部屋|呼ぶ|午後|九時|台所|みんな|使う,grm_n5_020|grm_n5_060|grm_n5_074|grm_n5_011|grm_n5_029|grm_n5_005,では|の後で|を|てはいけません|てもいいです|が|まで|で,kanji_n5_031|kanji_n5_021|kanji_n5_007|kanji_n5_014|kanji_n5_019|kanji_n5_006|kanji_n5_012|kanji_n5_076|kanji_n5_047|kanji_n5_029,学生十時後大出友午九,{},true,true,true,original_curated_app_seed_inspired_by_jlpt_n5_reading_item_formats,https://www.jlpt.jp/e/samples/forlearners.html,curated_original_needs_native_review,Original N5-style reading passage. Not copied from official JLPT.
read_n5_0036,N5,curated_original_reading_n5,36,job_ad,アルバイト募集,,job_ad,4,ad,アルバイト募集。駅前のパン屋で働く人を探しています。時間は朝六時から十時までです。土曜日と日曜日に働くことができる人がいいです。時給は千二百円です。,Arubaito boshuu. Ekimae no pan'ya de hataraku hito o sagashite imasu. Jikan wa asa roku-ji kara juu-ji made desu. Doyoubi to nichiyoubi ni hataraku koto ga dekiru hito ga ii desu. Jikyuu wa sen-nihyaku-en desu.,Lowongan kerja paruh waktu. Toko roti depan stasiun mencari orang untuk bekerja. Waktunya jam 6 sampai 10 pagi. Diutamakan orang yang bisa bekerja Sabtu dan Minggu. Upah per jam 1200 yen.,74,95,3,vocab_n5_0535|vocab_n5_0564|vocab_n5_0294|vocab_n5_0012|vocab_n5_0470|vocab_n5_0501|vocab_n5_0430,アルバイト|募集|駅前|パン屋|働く|人|探す|時間|朝|六時|十時|土曜日|日曜日|できる|時給|千二百円,grm_n5_052|grm_n5_005|grm_n5_023|grm_n5_029|grm_n5_048|grm_n5_113,の|で|人を探しています|から|まで|に|ことができる|がいいです,kanji_n5_083|kanji_n5_020|kanji_n5_004|kanji_n5_014|kanji_n5_023|kanji_n5_037|kanji_n5_007|kanji_n5_061|kanji_n5_001|kanji_n5_053|kanji_n5_008|kanji_n5_048|kanji_n5_033,駅前人時間六十土日千二百円,{},true,true,true,original_curated_app_seed_inspired_by_jlpt_n5_reading_item_formats,https://www.jlpt.jp/e/samples/forlearners.html,curated_original_needs_native_review,Original N5-style reading passage. Not copied from official JLPT.
read_n5_0037,N5,curated_original_reading_n5,37,train_schedule,電車の時間,,schedule_transport,4,schedule,次の電車は八時二十分です。その次は八時五十分です。京都へ行く人は、二番線で待ってください。大阪へ行く電車は三番線です。,"Tsugi no densha wa hachi-ji nijuppun desu. Sono tsugi wa hachi-ji gojuppun desu. Kyouto e iku hito wa, ni-ban-sen de matte kudasai. Oosaka e iku densha wa san-ban-sen desu.","Kereta berikutnya pukul 8:20. Berikutnya lagi pukul 8:50. Orang yang pergi ke Kyoto, tunggu di jalur 2. Kereta menuju Osaka ada di jalur 3.",59,84,3,vocab_n5_0415|vocab_n5_0440|vocab_n5_0049|vocab_n5_0564|vocab_n5_0628,次|電車|八時二十分|その次|八時五十分|京都|行く|人|二番線|待つ|大阪|三番線,grm_n5_052|grm_n5_079|grm_n5_109|grm_n5_005|grm_n5_072,の|は|その|へ行く人|で|てください,kanji_n5_058|kanji_n5_065|kanji_n5_036|kanji_n5_014|kanji_n5_008|kanji_n5_007|kanji_n5_018|kanji_n5_022|kanji_n5_015|kanji_n5_004|kanji_n5_006|kanji_n5_013,電車八時二十分五行人大三,"{""schedule"": [{""train"": ""next"", ""time"": ""08:20""}, {""train"": ""following"", ""time"": ""08:50""}, {""destination"": ""京都"", ""platform"": 2}, {""destination"": ""大阪"", ""platform"": 3}]}",true,true,true,original_curated_app_seed_inspired_by_jlpt_n5_reading_item_formats,https://www.jlpt.jp/e/samples/forlearners.html,curated_original_needs_native_review,Original N5-style reading passage. Not copied from official JLPT.
read_n5_0038,N5,curated_original_reading_n5,38,weather_forecast,天気予報,,weather_forecast,4,forecast,明日の天気です。朝はくもりです。昼から雨が降ります。気温は二十度ぐらいです。傘を持って出かけたほうがいいです。,Ashita no tenki desu. Asa wa kumori desu. Hiru kara ame ga furimasu. Kion wa nijuu-do gurai desu. Kasa o motte dekaketa hou ga ii desu.,Cuaca besok. Pagi berawan. Mulai siang hujan turun. Suhu sekitar 20 derajat. Sebaiknya membawa payung saat keluar.,55,81,3,vocab_n5_0016|vocab_n5_0438|vocab_n5_0012|vocab_n5_0224|vocab_n5_0573|vocab_n5_0037|vocab_n5_0588|vocab_n5_0160|vocab_n5_0661|vocab_n5_0428,明日|天気|朝|くもり|昼|雨|降る|気温|二十度|ぐらい|傘|持つ|出かける,grm_n5_052|grm_n5_079|grm_n5_023|grm_n5_011|grm_n5_085|grm_n5_060,の|は|から|が|ぐらい|を|たほうがいい,kanji_n5_001|kanji_n5_071|kanji_n5_040|kanji_n5_080|kanji_n5_008|kanji_n5_007|kanji_n5_012,日天気雨二十出,{},true,true,true,original_curated_app_seed_inspired_by_jlpt_n5_reading_item_formats,https://www.jlpt.jp/e/samples/forlearners.html,curated_original_needs_native_review,Original N5-style reading passage. Not copied from official JLPT.
read_n5_0039,N5,curated_original_reading_n5,39,clinic_hours,クリニックの時間,,health_notice,4,notice,さくらクリニックは、午前九時から十二時まで、午後二時から五時まで開いています。水曜日の午後と日曜日は休みです。初めての人は、保険証を持って来てください。,"Sakura kurinikku wa, gozen ku-ji kara juu-ni-ji made, gogo ni-ji kara go-ji made aite imasu. Suiyoubi no gogo to nichiyoubi wa yasumi desu. Hajimete no hito wa, hokenshou o motte kite kudasai.","Klinik Sakura buka pukul 09.00–12.00 dan 14.00–17.00. Rabu sore dan Minggu libur. Orang yang pertama kali datang, tolong bawa kartu asuransi.",76,97,3,vocab_n5_0256|vocab_n5_0253|vocab_n5_0009|vocab_n5_0328|vocab_n5_0501|vocab_n5_0671|vocab_n5_0530|vocab_n5_0564|vocab_n5_0661|vocab_n5_0230,クリニック|午前|九時|十二時|午後|二時|五時|開く|水曜日|日曜日|休み|初めて|人|保険証|持つ|来る,grm_n5_079|grm_n5_023|grm_n5_029|grm_n5_052|grm_n5_075|grm_n5_072,は|から|まで|ています|の|と|てください,kanji_n5_047|kanji_n5_020|kanji_n5_029|kanji_n5_014|kanji_n5_007|kanji_n5_008|kanji_n5_019|kanji_n5_022|kanji_n5_054|kanji_n5_001|kanji_n5_078|kanji_n5_004|kanji_n5_039,午前九時十二後五水日休人来,{},true,true,true,original_curated_app_seed_inspired_by_jlpt_n5_reading_item_formats,https://www.jlpt.jp/e/samples/forlearners.html,curated_original_needs_native_review,Original N5-style reading passage. Not copied from official JLPT.
read_n5_0040,N5,curated_original_reading_n5,40,culture_festival,文化祭,,school_event,4,notice,来月、学校で文化祭があります。私のクラスはインドネシアの料理を作ります。食べ物は午前十一時から売ります。午後には歌の発表もあります。,"Raigetsu, gakkou de bunkasai ga arimasu. Watashi no kurasu wa Indoneshia no ryouri o tsukurimasu. Tabemono wa gozen juuichi-ji kara urimasu. Gogo ni wa uta no happyou mo arimasu.",Bulan depan ada festival budaya di sekolah. Kelas saya membuat masakan Indonesia. Makanan dijual mulai jam 11 pagi. Sore/siang juga ada pertunjukan lagu.,66,89,3,vocab_n5_0693|vocab_n5_0168|vocab_n5_0714|vocab_n5_0228|vocab_n5_0701|vocab_n5_0418|vocab_n5_0392|vocab_n5_0256|vocab_n5_0084|vocab_n5_0253|vocab_n5_0079,来月|学校|文化祭|私|クラス|インドネシア|料理|作る|食べ物|午前|十一時|売る|午後|歌|発表,grm_n5_005|grm_n5_012|grm_n5_052|grm_n5_079|grm_n5_060|grm_n5_023|grm_n5_034,で|があります|の|は|を|から|には|も,kanji_n5_039|kanji_n5_017|kanji_n5_031|kanji_n5_059|kanji_n5_064|kanji_n5_047|kanji_n5_020|kanji_n5_007|kanji_n5_002|kanji_n5_014|kanji_n5_019,来月学校食午前十一時後,{},true,true,true,original_curated_app_seed_inspired_by_jlpt_n5_reading_item_formats,https://www.jlpt.jp/e/samples/forlearners.html,curated_original_needs_native_review,Original N5-style reading passage. Not copied from official JLPT.
read_n5_0041,N5,curated_original_reading_n5,41,final_mika_reading,読解チェック,,mixed_review,5,mixed,ミカさんは毎週土曜日に日本語を勉強しています。先月から漢字も始めました。漢字は難しいですが、駅や店の名前を読むことができるようになりました。来月、友達と日本へ旅行しますから、もっと勉強したいです。,"Mika-san wa maishuu doyoubi ni nihongo o benkyou shite imasu. Sengetsu kara kanji mo hajimemashita. Kanji wa muzukashii desu ga, eki ya mise no namae o yomu koto ga dekiru you ni narimashita. Raigetsu, tomodachi to Nihon e ryokou shimasu kara, motto benkyou shitai desu.","Mika belajar bahasa Jepang setiap Sabtu. Sejak bulan lalu ia juga mulai kanji. Kanji sulit, tetapi ia jadi bisa membaca nama stasiun dan toko. Bulan depan ia bepergian ke Jepang dengan teman, jadi ia ingin belajar lebih banyak.",98,123,3,vocab_n5_0617|vocab_n5_0470|vocab_n5_0353|vocab_n5_0188|vocab_n5_0652|vocab_n5_0092|vocab_n5_0639|vocab_n5_0490|vocab_n5_0690|vocab_n5_0430|vocab_n5_0693|vocab_n5_0469|vocab_n5_0662,毎週|土曜日|日本語|勉強する|先月|漢字|始める|難しい|駅|店|名前|読む|できる|来月|友達|日本|旅行する|もっと,grm_n5_048|grm_n5_023|grm_n5_034|grm_n5_092|grm_n5_082|grm_n5_052|grm_n5_113|grm_n5_067,に|ています|から|も|ました|ですが|や|の|ことができる|ようになりました|たい,kanji_n5_069|kanji_n5_094|kanji_n5_061|kanji_n5_001|kanji_n5_009|kanji_n5_060|kanji_n5_050|kanji_n5_017|kanji_n5_083|kanji_n5_099|kanji_n5_051|kanji_n5_020|kanji_n5_075|kanji_n5_039|kanji_n5_076|kanji_n5_015,毎週土日本語先月駅店名前読来友行,{},true,true,true,original_curated_app_seed_inspired_by_jlpt_n5_reading_item_formats,https://www.jlpt.jp/e/samples/forlearners.html,curated_original_needs_native_review,Original N5-style reading passage. Not copied from official JLPT.
