id,jlpt_level,passage_id,passage_key,display_order,question_order,question_type,skill_focus,question_jp,question_romaji,question_id,choices_json,correct_answer_json,explanation_id,difficulty_order,points,time_limit_seconds,quiz_template_key,recommended_for_mvp,source_basis,source_url,review_status,notes
read_q_n5_0001,N5,read_n5_0001,self_intro_aya,1,1,multiple_choice_single,detail,アヤさんは何人ですか。,,Aya orang apa?,"[{""id"": ""c1"", ""text"": ""インドネシア人"", ""is_correct"": true}, {""id"": ""c2"", ""text"": ""日本人"", ""is_correct"": false}, {""id"": ""c3"", ""text"": ""先生"", ""is_correct"": false}, {""id"": ""c4"", ""text"": ""会社員"", ""is_correct"": false}]","{""correct_choice_id"": ""c1"", ""correct_value"": ""インドネシア人""}",Teks menyebut インドネシア人です。,1,2,60,reading_comprehension_choice,true,original_curated_app_seed_inspired_by_jlpt_n5_reading_item_formats,https://www.jlpt.jp/e/samples/forlearners.html,curated_original_needs_native_review,Original reading question. Not copied from official JLPT.
read_q_n5_0002,N5,read_n5_0001,self_intro_aya,2,2,multiple_choice_single,detail,アヤさんは毎日何を勉強しますか。,,Aya belajar apa setiap hari?,"[{""id"": ""c1"", ""text"": ""日本語"", ""is_correct"": true}, {""id"": ""c2"", ""text"": ""英語"", ""is_correct"": false}, {""id"": ""c3"", ""text"": ""数学"", ""is_correct"": false}, {""id"": ""c4"", ""text"": ""料理"", ""is_correct"": false}]","{""correct_choice_id"": ""c1"", ""correct_value"": ""日本語""}",Teks menyebut 毎日、日本語を勉強します。,1,2,60,reading_comprehension_choice,true,original_curated_app_seed_inspired_by_jlpt_n5_reading_item_formats,https://www.jlpt.jp/e/samples/forlearners.html,curated_original_needs_native_review,Original reading question. Not copied from official JLPT.
read_q_n5_0003,N5,read_n5_0001,self_intro_aya,3,3,true_false,verification,アヤさんは大学生です。,,Aya adalah mahasiswa.,"[{""id"": ""c1"", ""text"": ""正しい"", ""is_correct"": true}, {""id"": ""c2"", ""text"": ""正しくない"", ""is_correct"": false}]","{""correct_choice_id"": ""c1"", ""correct_value"": ""正しい"", ""is_true"": true}",Teks menyebut 大学生です。,1,1,45,reading_true_false,true,original_curated_app_seed_inspired_by_jlpt_n5_reading_item_formats,https://www.jlpt.jp/e/samples/forlearners.html,curated_original_needs_native_review,Original reading question. Not copied from official JLPT.
read_q_n5_0004,N5,read_n5_0002,daily_morning_taro,4,1,multiple_choice_single,detail,太郎さんは何時に起きますか。,,Taro bangun jam berapa?,"[{""id"": ""c1"", ""text"": ""六時"", ""is_correct"": true}, {""id"": ""c2"", ""text"": ""七時"", ""is_correct"": false}, {""id"": ""c3"", ""text"": ""八時"", ""is_correct"": false}, {""id"": ""c4"", ""text"": ""九時"", ""is_correct"": false}]","{""correct_choice_id"": ""c1"", ""correct_value"": ""六時""}",Teks menyebut 六時に起きます。,1,2,60,reading_comprehension_choice,true,original_curated_app_seed_inspired_by_jlpt_n5_reading_item_formats,https://www.jlpt.jp/e/samples/forlearners.html,curated_original_needs_native_review,Original reading question. Not copied from official JLPT.
read_q_n5_0005,N5,read_n5_0002,daily_morning_taro,5,2,multiple_choice_single,detail,太郎さんは何で学校へ行きますか。,,Taro pergi ke sekolah dengan apa?,"[{""id"": ""c1"", ""text"": ""自転車"", ""is_correct"": true}, {""id"": ""c2"", ""text"": ""電車"", ""is_correct"": false}, {""id"": ""c3"", ""text"": ""バス"", ""is_correct"": false}, {""id"": ""c4"", ""text"": ""歩いて"", ""is_correct"": false}]","{""correct_choice_id"": ""c1"", ""correct_value"": ""自転車""}",Teks menyebut 自転車で行きます。,1,2,60,reading_comprehension_choice,true,original_curated_app_seed_inspired_by_jlpt_n5_reading_item_formats,https://www.jlpt.jp/e/samples/forlearners.html,curated_original_needs_native_review,Original reading question. Not copied from official JLPT.
read_q_n5_0006,N5,read_n5_0002,daily_morning_taro,6,3,true_false,verification,太郎さんは七時に家を出ます。,,Taro keluar rumah jam tujuh.,"[{""id"": ""c1"", ""text"": ""正しい"", ""is_correct"": false}, {""id"": ""c2"", ""text"": ""正しくない"", ""is_correct"": true}]","{""correct_choice_id"": ""c2"", ""correct_value"": ""正しくない"", ""is_true"": false}",Teks menyebut 八時に家を出ます。,1,1,45,reading_true_false,true,original_curated_app_seed_inspired_by_jlpt_n5_reading_item_formats,https://www.jlpt.jp/e/samples/forlearners.html,curated_original_needs_native_review,Original reading question. Not copied from official JLPT.
read_q_n5_0007,N5,read_n5_0003,school_test,7,1,multiple_choice_single,detail,今日は何曜日ですか。,,Hari ini hari apa?,"[{""id"": ""c1"", ""text"": ""月曜日"", ""is_correct"": true}, {""id"": ""c2"", ""text"": ""火曜日"", ""is_correct"": false}, {""id"": ""c3"", ""text"": ""日曜日"", ""is_correct"": false}, {""id"": ""c4"", ""text"": ""金曜日"", ""is_correct"": false}]","{""correct_choice_id"": ""c1"", ""correct_value"": ""月曜日""}",Teks menyebut 今日は月曜日です。,1,2,60,reading_comprehension_choice,true,original_curated_app_seed_inspired_by_jlpt_n5_reading_item_formats,https://www.jlpt.jp/e/samples/forlearners.html,curated_original_needs_native_review,Original reading question. Not copied from official JLPT.
read_q_n5_0008,N5,read_n5_0003,school_test,8,2,multiple_choice_single,detail,テストは何時からですか。,,Tes mulai jam berapa?,"[{""id"": ""c1"", ""text"": ""午前十時"", ""is_correct"": true}, {""id"": ""c2"", ""text"": ""午前八時"", ""is_correct"": false}, {""id"": ""c3"", ""text"": ""午後十時"", ""is_correct"": false}, {""id"": ""c4"", ""text"": ""昼休み"", ""is_correct"": false}]","{""correct_choice_id"": ""c1"", ""correct_value"": ""午前十時""}",Teks menyebut 午前十時からです。,1,2,60,reading_comprehension_choice,true,original_curated_app_seed_inspired_by_jlpt_n5_reading_item_formats,https://www.jlpt.jp/e/samples/forlearners.html,curated_original_needs_native_review,Original reading question. Not copied from official JLPT.
read_q_n5_0009,N5,read_n5_0003,school_test,9,3,true_false,verification,昼休みに友達とパンを食べます。,,"Saat istirahat siang, ia makan roti dengan teman.","[{""id"": ""c1"", ""text"": ""正しい"", ""is_correct"": true}, {""id"": ""c2"", ""text"": ""正しくない"", ""is_correct"": false}]","{""correct_choice_id"": ""c1"", ""correct_value"": ""正しい"", ""is_true"": true}",Kalimat terakhir menyebut hal itu.,1,1,45,reading_true_false,true,original_curated_app_seed_inspired_by_jlpt_n5_reading_item_formats,https://www.jlpt.jp/e/samples/forlearners.html,curated_original_needs_native_review,Original reading question. Not copied from official JLPT.
read_q_n5_0010,N5,read_n5_0004,family_photo,10,1,multiple_choice_single,detail,父は何ですか。,,Ayahnya bekerja sebagai apa?,"[{""id"": ""c1"", ""text"": ""会社員"", ""is_correct"": true}, {""id"": ""c2"", ""text"": ""先生"", ""is_correct"": false}, {""id"": ""c3"", ""text"": ""医者"", ""is_correct"": false}, {""id"": ""c4"", ""text"": ""学生"", ""is_correct"": false}]","{""correct_choice_id"": ""c1"", ""correct_value"": ""会社員""}",Teks menyebut 父は会社員です。,1,2,60,reading_comprehension_choice,true,original_curated_app_seed_inspired_by_jlpt_n5_reading_item_formats,https://www.jlpt.jp/e/samples/forlearners.html,curated_original_needs_native_review,Original reading question. Not copied from official JLPT.
read_q_n5_0011,N5,read_n5_0004,family_photo,11,2,multiple_choice_single,detail,妹は何歳ですか。,,Adik perempuannya umur berapa?,"[{""id"": ""c1"", ""text"": ""十歳"", ""is_correct"": true}, {""id"": ""c2"", ""text"": ""八歳"", ""is_correct"": false}, {""id"": ""c3"", ""text"": ""二十歳"", ""is_correct"": false}, {""id"": ""c4"", ""text"": ""六歳"", ""is_correct"": false}]","{""correct_choice_id"": ""c1"", ""correct_value"": ""十歳""}",Teks menyebut 妹は十歳です。,1,2,60,reading_comprehension_choice,true,original_curated_app_seed_inspired_by_jlpt_n5_reading_item_formats,https://www.jlpt.jp/e/samples/forlearners.html,curated_original_needs_native_review,Original reading question. Not copied from official JLPT.
read_q_n5_0012,N5,read_n5_0004,family_photo,12,3,true_false,verification,この家族には犬がいます。,,Keluarga ini punya/ada anjing.,"[{""id"": ""c1"", ""text"": ""正しい"", ""is_correct"": true}, {""id"": ""c2"", ""text"": ""正しくない"", ""is_correct"": false}]","{""correct_choice_id"": ""c1"", ""correct_value"": ""正しい"", ""is_true"": true}",Teks menyebut 犬もいます。,1,1,45,reading_true_false,true,original_curated_app_seed_inspired_by_jlpt_n5_reading_item_formats,https://www.jlpt.jp/e/samples/forlearners.html,curated_original_needs_native_review,Original reading question. Not copied from official JLPT.
read_q_n5_0013,N5,read_n5_0005,room_items,13,1,multiple_choice_single,detail,本はどこにありますか。,,Buku ada di mana?,"[{""id"": ""c1"", ""text"": ""机の上"", ""is_correct"": true}, {""id"": ""c2"", ""text"": ""ベッドの下"", ""is_correct"": false}, {""id"": ""c3"", ""text"": ""窓の近く"", ""is_correct"": false}, {""id"": ""c4"", ""text"": ""かばんの中"", ""is_correct"": false}]","{""correct_choice_id"": ""c1"", ""correct_value"": ""机の上""}",Teks menyebut 机の上に本が三冊あります。,1,2,60,reading_comprehension_choice,true,original_curated_app_seed_inspired_by_jlpt_n5_reading_item_formats,https://www.jlpt.jp/e/samples/forlearners.html,curated_original_needs_native_review,Original reading question. Not copied from official JLPT.
read_q_n5_0014,N5,read_n5_0005,room_items,14,2,multiple_choice_single,detail,かばんはどこにありますか。,,Tas ada di mana?,"[{""id"": ""c1"", ""text"": ""ベッドの下"", ""is_correct"": true}, {""id"": ""c2"", ""text"": ""机の上"", ""is_correct"": false}, {""id"": ""c3"", ""text"": ""窓の外"", ""is_correct"": false}, {""id"": ""c4"", ""text"": ""花の近く"", ""is_correct"": false}]","{""correct_choice_id"": ""c1"", ""correct_value"": ""ベッドの下""}",Teks menyebut ベッドの下にかばんがあります。,1,2,60,reading_comprehension_choice,true,original_curated_app_seed_inspired_by_jlpt_n5_reading_item_formats,https://www.jlpt.jp/e/samples/forlearners.html,curated_original_needs_native_review,Original reading question. Not copied from official JLPT.
read_q_n5_0015,N5,read_n5_0005,room_items,15,3,true_false,verification,部屋は大きいです。,,Kamarnya besar.,"[{""id"": ""c1"", ""text"": ""正しい"", ""is_correct"": false}, {""id"": ""c2"", ""text"": ""正しくない"", ""is_correct"": true}]","{""correct_choice_id"": ""c2"", ""correct_value"": ""正しくない"", ""is_true"": false}",Teks menyebut 部屋は小さいです。,1,1,45,reading_true_false,true,original_curated_app_seed_inspired_by_jlpt_n5_reading_item_formats,https://www.jlpt.jp/e/samples/forlearners.html,curated_original_needs_native_review,Original reading question. Not copied from official JLPT.
read_q_n5_0016,N5,read_n5_0006,shopping_bag,16,1,multiple_choice_single,detail,何を買いましたか。,,Apa yang dibeli?,"[{""id"": ""c1"", ""text"": ""りんごと牛乳"", ""is_correct"": true}, {""id"": ""c2"", ""text"": ""パンと卵"", ""is_correct"": false}, {""id"": ""c3"", ""text"": ""魚と肉"", ""is_correct"": false}, {""id"": ""c4"", ""text"": ""本とペン"", ""is_correct"": false}]","{""correct_choice_id"": ""c1"", ""correct_value"": ""りんごと牛乳""}",Teks menyebut りんごを三つと牛乳を一本買いました。,1,2,60,reading_comprehension_choice,true,original_curated_app_seed_inspired_by_jlpt_n5_reading_item_formats,https://www.jlpt.jp/e/samples/forlearners.html,curated_original_needs_native_review,Original reading question. Not copied from official JLPT.
read_q_n5_0017,N5,read_n5_0006,shopping_bag,17,2,multiple_choice_single,detail,全部でいくらでしたか。,,Totalnya berapa?,"[{""id"": ""c1"", ""text"": ""六百円"", ""is_correct"": true}, {""id"": ""c2"", ""text"": ""三百円"", ""is_correct"": false}, {""id"": ""c3"", ""text"": ""百円"", ""is_correct"": false}, {""id"": ""c4"", ""text"": ""千円"", ""is_correct"": false}]","{""correct_choice_id"": ""c1"", ""correct_value"": ""六百円""}",Teks menyebut 全部で六百円でした。,1,2,60,reading_comprehension_choice,true,original_curated_app_seed_inspired_by_jlpt_n5_reading_item_formats,https://www.jlpt.jp/e/samples/forlearners.html,curated_original_needs_native_review,Original reading question. Not copied from official JLPT.
read_q_n5_0018,N5,read_n5_0006,shopping_bag,18,3,true_false,verification,スーパーへ午前に行きました。,,Ia pergi ke supermarket pada pagi hari.,"[{""id"": ""c1"", ""text"": ""正しい"", ""is_correct"": false}, {""id"": ""c2"", ""text"": ""正しくない"", ""is_correct"": true}]","{""correct_choice_id"": ""c2"", ""correct_value"": ""正しくない"", ""is_true"": false}",Teks menyebut 午後。,1,1,45,reading_true_false,true,original_curated_app_seed_inspired_by_jlpt_n5_reading_item_formats,https://www.jlpt.jp/e/samples/forlearners.html,curated_original_needs_native_review,Original reading question. Not copied from official JLPT.
read_q_n5_0019,N5,read_n5_0007,restaurant_menu,19,1,multiple_choice_single,detail,カレーはいくらですか。,,Kari harganya berapa?,"[{""id"": ""c1"", ""text"": ""七百円"", ""is_correct"": true}, {""id"": ""c2"", ""text"": ""六百円"", ""is_correct"": false}, {""id"": ""c3"", ""text"": ""三百円"", ""is_correct"": false}, {""id"": ""c4"", ""text"": ""無料"", ""is_correct"": false}]","{""correct_choice_id"": ""c1"", ""correct_value"": ""七百円""}",Teks menyebut カレーは七百円です。,1,2,60,reading_comprehension_choice,true,original_curated_app_seed_inspired_by_jlpt_n5_reading_item_formats,https://www.jlpt.jp/e/samples/forlearners.html,curated_original_needs_native_review,Original reading question. Not copied from official JLPT.
read_q_n5_0020,N5,read_n5_0007,restaurant_menu,20,2,multiple_choice_single,detail,無料のものは何ですか。,,Yang gratis apa?,"[{""id"": ""c1"", ""text"": ""水"", ""is_correct"": true}, {""id"": ""c2"", ""text"": ""コーヒー"", ""is_correct"": false}, {""id"": ""c3"", ""text"": ""ラーメン"", ""is_correct"": false}, {""id"": ""c4"", ""text"": ""カレー"", ""is_correct"": false}]","{""correct_choice_id"": ""c1"", ""correct_value"": ""水""}",Teks menyebut 水は無料です。,1,2,60,reading_comprehension_choice,true,original_curated_app_seed_inspired_by_jlpt_n5_reading_item_formats,https://www.jlpt.jp/e/samples/forlearners.html,curated_original_needs_native_review,Original reading question. Not copied from official JLPT.
read_q_n5_0021,N5,read_n5_0007,restaurant_menu,21,3,true_false,verification,ラーメンはカレーより高いです。,,Ramen lebih mahal daripada kari.,"[{""id"": ""c1"", ""text"": ""正しい"", ""is_correct"": false}, {""id"": ""c2"", ""text"": ""正しくない"", ""is_correct"": true}]","{""correct_choice_id"": ""c2"", ""correct_value"": ""正しくない"", ""is_true"": false}","Ramen 600 yen, kari 700 yen.",1,1,45,reading_true_false,true,original_curated_app_seed_inspired_by_jlpt_n5_reading_item_formats,https://www.jlpt.jp/e/samples/forlearners.html,curated_original_needs_native_review,Original reading question. Not copied from official JLPT.
read_q_n5_0022,N5,read_n5_0008,station_meeting,22,1,multiple_choice_single,detail,どこで会いますか。,,Bertemu di mana?,"[{""id"": ""c1"", ""text"": ""駅の前"", ""is_correct"": true}, {""id"": ""c2"", ""text"": ""学校の中"", ""is_correct"": false}, {""id"": ""c3"", ""text"": ""店の右"", ""is_correct"": false}, {""id"": ""c4"", ""text"": ""公園の後ろ"", ""is_correct"": false}]","{""correct_choice_id"": ""c1"", ""correct_value"": ""駅の前""}",Teks menyebut 駅の前で会いましょう。,1,2,60,reading_comprehension_choice,true,original_curated_app_seed_inspired_by_jlpt_n5_reading_item_formats,https://www.jlpt.jp/e/samples/forlearners.html,curated_original_needs_native_review,Original reading question. Not copied from official JLPT.
read_q_n5_0023,N5,read_n5_0008,station_meeting,23,2,multiple_choice_single,detail,時間はいつですか。,,Waktunya kapan?,"[{""id"": ""c1"", ""text"": ""九時半"", ""is_correct"": true}, {""id"": ""c2"", ""text"": ""九時"", ""is_correct"": false}, {""id"": ""c3"", ""text"": ""八時半"", ""is_correct"": false}, {""id"": ""c4"", ""text"": ""十時半"", ""is_correct"": false}]","{""correct_choice_id"": ""c1"", ""correct_value"": ""九時半""}",Teks menyebut 時間は九時半です。,1,2,60,reading_comprehension_choice,true,original_curated_app_seed_inspired_by_jlpt_n5_reading_item_formats,https://www.jlpt.jp/e/samples/forlearners.html,curated_original_needs_native_review,Original reading question. Not copied from official JLPT.
read_q_n5_0024,N5,read_n5_0008,station_meeting,24,3,true_false,verification,私は赤いかばんを持っています。,,Saya membawa tas merah.,"[{""id"": ""c1"", ""text"": ""正しい"", ""is_correct"": false}, {""id"": ""c2"", ""text"": ""正しくない"", ""is_correct"": true}]","{""correct_choice_id"": ""c2"", ""correct_value"": ""正しくない"", ""is_true"": false}",Teks menyebut 青いかばん。,1,1,45,reading_true_false,true,original_curated_app_seed_inspired_by_jlpt_n5_reading_item_formats,https://www.jlpt.jp/e/samples/forlearners.html,curated_original_needs_native_review,Original reading question. Not copied from official JLPT.
read_q_n5_0025,N5,read_n5_0009,library_notice,25,1,multiple_choice_single,detail,図書館は日曜日に開いていますか。,,Apakah perpustakaan buka hari Minggu?,"[{""id"": ""c1"", ""text"": ""いいえ、休みです"", ""is_correct"": true}, {""id"": ""c2"", ""text"": ""はい、午後六時までです"", ""is_correct"": false}, {""id"": ""c3"", ""text"": ""はい、午前九時からです"", ""is_correct"": false}, {""id"": ""c4"", ""text"": ""午後三時だけです"", ""is_correct"": false}]","{""correct_choice_id"": ""c1"", ""correct_value"": ""いいえ、休みです""}",Teks menyebut 日曜日は休みです。,2,2,60,reading_comprehension_choice,true,original_curated_app_seed_inspired_by_jlpt_n5_reading_item_formats,https://www.jlpt.jp/e/samples/forlearners.html,curated_original_needs_native_review,Original reading question. Not copied from official JLPT.
read_q_n5_0026,N5,read_n5_0009,library_notice,26,2,multiple_choice_single,detail,土曜日は何時までですか。,,Sabtu sampai jam berapa?,"[{""id"": ""c1"", ""text"": ""午後三時"", ""is_correct"": true}, {""id"": ""c2"", ""text"": ""午後六時"", ""is_correct"": false}, {""id"": ""c3"", ""text"": ""午前九時"", ""is_correct"": false}, {""id"": ""c4"", ""text"": ""午後九時"", ""is_correct"": false}]","{""correct_choice_id"": ""c1"", ""correct_value"": ""午後三時""}",Teks menyebut 土曜日は午後三時までです。,2,2,60,reading_comprehension_choice,true,original_curated_app_seed_inspired_by_jlpt_n5_reading_item_formats,https://www.jlpt.jp/e/samples/forlearners.html,curated_original_needs_native_review,Original reading question. Not copied from official JLPT.
read_q_n5_0027,N5,read_n5_0009,library_notice,27,3,true_false,verification,月曜日から金曜日まで、午後六時まで開いています。,,Senin sampai Jumat buka sampai jam enam sore.,"[{""id"": ""c1"", ""text"": ""正しい"", ""is_correct"": true}, {""id"": ""c2"", ""text"": ""正しくない"", ""is_correct"": false}]","{""correct_choice_id"": ""c1"", ""correct_value"": ""正しい"", ""is_true"": true}",Teks menyebut 月曜日から金曜日まで...午後六時まで。,2,1,45,reading_true_false,true,original_curated_app_seed_inspired_by_jlpt_n5_reading_item_formats,https://www.jlpt.jp/e/samples/forlearners.html,curated_original_needs_native_review,Original reading question. Not copied from official JLPT.
read_q_n5_0028,N5,read_n5_0010,class_schedule,28,1,multiple_choice_single,detail,一時間目は何ですか。,,Pelajaran pertama apa?,"[{""id"": ""c1"", ""text"": ""日本語"", ""is_correct"": true}, {""id"": ""c2"", ""text"": ""数学"", ""is_correct"": false}, {""id"": ""c3"", ""text"": ""英語"", ""is_correct"": false}, {""id"": ""c4"", ""text"": ""体育"", ""is_correct"": false}]","{""correct_choice_id"": ""c1"", ""correct_value"": ""日本語""}",Teks menyebut 一時間目は日本語です。,2,2,60,reading_comprehension_choice,true,original_curated_app_seed_inspired_by_jlpt_n5_reading_item_formats,https://www.jlpt.jp/e/samples/forlearners.html,curated_original_needs_native_review,Original reading question. Not copied from official JLPT.
read_q_n5_0029,N5,read_n5_0010,class_schedule,29,2,multiple_choice_single,detail,昼休みの後で何がありますか。,,Setelah istirahat siang ada apa?,"[{""id"": ""c1"", ""text"": ""英語"", ""is_correct"": true}, {""id"": ""c2"", ""text"": ""体育"", ""is_correct"": false}, {""id"": ""c3"", ""text"": ""日本語"", ""is_correct"": false}, {""id"": ""c4"", ""text"": ""数学"", ""is_correct"": false}]","{""correct_choice_id"": ""c1"", ""correct_value"": ""英語""}",Teks menyebut 昼休みの後で、英語があります。,2,2,60,reading_comprehension_choice,true,original_curated_app_seed_inspired_by_jlpt_n5_reading_item_formats,https://www.jlpt.jp/e/samples/forlearners.html,curated_original_needs_native_review,Original reading question. Not copied from official JLPT.
read_q_n5_0030,N5,read_n5_0010,class_schedule,30,3,true_false,verification,今日は体育があります。,,Hari ini ada olahraga.,"[{""id"": ""c1"", ""text"": ""正しい"", ""is_correct"": false}, {""id"": ""c2"", ""text"": ""正しくない"", ""is_correct"": true}]","{""correct_choice_id"": ""c2"", ""correct_value"": ""正しくない"", ""is_true"": false}",Teks menyebut 体育はありません。,2,1,45,reading_true_false,true,original_curated_app_seed_inspired_by_jlpt_n5_reading_item_formats,https://www.jlpt.jp/e/samples/forlearners.html,curated_original_needs_native_review,Original reading question. Not copied from official JLPT.
read_q_n5_0031,N5,read_n5_0011,weather_plan,31,1,multiple_choice_single,detail,私はどこへ行きたかったですか。,,Saya ingin pergi ke mana?,"[{""id"": ""c1"", ""text"": ""公園"", ""is_correct"": true}, {""id"": ""c2"", ""text"": ""学校"", ""is_correct"": false}, {""id"": ""c3"", ""text"": ""図書館"", ""is_correct"": false}, {""id"": ""c4"", ""text"": ""駅"", ""is_correct"": false}]","{""correct_choice_id"": ""c1"", ""correct_value"": ""公園""}",Teks menyebut 公園へ行きたかった。,2,2,60,reading_comprehension_choice,true,original_curated_app_seed_inspired_by_jlpt_n5_reading_item_formats,https://www.jlpt.jp/e/samples/forlearners.html,curated_original_needs_native_review,Original reading question. Not copied from official JLPT.
read_q_n5_0032,N5,read_n5_0011,weather_plan,32,2,multiple_choice_single,detail,家で何をしましたか。,,Di rumah melakukan apa?,"[{""id"": ""c1"", ""text"": ""本を読んで、音楽を聞きました"", ""is_correct"": true}, {""id"": ""c2"", ""text"": ""テレビを見て、寝ました"", ""is_correct"": false}, {""id"": ""c3"", ""text"": ""料理をして、食べました"", ""is_correct"": false}, {""id"": ""c4"", ""text"": ""勉強だけしました"", ""is_correct"": false}]","{""correct_choice_id"": ""c1"", ""correct_value"": ""本を読んで、音楽を聞きました""}",Teks menyebut 家で本を読んで、音楽を聞きました。,2,2,60,reading_comprehension_choice,true,original_curated_app_seed_inspired_by_jlpt_n5_reading_item_formats,https://www.jlpt.jp/e/samples/forlearners.html,curated_original_needs_native_review,Original reading question. Not copied from official JLPT.
read_q_n5_0033,N5,read_n5_0011,weather_plan,33,3,true_false,verification,午後、雨が止みました。,,Sore/siang hujan berhenti.,"[{""id"": ""c1"", ""text"": ""正しい"", ""is_correct"": true}, {""id"": ""c2"", ""text"": ""正しくない"", ""is_correct"": false}]","{""correct_choice_id"": ""c1"", ""correct_value"": ""正しい"", ""is_true"": true}",Kalimat terakhir menyebut 午後、雨が止みました。,2,1,45,reading_true_false,true,original_curated_app_seed_inspired_by_jlpt_n5_reading_item_formats,https://www.jlpt.jp/e/samples/forlearners.html,curated_original_needs_native_review,Original reading question. Not copied from official JLPT.
read_q_n5_0034,N5,read_n5_0012,doctor_visit,34,1,multiple_choice_single,detail,昨日、どこが痛かったですか。,,Kemarin bagian mana yang sakit?,"[{""id"": ""c1"", ""text"": ""頭"", ""is_correct"": true}, {""id"": ""c2"", ""text"": ""手"", ""is_correct"": false}, {""id"": ""c3"", ""text"": ""足"", ""is_correct"": false}, {""id"": ""c4"", ""text"": ""耳"", ""is_correct"": false}]","{""correct_choice_id"": ""c1"", ""correct_value"": ""頭""}",Teks menyebut 頭が痛かったです。,2,2,60,reading_comprehension_choice,true,original_curated_app_seed_inspired_by_jlpt_n5_reading_item_formats,https://www.jlpt.jp/e/samples/forlearners.html,curated_original_needs_native_review,Original reading question. Not copied from official JLPT.
read_q_n5_0035,N5,read_n5_0012,doctor_visit,35,2,multiple_choice_single,detail,医者は何と言いましたか。,,Dokter berkata apa?,"[{""id"": ""c1"", ""text"": ""薬を飲んで、早く寝てください"", ""is_correct"": true}, {""id"": ""c2"", ""text"": ""学校へ行ってください"", ""is_correct"": false}, {""id"": ""c3"", ""text"": ""水を買ってください"", ""is_correct"": false}, {""id"": ""c4"", ""text"": ""運動してください"", ""is_correct"": false}]","{""correct_choice_id"": ""c1"", ""correct_value"": ""薬を飲んで、早く寝てください""}",Kutipan dokter menyebut 薬を飲んで、早く寝てください。,2,2,60,reading_comprehension_choice,true,original_curated_app_seed_inspired_by_jlpt_n5_reading_item_formats,https://www.jlpt.jp/e/samples/forlearners.html,curated_original_needs_native_review,Original reading question. Not copied from official JLPT.
read_q_n5_0036,N5,read_n5_0012,doctor_visit,36,3,true_false,verification,私は学校へ行きました。,,Saya pergi ke sekolah.,"[{""id"": ""c1"", ""text"": ""正しい"", ""is_correct"": false}, {""id"": ""c2"", ""text"": ""正しくない"", ""is_correct"": true}]","{""correct_choice_id"": ""c2"", ""correct_value"": ""正しくない"", ""is_true"": false}",Teks menyebut 学校を休んで、病院へ行きました。,2,1,45,reading_true_false,true,original_curated_app_seed_inspired_by_jlpt_n5_reading_item_formats,https://www.jlpt.jp/e/samples/forlearners.html,curated_original_needs_native_review,Original reading question. Not copied from official JLPT.
read_q_n5_0037,N5,read_n5_0013,direction_postoffice,37,1,multiple_choice_single,detail,二つ目の角で、どちらに曲がりますか。,,"Di sudut kedua, belok ke mana?","[{""id"": ""c1"", ""text"": ""右"", ""is_correct"": true}, {""id"": ""c2"", ""text"": ""左"", ""is_correct"": false}, {""id"": ""c3"", ""text"": ""前"", ""is_correct"": false}, {""id"": ""c4"", ""text"": ""後ろ"", ""is_correct"": false}]","{""correct_choice_id"": ""c1"", ""correct_value"": ""右""}",Teks menyebut 右に曲がります。,2,2,60,reading_comprehension_choice,true,original_curated_app_seed_inspired_by_jlpt_n5_reading_item_formats,https://www.jlpt.jp/e/samples/forlearners.html,curated_original_needs_native_review,Original reading question. Not copied from official JLPT.
read_q_n5_0038,N5,read_n5_0013,direction_postoffice,38,2,multiple_choice_single,detail,郵便局はどこですか。,,Kantor pos ada di mana?,"[{""id"": ""c1"", ""text"": ""銀行の隣"", ""is_correct"": true}, {""id"": ""c2"", ""text"": ""駅の中"", ""is_correct"": false}, {""id"": ""c3"", ""text"": ""学校の前"", ""is_correct"": false}, {""id"": ""c4"", ""text"": ""公園の右"", ""is_correct"": false}]","{""correct_choice_id"": ""c1"", ""correct_value"": ""銀行の隣""}",Teks menyebut 郵便局は銀行の隣です。,2,2,60,reading_comprehension_choice,true,original_curated_app_seed_inspired_by_jlpt_n5_reading_item_formats,https://www.jlpt.jp/e/samples/forlearners.html,curated_original_needs_native_review,Original reading question. Not copied from official JLPT.
read_q_n5_0039,N5,read_n5_0013,direction_postoffice,39,3,true_false,verification,郵便局まで電車で五分です。,,Ke kantor pos lima menit dengan kereta.,"[{""id"": ""c1"", ""text"": ""正しい"", ""is_correct"": false}, {""id"": ""c2"", ""text"": ""正しくない"", ""is_correct"": true}]","{""correct_choice_id"": ""c2"", ""correct_value"": ""正しくない"", ""is_true"": false}",Teks menyebut 歩いて五分ぐらいです。,2,1,45,reading_true_false,true,original_curated_app_seed_inspired_by_jlpt_n5_reading_item_formats,https://www.jlpt.jp/e/samples/forlearners.html,curated_original_needs_native_review,Original reading question. Not copied from official JLPT.
read_q_n5_0040,N5,read_n5_0014,birthday_party,40,1,multiple_choice_single,detail,パーティーはどこでありますか。,,Pesta diadakan di mana?,"[{""id"": ""c1"", ""text"": ""私の家"", ""is_correct"": true}, {""id"": ""c2"", ""text"": ""学校"", ""is_correct"": false}, {""id"": ""c3"", ""text"": ""レストラン"", ""is_correct"": false}, {""id"": ""c4"", ""text"": ""公園"", ""is_correct"": false}]","{""correct_choice_id"": ""c1"", ""correct_value"": ""私の家""}",Teks menyebut 私の家で。,2,2,60,reading_comprehension_choice,true,original_curated_app_seed_inspired_by_jlpt_n5_reading_item_formats,https://www.jlpt.jp/e/samples/forlearners.html,curated_original_needs_native_review,Original reading question. Not copied from official JLPT.
read_q_n5_0041,N5,read_n5_0014,birthday_party,41,2,multiple_choice_single,detail,パーティーは何時までですか。,,Pesta sampai jam berapa?,"[{""id"": ""c1"", ""text"": ""午後四時"", ""is_correct"": true}, {""id"": ""c2"", ""text"": ""午後二時"", ""is_correct"": false}, {""id"": ""c3"", ""text"": ""午前四時"", ""is_correct"": false}, {""id"": ""c4"", ""text"": ""午後六時"", ""is_correct"": false}]","{""correct_choice_id"": ""c1"", ""correct_value"": ""午後四時""}",Teks menyebut 午後二時から四時まで。,2,2,60,reading_comprehension_choice,true,original_curated_app_seed_inspired_by_jlpt_n5_reading_item_formats,https://www.jlpt.jp/e/samples/forlearners.html,curated_original_needs_native_review,Original reading question. Not copied from official JLPT.
read_q_n5_0042,N5,read_n5_0014,birthday_party,42,3,true_false,verification,パーティーにケーキがあります。,,Ada kue di pesta.,"[{""id"": ""c1"", ""text"": ""正しい"", ""is_correct"": true}, {""id"": ""c2"", ""text"": ""正しくない"", ""is_correct"": false}]","{""correct_choice_id"": ""c1"", ""correct_value"": ""正しい"", ""is_true"": true}",Teks menyebut ケーキとジュースがあります。,2,1,45,reading_true_false,true,original_curated_app_seed_inspired_by_jlpt_n5_reading_item_formats,https://www.jlpt.jp/e/samples/forlearners.html,curated_original_needs_native_review,Original reading question. Not copied from official JLPT.
read_q_n5_0043,N5,read_n5_0015,part_time_job,43,1,multiple_choice_single,detail,いつアルバイトをしていますか。,,Kapan ia bekerja paruh waktu?,"[{""id"": ""c1"", ""text"": ""日曜日だけ"", ""is_correct"": true}, {""id"": ""c2"", ""text"": ""毎日"", ""is_correct"": false}, {""id"": ""c3"", ""text"": ""土曜日と日曜日"", ""is_correct"": false}, {""id"": ""c4"", ""text"": ""月曜日だけ"", ""is_correct"": false}]","{""correct_choice_id"": ""c1"", ""correct_value"": ""日曜日だけ""}",Teks menyebut 日曜日だけ。,3,3,90,reading_comprehension_choice,true,original_curated_app_seed_inspired_by_jlpt_n5_reading_item_formats,https://www.jlpt.jp/e/samples/forlearners.html,curated_original_needs_native_review,Original reading question. Not copied from official JLPT.
read_q_n5_0044,N5,read_n5_0015,part_time_job,44,2,multiple_choice_single,detail,仕事は何時から何時までですか。,,Kerjanya dari jam berapa sampai jam berapa?,"[{""id"": ""c1"", ""text"": ""朝九時から午後一時まで"", ""is_correct"": true}, {""id"": ""c2"", ""text"": ""朝八時から午後二時まで"", ""is_correct"": false}, {""id"": ""c3"", ""text"": ""午後一時から午後九時まで"", ""is_correct"": false}, {""id"": ""c4"", ""text"": ""朝九時から午後三時まで"", ""is_correct"": false}]","{""correct_choice_id"": ""c1"", ""correct_value"": ""朝九時から午後一時まで""}",Teks menyebut 朝九時から午後一時まで。,3,3,90,reading_comprehension_choice,true,original_curated_app_seed_inspired_by_jlpt_n5_reading_item_formats,https://www.jlpt.jp/e/samples/forlearners.html,curated_original_needs_native_review,Original reading question. Not copied from official JLPT.
read_q_n5_0045,N5,read_n5_0015,part_time_job,45,3,true_false,verification,仕事は忙しいですが、楽しいです。,,"Pekerjaannya sibuk, tetapi menyenangkan.","[{""id"": ""c1"", ""text"": ""正しい"", ""is_correct"": true}, {""id"": ""c2"", ""text"": ""正しくない"", ""is_correct"": false}]","{""correct_choice_id"": ""c1"", ""correct_value"": ""正しい"", ""is_true"": true}",Teks menyebut 忙しいですが、楽しいです。,3,2,60,reading_true_false,true,original_curated_app_seed_inspired_by_jlpt_n5_reading_item_formats,https://www.jlpt.jp/e/samples/forlearners.html,curated_original_needs_native_review,Original reading question. Not copied from official JLPT.
read_q_n5_0046,N5,read_n5_0016,weekend_plan,46,1,multiple_choice_single,detail,何を見に行きますか。,,Pergi menonton apa?,"[{""id"": ""c1"", ""text"": ""映画"", ""is_correct"": true}, {""id"": ""c2"", ""text"": ""テスト"", ""is_correct"": false}, {""id"": ""c3"", ""text"": ""テレビ"", ""is_correct"": false}, {""id"": ""c4"", ""text"": ""写真"", ""is_correct"": false}]","{""correct_choice_id"": ""c1"", ""correct_value"": ""映画""}",Teks menyebut 映画を見に行きます。,2,2,60,reading_comprehension_choice,true,original_curated_app_seed_inspired_by_jlpt_n5_reading_item_formats,https://www.jlpt.jp/e/samples/forlearners.html,curated_original_needs_native_review,Original reading question. Not copied from official JLPT.
read_q_n5_0047,N5,read_n5_0016,weekend_plan,47,2,multiple_choice_single,detail,映画は何時に始まりますか。,,Film mulai jam berapa?,"[{""id"": ""c1"", ""text"": ""午後五時"", ""is_correct"": true}, {""id"": ""c2"", ""text"": ""午後四時"", ""is_correct"": false}, {""id"": ""c3"", ""text"": ""午後六時"", ""is_correct"": false}, {""id"": ""c4"", ""text"": ""午前五時"", ""is_correct"": false}]","{""correct_choice_id"": ""c1"", ""correct_value"": ""午後五時""}",Teks menyebut 午後五時に始まります。,2,2,60,reading_comprehension_choice,true,original_curated_app_seed_inspired_by_jlpt_n5_reading_item_formats,https://www.jlpt.jp/e/samples/forlearners.html,curated_original_needs_native_review,Original reading question. Not copied from official JLPT.
read_q_n5_0048,N5,read_n5_0016,weekend_plan,48,3,true_false,verification,映画の後で晩ご飯を食べます。,,Makan malam setelah film.,"[{""id"": ""c1"", ""text"": ""正しい"", ""is_correct"": false}, {""id"": ""c2"", ""text"": ""正しくない"", ""is_correct"": true}]","{""correct_choice_id"": ""c2"", ""correct_value"": ""正しくない"", ""is_true"": false}",Teks menyebut その前に...晩ご飯を食べます。,2,1,45,reading_true_false,true,original_curated_app_seed_inspired_by_jlpt_n5_reading_item_formats,https://www.jlpt.jp/e/samples/forlearners.html,curated_original_needs_native_review,Original reading question. Not copied from official JLPT.
read_q_n5_0049,N5,read_n5_0017,lost_item,49,1,multiple_choice_single,detail,何を探していますか。,,Apa yang sedang dicari?,"[{""id"": ""c1"", ""text"": ""黒い傘"", ""is_correct"": true}, {""id"": ""c2"", ""text"": ""青いかばん"", ""is_correct"": false}, {""id"": ""c3"", ""text"": ""白い本"", ""is_correct"": false}, {""id"": ""c4"", ""text"": ""赤いペン"", ""is_correct"": false}]","{""correct_choice_id"": ""c1"", ""correct_value"": ""黒い傘""}",Teks menyebut 黒い傘を探しています。,3,3,90,reading_comprehension_choice,true,original_curated_app_seed_inspired_by_jlpt_n5_reading_item_formats,https://www.jlpt.jp/e/samples/forlearners.html,curated_original_needs_native_review,Original reading question. Not copied from official JLPT.
read_q_n5_0050,N5,read_n5_0017,lost_item,50,2,multiple_choice_single,detail,どこに忘れましたか。,,Lupa menaruh di mana?,"[{""id"": ""c1"", ""text"": ""図書館の前"", ""is_correct"": true}, {""id"": ""c2"", ""text"": ""駅の前"", ""is_correct"": false}, {""id"": ""c3"", ""text"": ""教室の中"", ""is_correct"": false}, {""id"": ""c4"", ""text"": ""事務室"", ""is_correct"": false}]","{""correct_choice_id"": ""c1"", ""correct_value"": ""図書館の前""}",Teks menyebut 図書館の前に忘れました。,3,3,90,reading_comprehension_choice,true,original_curated_app_seed_inspired_by_jlpt_n5_reading_item_formats,https://www.jlpt.jp/e/samples/forlearners.html,curated_original_needs_native_review,Original reading question. Not copied from official JLPT.
read_q_n5_0051,N5,read_n5_0017,lost_item,51,3,true_false,verification,傘に名前があります。,,Ada nama di payung.,"[{""id"": ""c1"", ""text"": ""正しい"", ""is_correct"": false}, {""id"": ""c2"", ""text"": ""正しくない"", ""is_correct"": true}]","{""correct_choice_id"": ""c2"", ""correct_value"": ""正しくない"", ""is_true"": false}",Teks menyebut 名前はありません。,3,2,60,reading_true_false,true,original_curated_app_seed_inspired_by_jlpt_n5_reading_item_formats,https://www.jlpt.jp/e/samples/forlearners.html,curated_original_needs_native_review,Original reading question. Not copied from official JLPT.
read_q_n5_0052,N5,read_n5_0018,email_teacher,52,1,multiple_choice_single,detail,どうして学校を休みますか。,,Kenapa tidak masuk sekolah?,"[{""id"": ""c1"", ""text"": ""熱がありますから"", ""is_correct"": true}, {""id"": ""c2"", ""text"": ""宿題がありませんから"", ""is_correct"": false}, {""id"": ""c3"", ""text"": ""雨ですから"", ""is_correct"": false}, {""id"": ""c4"", ""text"": ""テストがありますから"", ""is_correct"": false}]","{""correct_choice_id"": ""c1"", ""correct_value"": ""熱がありますから""}",Teks menyebut 熱がありますから。,3,3,90,reading_comprehension_choice,true,original_curated_app_seed_inspired_by_jlpt_n5_reading_item_formats,https://www.jlpt.jp/e/samples/forlearners.html,curated_original_needs_native_review,Original reading question. Not copied from official JLPT.
read_q_n5_0053,N5,read_n5_0018,email_teacher,53,2,multiple_choice_single,detail,宿題はいつ出しますか。,,PR dikumpulkan kapan?,"[{""id"": ""c1"", ""text"": ""明日"", ""is_correct"": true}, {""id"": ""c2"", ""text"": ""今日"", ""is_correct"": false}, {""id"": ""c3"", ""text"": ""昨日"", ""is_correct"": false}, {""id"": ""c4"", ""text"": ""来週"", ""is_correct"": false}]","{""correct_choice_id"": ""c1"", ""correct_value"": ""明日""}",Teks menyebut 宿題は明日出します。,3,3,90,reading_comprehension_choice,true,original_curated_app_seed_inspired_by_jlpt_n5_reading_item_formats,https://www.jlpt.jp/e/samples/forlearners.html,curated_original_needs_native_review,Original reading question. Not copied from official JLPT.
read_q_n5_0054,N5,read_n5_0018,email_teacher,54,3,true_false,verification,このメールは先生へのメールです。,,Email ini untuk guru.,"[{""id"": ""c1"", ""text"": ""正しい"", ""is_correct"": true}, {""id"": ""c2"", ""text"": ""正しくない"", ""is_correct"": false}]","{""correct_choice_id"": ""c1"", ""correct_value"": ""正しい"", ""is_true"": true}",Awal teks menyapa 先生。,3,2,60,reading_true_false,true,original_curated_app_seed_inspired_by_jlpt_n5_reading_item_formats,https://www.jlpt.jp/e/samples/forlearners.html,curated_original_needs_native_review,Original reading question. Not copied from official JLPT.
read_q_n5_0055,N5,read_n5_0019,pet_cat,55,1,multiple_choice_single,detail,猫の名前は何ですか。,,Nama kucingnya apa?,"[{""id"": ""c1"", ""text"": ""モモ"", ""is_correct"": true}, {""id"": ""c2"", ""text"": ""ミナ"", ""is_correct"": false}, {""id"": ""c3"", ""text"": ""タロウ"", ""is_correct"": false}, {""id"": ""c4"", ""text"": ""ハナ"", ""is_correct"": false}]","{""correct_choice_id"": ""c1"", ""correct_value"": ""モモ""}",Teks menyebut 名前はモモです。,2,2,60,reading_comprehension_choice,true,original_curated_app_seed_inspired_by_jlpt_n5_reading_item_formats,https://www.jlpt.jp/e/samples/forlearners.html,curated_original_needs_native_review,Original reading question. Not copied from official JLPT.
read_q_n5_0056,N5,read_n5_0019,pet_cat,56,2,multiple_choice_single,detail,猫は何が好きですか。,,Kucing suka apa?,"[{""id"": ""c1"", ""text"": ""魚"", ""is_correct"": true}, {""id"": ""c2"", ""text"": ""牛乳"", ""is_correct"": false}, {""id"": ""c3"", ""text"": ""パン"", ""is_correct"": false}, {""id"": ""c4"", ""text"": ""水"", ""is_correct"": false}]","{""correct_choice_id"": ""c1"", ""correct_value"": ""魚""}",Teks menyebut 魚が好きです。,2,2,60,reading_comprehension_choice,true,original_curated_app_seed_inspired_by_jlpt_n5_reading_item_formats,https://www.jlpt.jp/e/samples/forlearners.html,curated_original_needs_native_review,Original reading question. Not copied from official JLPT.
read_q_n5_0057,N5,read_n5_0019,pet_cat,57,3,true_false,verification,猫は牛乳をよく飲みます。,,Kucing sering minum susu.,"[{""id"": ""c1"", ""text"": ""正しい"", ""is_correct"": false}, {""id"": ""c2"", ""text"": ""正しくない"", ""is_correct"": true}]","{""correct_choice_id"": ""c2"", ""correct_value"": ""正しくない"", ""is_true"": false}",Teks menyebut 牛乳はあまり飲みません。,2,1,45,reading_true_false,true,original_curated_app_seed_inspired_by_jlpt_n5_reading_item_formats,https://www.jlpt.jp/e/samples/forlearners.html,curated_original_needs_native_review,Original reading question. Not copied from official JLPT.
read_q_n5_0058,N5,read_n5_0020,train_notice,58,1,multiple_choice_single,detail,どうして電車が遅れていますか。,,Kenapa kereta terlambat?,"[{""id"": ""c1"", ""text"": ""雨が強いですから"", ""is_correct"": true}, {""id"": ""c2"", ""text"": ""駅が休みですから"", ""is_correct"": false}, {""id"": ""c3"", ""text"": ""バスがありませんから"", ""is_correct"": false}, {""id"": ""c4"", ""text"": ""朝ですから"", ""is_correct"": false}]","{""correct_choice_id"": ""c1"", ""correct_value"": ""雨が強いですから""}",Teks menyebut 雨が強いですから。,3,3,90,reading_comprehension_choice,true,original_curated_app_seed_inspired_by_jlpt_n5_reading_item_formats,https://www.jlpt.jp/e/samples/forlearners.html,curated_original_needs_native_review,Original reading question. Not copied from official JLPT.
read_q_n5_0059,N5,read_n5_0020,train_notice,59,2,multiple_choice_single,detail,どこで待ちますか。,,Menunggu di mana?,"[{""id"": ""c1"", ""text"": ""駅"", ""is_correct"": true}, {""id"": ""c2"", ""text"": ""学校"", ""is_correct"": false}, {""id"": ""c3"", ""text"": ""バスの中"", ""is_correct"": false}, {""id"": ""c4"", ""text"": ""家"", ""is_correct"": false}]","{""correct_choice_id"": ""c1"", ""correct_value"": ""駅""}",Teks menyebut 駅で待ってください。,3,3,90,reading_comprehension_choice,true,original_curated_app_seed_inspired_by_jlpt_n5_reading_item_formats,https://www.jlpt.jp/e/samples/forlearners.html,curated_original_needs_native_review,Original reading question. Not copied from official JLPT.
read_q_n5_0060,N5,read_n5_0020,train_notice,60,3,true_false,verification,バスも使うことができます。,,Bus juga bisa digunakan.,"[{""id"": ""c1"", ""text"": ""正しい"", ""is_correct"": true}, {""id"": ""c2"", ""text"": ""正しくない"", ""is_correct"": false}]","{""correct_choice_id"": ""c1"", ""correct_value"": ""正しい"", ""is_true"": true}",Kalimat terakhir menyebut バスも使うことができます。,3,2,60,reading_true_false,true,original_curated_app_seed_inspired_by_jlpt_n5_reading_item_formats,https://www.jlpt.jp/e/samples/forlearners.html,curated_original_needs_native_review,Original reading question. Not copied from official JLPT.
read_q_n5_0061,N5,read_n5_0021,sports_day,61,1,multiple_choice_single,detail,運動会はいつですか。,,Acara olahraga kapan?,"[{""id"": ""c1"", ""text"": ""来週の金曜日"", ""is_correct"": true}, {""id"": ""c2"", ""text"": ""今週の日曜日"", ""is_correct"": false}, {""id"": ""c3"", ""text"": ""明日の朝"", ""is_correct"": false}, {""id"": ""c4"", ""text"": ""昨日"", ""is_correct"": false}]","{""correct_choice_id"": ""c1"", ""correct_value"": ""来週の金曜日""}",Teks menyebut 来週の金曜日。,3,3,90,reading_comprehension_choice,true,original_curated_app_seed_inspired_by_jlpt_n5_reading_item_formats,https://www.jlpt.jp/e/samples/forlearners.html,curated_original_needs_native_review,Original reading question. Not copied from official JLPT.
read_q_n5_0062,N5,read_n5_0021,sports_day,62,2,multiple_choice_single,detail,学生は何を着ますか。,,Siswa memakai apa?,"[{""id"": ""c1"", ""text"": ""白いシャツと黒いズボン"", ""is_correct"": true}, {""id"": ""c2"", ""text"": ""赤いシャツと白いズボン"", ""is_correct"": false}, {""id"": ""c3"", ""text"": ""青いかばん"", ""is_correct"": false}, {""id"": ""c4"", ""text"": ""黒いコート"", ""is_correct"": false}]","{""correct_choice_id"": ""c1"", ""correct_value"": ""白いシャツと黒いズボン""}",Teks menyebut 白いシャツと黒いズボン。,3,3,90,reading_comprehension_choice,true,original_curated_app_seed_inspired_by_jlpt_n5_reading_item_formats,https://www.jlpt.jp/e/samples/forlearners.html,curated_original_needs_native_review,Original reading question. Not copied from official JLPT.
read_q_n5_0063,N5,read_n5_0021,sports_day,63,3,true_false,verification,雨の時も運動会があります。,,Saat hujan pun acara olahraga tetap ada.,"[{""id"": ""c1"", ""text"": ""正しい"", ""is_correct"": false}, {""id"": ""c2"", ""text"": ""正しくない"", ""is_correct"": true}]","{""correct_choice_id"": ""c2"", ""correct_value"": ""正しくない"", ""is_true"": false}",Teks menyebut 雨の時は、運動会はありません。,3,2,60,reading_true_false,true,original_curated_app_seed_inspired_by_jlpt_n5_reading_item_formats,https://www.jlpt.jp/e/samples/forlearners.html,curated_original_needs_native_review,Original reading question. Not copied from official JLPT.
read_q_n5_0064,N5,read_n5_0022,apartment_notice,64,1,multiple_choice_single,detail,水を使うことができないのはいつですか。,,Kapan air tidak bisa digunakan?,"[{""id"": ""c1"", ""text"": ""明日の午前十時から十二時まで"", ""is_correct"": true}, {""id"": ""c2"", ""text"": ""今日の夜"", ""is_correct"": false}, {""id"": ""c3"", ""text"": ""明日の午後三時から"", ""is_correct"": false}, {""id"": ""c4"", ""text"": ""今日の朝"", ""is_correct"": false}]","{""correct_choice_id"": ""c1"", ""correct_value"": ""明日の午前十時から十二時まで""}",Teks menyebut 明日の午前十時から十二時まで。,3,3,90,reading_comprehension_choice,true,original_curated_app_seed_inspired_by_jlpt_n5_reading_item_formats,https://www.jlpt.jp/e/samples/forlearners.html,curated_original_needs_native_review,Original reading question. Not copied from official JLPT.
read_q_n5_0065,N5,read_n5_0022,apartment_notice,65,2,multiple_choice_single,detail,洗濯はいつまでにしますか。,,Cuci pakaian paling lambat kapan?,"[{""id"": ""c1"", ""text"": ""今日の夜までに"", ""is_correct"": true}, {""id"": ""c2"", ""text"": ""明日の昼までに"", ""is_correct"": false}, {""id"": ""c3"", ""text"": ""来週までに"", ""is_correct"": false}, {""id"": ""c4"", ""text"": ""今朝までに"", ""is_correct"": false}]","{""correct_choice_id"": ""c1"", ""correct_value"": ""今日の夜までに""}",Teks menyebut 今日の夜までにしてください。,3,3,90,reading_comprehension_choice,true,original_curated_app_seed_inspired_by_jlpt_n5_reading_item_formats,https://www.jlpt.jp/e/samples/forlearners.html,curated_original_needs_native_review,Original reading question. Not copied from official JLPT.
read_q_n5_0066,N5,read_n5_0022,apartment_notice,66,3,true_false,verification,明日、水は一日中使うことができません。,,Besok air tidak bisa digunakan seharian.,"[{""id"": ""c1"", ""text"": ""正しい"", ""is_correct"": false}, {""id"": ""c2"", ""text"": ""正しくない"", ""is_correct"": true}]","{""correct_choice_id"": ""c2"", ""correct_value"": ""正しくない"", ""is_true"": false}",Teks hanya menyebut 10時から12時まで。,3,2,60,reading_true_false,true,original_curated_app_seed_inspired_by_jlpt_n5_reading_item_formats,https://www.jlpt.jp/e/samples/forlearners.html,curated_original_needs_native_review,Original reading question. Not copied from official JLPT.
read_q_n5_0067,N5,read_n5_0023,club_activity,67,1,multiple_choice_single,detail,いつ練習しますか。,,Latihan kapan?,"[{""id"": ""c1"", ""text"": ""火曜日と木曜日"", ""is_correct"": true}, {""id"": ""c2"", ""text"": ""月曜日と水曜日"", ""is_correct"": false}, {""id"": ""c3"", ""text"": ""土曜日だけ"", ""is_correct"": false}, {""id"": ""c4"", ""text"": ""毎朝"", ""is_correct"": false}]","{""correct_choice_id"": ""c1"", ""correct_value"": ""火曜日と木曜日""}",Teks menyebut 火曜日と木曜日。,2,2,60,reading_comprehension_choice,true,original_curated_app_seed_inspired_by_jlpt_n5_reading_item_formats,https://www.jlpt.jp/e/samples/forlearners.html,curated_original_needs_native_review,Original reading question. Not copied from official JLPT.
read_q_n5_0068,N5,read_n5_0023,club_activity,68,2,multiple_choice_single,detail,何が少しできますか。,,Apa yang sedikit bisa dilakukan?,"[{""id"": ""c1"", ""text"": ""ピアノ"", ""is_correct"": true}, {""id"": ""c2"", ""text"": ""ギター"", ""is_correct"": false}, {""id"": ""c3"", ""text"": ""日本語"", ""is_correct"": false}, {""id"": ""c4"", ""text"": ""歌"", ""is_correct"": false}]","{""correct_choice_id"": ""c1"", ""correct_value"": ""ピアノ""}",Teks menyebut ピアノは少しできます。,2,2,60,reading_comprehension_choice,true,original_curated_app_seed_inspired_by_jlpt_n5_reading_item_formats,https://www.jlpt.jp/e/samples/forlearners.html,curated_original_needs_native_review,Original reading question. Not copied from official JLPT.
read_q_n5_0069,N5,read_n5_0023,club_activity,69,3,true_false,verification,ギターはもうできます。,,Gitar sudah bisa.,"[{""id"": ""c1"", ""text"": ""正しい"", ""is_correct"": false}, {""id"": ""c2"", ""text"": ""正しくない"", ""is_correct"": true}]","{""correct_choice_id"": ""c2"", ""correct_value"": ""正しくない"", ""is_true"": false}",Teks menyebut ギターはまだできません。,2,1,45,reading_true_false,true,original_curated_app_seed_inspired_by_jlpt_n5_reading_item_formats,https://www.jlpt.jp/e/samples/forlearners.html,curated_original_needs_native_review,Original reading question. Not copied from official JLPT.
read_q_n5_0070,N5,read_n5_0024,new_bicycle,70,1,multiple_choice_single,detail,新しい自転車の色は何ですか。,,Warna sepeda baru apa?,"[{""id"": ""c1"", ""text"": ""赤"", ""is_correct"": true}, {""id"": ""c2"", ""text"": ""青"", ""is_correct"": false}, {""id"": ""c3"", ""text"": ""白"", ""is_correct"": false}, {""id"": ""c4"", ""text"": ""黒"", ""is_correct"": false}]","{""correct_choice_id"": ""c1"", ""correct_value"": ""赤""}",Teks menyebut 色は赤です。,2,2,60,reading_comprehension_choice,true,original_curated_app_seed_inspired_by_jlpt_n5_reading_item_formats,https://www.jlpt.jp/e/samples/forlearners.html,curated_original_needs_native_review,Original reading question. Not copied from official JLPT.
read_q_n5_0071,N5,read_n5_0024,new_bicycle,71,2,multiple_choice_single,detail,新しい自転車は古い自転車よりどうですか。,,Sepeda baru dibanding sepeda lama bagaimana?,"[{""id"": ""c1"", ""text"": ""軽いです"", ""is_correct"": true}, {""id"": ""c2"", ""text"": ""重いです"", ""is_correct"": false}, {""id"": ""c3"", ""text"": ""高いです"", ""is_correct"": false}, {""id"": ""c4"", ""text"": ""小さいです"", ""is_correct"": false}]","{""correct_choice_id"": ""c1"", ""correct_value"": ""軽いです""}",Teks menyebut 古い自転車より軽いです。,2,2,60,reading_comprehension_choice,true,original_curated_app_seed_inspired_by_jlpt_n5_reading_item_formats,https://www.jlpt.jp/e/samples/forlearners.html,curated_original_needs_native_review,Original reading question. Not copied from official JLPT.
read_q_n5_0072,N5,read_n5_0024,new_bicycle,72,3,true_false,verification,毎日、大学へ自転車で行きます。,,Setiap hari pergi ke kampus dengan sepeda.,"[{""id"": ""c1"", ""text"": ""正しい"", ""is_correct"": true}, {""id"": ""c2"", ""text"": ""正しくない"", ""is_correct"": false}]","{""correct_choice_id"": ""c1"", ""correct_value"": ""正しい"", ""is_true"": true}",Teks menyebut これで毎日、大学へ行きます。,2,1,45,reading_true_false,true,original_curated_app_seed_inspired_by_jlpt_n5_reading_item_formats,https://www.jlpt.jp/e/samples/forlearners.html,curated_original_needs_native_review,Original reading question. Not copied from official JLPT.
read_q_n5_0073,N5,read_n5_0025,hotel_message,73,1,multiple_choice_single,detail,朝ご飯は何時からですか。,,Sarapan mulai jam berapa?,"[{""id"": ""c1"", ""text"": ""七時"", ""is_correct"": true}, {""id"": ""c2"", ""text"": ""九時"", ""is_correct"": false}, {""id"": ""c3"", ""text"": ""一時"", ""is_correct"": false}, {""id"": ""c4"", ""text"": ""十時"", ""is_correct"": false}]","{""correct_choice_id"": ""c1"", ""correct_value"": ""七時""}",Teks menyebut 七時から九時まで。,3,3,90,reading_comprehension_choice,true,original_curated_app_seed_inspired_by_jlpt_n5_reading_item_formats,https://www.jlpt.jp/e/samples/forlearners.html,curated_original_needs_native_review,Original reading question. Not copied from official JLPT.
read_q_n5_0074,N5,read_n5_0025,hotel_message,74,2,multiple_choice_single,detail,食堂はどこにありますか。,,Ruang makan ada di mana?,"[{""id"": ""c1"", ""text"": ""一階"", ""is_correct"": true}, {""id"": ""c2"", ""text"": ""二階"", ""is_correct"": false}, {""id"": ""c3"", ""text"": ""部屋の中"", ""is_correct"": false}, {""id"": ""c4"", ""text"": ""フロントの前"", ""is_correct"": false}]","{""correct_choice_id"": ""c1"", ""correct_value"": ""一階""}",Teks menyebut 食堂は一階にあります。,3,3,90,reading_comprehension_choice,true,original_curated_app_seed_inspired_by_jlpt_n5_reading_item_formats,https://www.jlpt.jp/e/samples/forlearners.html,curated_original_needs_native_review,Original reading question. Not copied from official JLPT.
read_q_n5_0075,N5,read_n5_0025,hotel_message,75,3,true_false,verification,出かける時、鍵をフロントに出します。,,"Saat keluar, menyerahkan kunci ke front desk.","[{""id"": ""c1"", ""text"": ""正しい"", ""is_correct"": true}, {""id"": ""c2"", ""text"": ""正しくない"", ""is_correct"": false}]","{""correct_choice_id"": ""c1"", ""correct_value"": ""正しい"", ""is_true"": true}",Teks menyebut 鍵は...フロントに出してください。,3,2,60,reading_true_false,true,original_curated_app_seed_inspired_by_jlpt_n5_reading_item_formats,https://www.jlpt.jp/e/samples/forlearners.html,curated_original_needs_native_review,Original reading question. Not copied from official JLPT.
read_q_n5_0076,N5,read_n5_0026,park_rules,76,1,multiple_choice_single,detail,この公園でしてはいけないことは何ですか。,,Hal yang tidak boleh dilakukan di taman ini apa?,"[{""id"": ""c1"", ""text"": ""自転車に乗ること"", ""is_correct"": true}, {""id"": ""c2"", ""text"": ""犬と散歩すること"", ""is_correct"": false}, {""id"": ""c3"", ""text"": ""歩くこと"", ""is_correct"": false}, {""id"": ""c4"", ""text"": ""夜十時に帰ること"", ""is_correct"": false}]","{""correct_choice_id"": ""c1"", ""correct_value"": ""自転車に乗ること""}",Teks menyebut 自転車に乗ってはいけません。,3,3,90,reading_comprehension_choice,true,original_curated_app_seed_inspired_by_jlpt_n5_reading_item_formats,https://www.jlpt.jp/e/samples/forlearners.html,curated_original_needs_native_review,Original reading question. Not copied from official JLPT.
read_q_n5_0077,N5,read_n5_0026,park_rules,77,2,multiple_choice_single,detail,公園は何時に閉まりますか。,,Taman tutup jam berapa?,"[{""id"": ""c1"", ""text"": ""夜十時"", ""is_correct"": true}, {""id"": ""c2"", ""text"": ""朝十時"", ""is_correct"": false}, {""id"": ""c3"", ""text"": ""午後六時"", ""is_correct"": false}, {""id"": ""c4"", ""text"": ""夜九時"", ""is_correct"": false}]","{""correct_choice_id"": ""c1"", ""correct_value"": ""夜十時""}",Teks menyebut 夜十時に閉まります。,3,3,90,reading_comprehension_choice,true,original_curated_app_seed_inspired_by_jlpt_n5_reading_item_formats,https://www.jlpt.jp/e/samples/forlearners.html,curated_original_needs_native_review,Original reading question. Not copied from official JLPT.
read_q_n5_0078,N5,read_n5_0026,park_rules,78,3,true_false,verification,犬と散歩してもいいです。,,Boleh berjalan-jalan dengan anjing.,"[{""id"": ""c1"", ""text"": ""正しい"", ""is_correct"": true}, {""id"": ""c2"", ""text"": ""正しくない"", ""is_correct"": false}]","{""correct_choice_id"": ""c1"", ""correct_value"": ""正しい"", ""is_true"": true}",Teks menyebut 犬と散歩してもいいです。,3,2,60,reading_true_false,true,original_curated_app_seed_inspired_by_jlpt_n5_reading_item_formats,https://www.jlpt.jp/e/samples/forlearners.html,curated_original_needs_native_review,Original reading question. Not copied from official JLPT.
read_q_n5_0079,N5,read_n5_0027,cooking_class,79,1,multiple_choice_single,detail,料理教室で何を作りますか。,,Di kelas memasak membuat apa?,"[{""id"": ""c1"", ""text"": ""日本のカレー"", ""is_correct"": true}, {""id"": ""c2"", ""text"": ""ラーメン"", ""is_correct"": false}, {""id"": ""c3"", ""text"": ""ケーキ"", ""is_correct"": false}, {""id"": ""c4"", ""text"": ""寿司"", ""is_correct"": false}]","{""correct_choice_id"": ""c1"", ""correct_value"": ""日本のカレー""}",Teks menyebut 日本のカレーを作ります。,3,3,90,reading_comprehension_choice,true,original_curated_app_seed_inspired_by_jlpt_n5_reading_item_formats,https://www.jlpt.jp/e/samples/forlearners.html,curated_original_needs_native_review,Original reading question. Not copied from official JLPT.
read_q_n5_0080,N5,read_n5_0027,cooking_class,80,2,multiple_choice_single,detail,お金はいくらですか。,,Biayanya berapa?,"[{""id"": ""c1"", ""text"": ""千円"", ""is_correct"": true}, {""id"": ""c2"", ""text"": ""百円"", ""is_correct"": false}, {""id"": ""c3"", ""text"": ""三百円"", ""is_correct"": false}, {""id"": ""c4"", ""text"": ""無料"", ""is_correct"": false}]","{""correct_choice_id"": ""c1"", ""correct_value"": ""千円""}",Teks menyebut お金は千円です。,3,3,90,reading_comprehension_choice,true,original_curated_app_seed_inspired_by_jlpt_n5_reading_item_formats,https://www.jlpt.jp/e/samples/forlearners.html,curated_original_needs_native_review,Original reading question. Not copied from official JLPT.
read_q_n5_0081,N5,read_n5_0027,cooking_class,81,3,true_false,verification,参加したい人は、金曜日までに名前を書きます。,,Yang ingin ikut menulis nama paling lambat Jumat.,"[{""id"": ""c1"", ""text"": ""正しい"", ""is_correct"": true}, {""id"": ""c2"", ""text"": ""正しくない"", ""is_correct"": false}]","{""correct_choice_id"": ""c1"", ""correct_value"": ""正しい"", ""is_true"": true}",Teks menyebut 金曜日までに名前を書いてください。,3,2,60,reading_true_false,true,original_curated_app_seed_inspired_by_jlpt_n5_reading_item_formats,https://www.jlpt.jp/e/samples/forlearners.html,curated_original_needs_native_review,Original reading question. Not copied from official JLPT.
read_q_n5_0082,N5,read_n5_0028,movie_ticket,82,1,multiple_choice_single,detail,大人の切符二枚はいくらですか。,,Dua tiket dewasa berapa?,"[{""id"": ""c1"", ""text"": ""二千円"", ""is_correct"": true}, {""id"": ""c2"", ""text"": ""五百円"", ""is_correct"": false}, {""id"": ""c3"", ""text"": ""千円"", ""is_correct"": false}, {""id"": ""c4"", ""text"": ""三千円"", ""is_correct"": false}]","{""correct_choice_id"": ""c1"", ""correct_value"": ""二千円""}",Dialog menyebut 二枚で二千円です。,2,2,60,reading_comprehension_choice,true,original_curated_app_seed_inspired_by_jlpt_n5_reading_item_formats,https://www.jlpt.jp/e/samples/forlearners.html,curated_original_needs_native_review,Original reading question. Not copied from official JLPT.
read_q_n5_0083,N5,read_n5_0028,movie_ticket,83,2,multiple_choice_single,detail,子どもの切符は一枚いくらですか。,,Tiket anak-anak satu lembar berapa?,"[{""id"": ""c1"", ""text"": ""五百円"", ""is_correct"": true}, {""id"": ""c2"", ""text"": ""二千円"", ""is_correct"": false}, {""id"": ""c3"", ""text"": ""百円"", ""is_correct"": false}, {""id"": ""c4"", ""text"": ""無料"", ""is_correct"": false}]","{""correct_choice_id"": ""c1"", ""correct_value"": ""五百円""}",Dialog menyebut 一枚五百円です。,2,2,60,reading_comprehension_choice,true,original_curated_app_seed_inspired_by_jlpt_n5_reading_item_formats,https://www.jlpt.jp/e/samples/forlearners.html,curated_original_needs_native_review,Original reading question. Not copied from official JLPT.
read_q_n5_0084,N5,read_n5_0028,movie_ticket,84,3,true_false,verification,客は大人の切符を二枚買います。,,Pelanggan membeli dua tiket dewasa.,"[{""id"": ""c1"", ""text"": ""正しい"", ""is_correct"": true}, {""id"": ""c2"", ""text"": ""正しくない"", ""is_correct"": false}]","{""correct_choice_id"": ""c1"", ""correct_value"": ""正しい"", ""is_true"": true}",客 mengatakan 大人の切符を二枚ください。,2,1,45,reading_true_false,true,original_curated_app_seed_inspired_by_jlpt_n5_reading_item_formats,https://www.jlpt.jp/e/samples/forlearners.html,curated_original_needs_native_review,Original reading question. Not copied from official JLPT.
read_q_n5_0085,N5,read_n5_0029,town_map,85,1,multiple_choice_single,detail,銀行は駅のどちらにありますか。,,Bank ada di sisi mana stasiun?,"[{""id"": ""c1"", ""text"": ""左"", ""is_correct"": true}, {""id"": ""c2"", ""text"": ""右"", ""is_correct"": false}, {""id"": ""c3"", ""text"": ""前"", ""is_correct"": false}, {""id"": ""c4"", ""text"": ""後ろ"", ""is_correct"": false}]","{""correct_choice_id"": ""c1"", ""correct_value"": ""左""}",Teks menyebut 駅の左に銀行があります。,3,3,90,reading_comprehension_choice,true,original_curated_app_seed_inspired_by_jlpt_n5_reading_item_formats,https://www.jlpt.jp/e/samples/forlearners.html,curated_original_needs_native_review,Original reading question. Not copied from official JLPT.
read_q_n5_0086,N5,read_n5_0029,town_map,86,2,multiple_choice_single,detail,公園はどこにありますか。,,Taman ada di mana?,"[{""id"": ""c1"", ""text"": ""銀行の後ろ"", ""is_correct"": true}, {""id"": ""c2"", ""text"": ""駅の右"", ""is_correct"": false}, {""id"": ""c3"", ""text"": ""コンビニの前"", ""is_correct"": false}, {""id"": ""c4"", ""text"": ""郵便局の中"", ""is_correct"": false}]","{""correct_choice_id"": ""c1"", ""correct_value"": ""銀行の後ろ""}",Teks menyebut 銀行の後ろに小さい公園があります。,3,3,90,reading_comprehension_choice,true,original_curated_app_seed_inspired_by_jlpt_n5_reading_item_formats,https://www.jlpt.jp/e/samples/forlearners.html,curated_original_needs_native_review,Original reading question. Not copied from official JLPT.
read_q_n5_0087,N5,read_n5_0029,town_map,87,3,true_false,verification,郵便局はコンビニの前です。,,Kantor pos ada di depan minimarket.,"[{""id"": ""c1"", ""text"": ""正しい"", ""is_correct"": true}, {""id"": ""c2"", ""text"": ""正しくない"", ""is_correct"": false}]","{""correct_choice_id"": ""c1"", ""correct_value"": ""正しい"", ""is_true"": true}",Teks menyebut 郵便局はコンビニの前です。,3,2,60,reading_true_false,true,original_curated_app_seed_inspired_by_jlpt_n5_reading_item_formats,https://www.jlpt.jp/e/samples/forlearners.html,curated_original_needs_native_review,Original reading question. Not copied from official JLPT.
read_q_n5_0088,N5,read_n5_0030,simple_recipe,88,1,multiple_choice_single,detail,卵をいくつ使いますか。,,Menggunakan berapa telur?,"[{""id"": ""c1"", ""text"": ""二つ"", ""is_correct"": true}, {""id"": ""c2"", ""text"": ""一つ"", ""is_correct"": false}, {""id"": ""c3"", ""text"": ""三つ"", ""is_correct"": false}, {""id"": ""c4"", ""text"": ""十個"", ""is_correct"": false}]","{""correct_choice_id"": ""c1"", ""correct_value"": ""二つ""}",Teks menyebut 卵を二つ使います。,3,3,90,reading_comprehension_choice,true,original_curated_app_seed_inspired_by_jlpt_n5_reading_item_formats,https://www.jlpt.jp/e/samples/forlearners.html,curated_original_needs_native_review,Original reading question. Not copied from official JLPT.
read_q_n5_0089,N5,read_n5_0030,simple_recipe,89,2,multiple_choice_single,detail,最後に何をしますか。,,Terakhir melakukan apa?,"[{""id"": ""c1"", ""text"": ""コーヒーを一杯飲みます"", ""is_correct"": true}, {""id"": ""c2"", ""text"": ""パンを焼きます"", ""is_correct"": false}, {""id"": ""c3"", ""text"": ""卵を使います"", ""is_correct"": false}, {""id"": ""c4"", ""text"": ""朝ご飯を買います"", ""is_correct"": false}]","{""correct_choice_id"": ""c1"", ""correct_value"": ""コーヒーを一杯飲みます""}",Teks menyebut 最後に、コーヒーを一杯飲みます。,3,3,90,reading_comprehension_choice,true,original_curated_app_seed_inspired_by_jlpt_n5_reading_item_formats,https://www.jlpt.jp/e/samples/forlearners.html,curated_original_needs_native_review,Original reading question. Not copied from official JLPT.
read_q_n5_0090,N5,read_n5_0030,simple_recipe,90,3,true_false,verification,パンを一枚焼きます。,,Memanggang satu lembar roti.,"[{""id"": ""c1"", ""text"": ""正しい"", ""is_correct"": true}, {""id"": ""c2"", ""text"": ""正しくない"", ""is_correct"": false}]","{""correct_choice_id"": ""c1"", ""correct_value"": ""正しい"", ""is_true"": true}",Teks menyebut パンを一枚焼きます。,3,2,60,reading_true_false,true,original_curated_app_seed_inspired_by_jlpt_n5_reading_item_formats,https://www.jlpt.jp/e/samples/forlearners.html,curated_original_needs_native_review,Original reading question. Not copied from official JLPT.
read_q_n5_0091,N5,read_n5_0031,season_preference,91,1,multiple_choice_single,detail,私はどの季節が一番好きですか。,,Saya paling suka musim apa?,"[{""id"": ""c1"", ""text"": ""春"", ""is_correct"": true}, {""id"": ""c2"", ""text"": ""夏"", ""is_correct"": false}, {""id"": ""c3"", ""text"": ""秋"", ""is_correct"": false}, {""id"": ""c4"", ""text"": ""冬"", ""is_correct"": false}]","{""correct_choice_id"": ""c1"", ""correct_value"": ""春""}",Teks menyebut 春が一番好きです。,2,2,60,reading_comprehension_choice,true,original_curated_app_seed_inspired_by_jlpt_n5_reading_item_formats,https://www.jlpt.jp/e/samples/forlearners.html,curated_original_needs_native_review,Original reading question. Not copied from official JLPT.
read_q_n5_0092,N5,read_n5_0031,season_preference,92,2,multiple_choice_single,detail,どうして冬があまり好きではありませんか。,,Kenapa tidak terlalu suka musim dingin?,"[{""id"": ""c1"", ""text"": ""寒いので"", ""is_correct"": true}, {""id"": ""c2"", ""text"": ""暑いので"", ""is_correct"": false}, {""id"": ""c3"", ""text"": ""花が多いので"", ""is_correct"": false}, {""id"": ""c4"", ""text"": ""楽しいので"", ""is_correct"": false}]","{""correct_choice_id"": ""c1"", ""correct_value"": ""寒いので""}",Teks menyebut 冬は寒いので。,2,2,60,reading_comprehension_choice,true,original_curated_app_seed_inspired_by_jlpt_n5_reading_item_formats,https://www.jlpt.jp/e/samples/forlearners.html,curated_original_needs_native_review,Original reading question. Not copied from official JLPT.
read_q_n5_0093,N5,read_n5_0031,season_preference,93,3,true_false,verification,春は暖かくて、花がきれいです。,,Musim semi hangat dan bunganya indah.,"[{""id"": ""c1"", ""text"": ""正しい"", ""is_correct"": true}, {""id"": ""c2"", ""text"": ""正しくない"", ""is_correct"": false}]","{""correct_choice_id"": ""c1"", ""correct_value"": ""正しい"", ""is_true"": true}",Teks menyebut 暖かくて、花がきれいです。,2,1,45,reading_true_false,true,original_curated_app_seed_inspired_by_jlpt_n5_reading_item_formats,https://www.jlpt.jp/e/samples/forlearners.html,curated_original_needs_native_review,Original reading question. Not copied from official JLPT.
read_q_n5_0094,N5,read_n5_0032,online_class,94,1,multiple_choice_single,detail,明日の授業はどこでありますか。,,Kelas besok di mana?,"[{""id"": ""c1"", ""text"": ""オンライン"", ""is_correct"": true}, {""id"": ""c2"", ""text"": ""教室"", ""is_correct"": false}, {""id"": ""c3"", ""text"": ""図書館"", ""is_correct"": false}, {""id"": ""c4"", ""text"": ""学校の外"", ""is_correct"": false}]","{""correct_choice_id"": ""c1"", ""correct_value"": ""オンライン""}",Teks menyebut 授業はオンラインです。,3,3,90,reading_comprehension_choice,true,original_curated_app_seed_inspired_by_jlpt_n5_reading_item_formats,https://www.jlpt.jp/e/samples/forlearners.html,curated_original_needs_native_review,Original reading question. Not copied from official JLPT.
read_q_n5_0095,N5,read_n5_0032,online_class,95,2,multiple_choice_single,detail,何時までにパソコンをつけますか。,,Menyalakan komputer paling lambat jam berapa?,"[{""id"": ""c1"", ""text"": ""九時"", ""is_correct"": true}, {""id"": ""c2"", ""text"": ""十時"", ""is_correct"": false}, {""id"": ""c3"", ""text"": ""八時"", ""is_correct"": false}, {""id"": ""c4"", ""text"": ""午後九時"", ""is_correct"": false}]","{""correct_choice_id"": ""c1"", ""correct_value"": ""九時""}",Teks menyebut 九時までに。,3,3,90,reading_comprehension_choice,true,original_curated_app_seed_inspired_by_jlpt_n5_reading_item_formats,https://www.jlpt.jp/e/samples/forlearners.html,curated_original_needs_native_review,Original reading question. Not copied from official JLPT.
read_q_n5_0096,N5,read_n5_0032,online_class,96,3,true_false,verification,教室に来てください。,,Tolong datang ke kelas.,"[{""id"": ""c1"", ""text"": ""正しい"", ""is_correct"": false}, {""id"": ""c2"", ""text"": ""正しくない"", ""is_correct"": true}]","{""correct_choice_id"": ""c2"", ""correct_value"": ""正しくない"", ""is_true"": false}",Teks menyebut 教室には来ないでください。,3,2,60,reading_true_false,true,original_curated_app_seed_inspired_by_jlpt_n5_reading_item_formats,https://www.jlpt.jp/e/samples/forlearners.html,curated_original_needs_native_review,Original reading question. Not copied from official JLPT.
read_q_n5_0097,N5,read_n5_0033,bank_errand,97,1,multiple_choice_single,detail,どうしてお金を出すことができませんでしたか。,,Kenapa tidak bisa mengambil uang?,"[{""id"": ""c1"", ""text"": ""人が多くて、時間がありませんでした"", ""is_correct"": true}, {""id"": ""c2"", ""text"": ""銀行が休みでした"", ""is_correct"": false}, {""id"": ""c3"", ""text"": ""お金がありませんでした"", ""is_correct"": false}, {""id"": ""c4"", ""text"": ""雨が降りました"", ""is_correct"": false}]","{""correct_choice_id"": ""c1"", ""correct_value"": ""人が多くて、時間がありませんでした""}",Teks menyebut 人が多くて、時間がありませんでした。,3,3,90,reading_comprehension_choice,true,original_curated_app_seed_inspired_by_jlpt_n5_reading_item_formats,https://www.jlpt.jp/e/samples/forlearners.html,curated_original_needs_native_review,Original reading question. Not copied from official JLPT.
read_q_n5_0098,N5,read_n5_0033,bank_errand,98,2,multiple_choice_single,detail,いつまた銀行へ行きますか。,,Kapan pergi ke bank lagi?,"[{""id"": ""c1"", ""text"": ""明日"", ""is_correct"": true}, {""id"": ""c2"", ""text"": ""今日の夜"", ""is_correct"": false}, {""id"": ""c3"", ""text"": ""来週"", ""is_correct"": false}, {""id"": ""c4"", ""text"": ""昨日"", ""is_correct"": false}]","{""correct_choice_id"": ""c1"", ""correct_value"": ""明日""}",Teks menyebut 明日また行きます。,3,3,90,reading_comprehension_choice,true,original_curated_app_seed_inspired_by_jlpt_n5_reading_item_formats,https://www.jlpt.jp/e/samples/forlearners.html,curated_original_needs_native_review,Original reading question. Not copied from official JLPT.
read_q_n5_0099,N5,read_n5_0033,bank_errand,99,3,true_false,verification,昼休みに銀行へ行きました。,,Saat istirahat siang pergi ke bank.,"[{""id"": ""c1"", ""text"": ""正しい"", ""is_correct"": true}, {""id"": ""c2"", ""text"": ""正しくない"", ""is_correct"": false}]","{""correct_choice_id"": ""c1"", ""correct_value"": ""正しい"", ""is_true"": true}",Teks menyebut 昼休みに銀行へ行きました。,3,2,60,reading_true_false,true,original_curated_app_seed_inspired_by_jlpt_n5_reading_item_formats,https://www.jlpt.jp/e/samples/forlearners.html,curated_original_needs_native_review,Original reading question. Not copied from official JLPT.
read_q_n5_0100,N5,read_n5_0034,garbage_notice,100,1,multiple_choice_single,detail,ごみの日はいつですか。,,Hari sampah kapan?,"[{""id"": ""c1"", ""text"": ""月曜日と木曜日"", ""is_correct"": true}, {""id"": ""c2"", ""text"": ""火曜日と水曜日"", ""is_correct"": false}, {""id"": ""c3"", ""text"": ""水曜日だけ"", ""is_correct"": false}, {""id"": ""c4"", ""text"": ""日曜日"", ""is_correct"": false}]","{""correct_choice_id"": ""c1"", ""correct_value"": ""月曜日と木曜日""}",Teks menyebut 月曜日と木曜日。,3,3,90,reading_comprehension_choice,true,original_curated_app_seed_inspired_by_jlpt_n5_reading_item_formats,https://www.jlpt.jp/e/samples/forlearners.html,curated_original_needs_native_review,Original reading question. Not copied from official JLPT.
read_q_n5_0101,N5,read_n5_0034,garbage_notice,101,2,multiple_choice_single,detail,ビンと缶は何曜日ですか。,,Botol dan kaleng hari apa?,"[{""id"": ""c1"", ""text"": ""水曜日"", ""is_correct"": true}, {""id"": ""c2"", ""text"": ""月曜日"", ""is_correct"": false}, {""id"": ""c3"", ""text"": ""木曜日"", ""is_correct"": false}, {""id"": ""c4"", ""text"": ""金曜日"", ""is_correct"": false}]","{""correct_choice_id"": ""c1"", ""correct_value"": ""水曜日""}",Teks menyebut ビンと缶は水曜日です。,3,3,90,reading_comprehension_choice,true,original_curated_app_seed_inspired_by_jlpt_n5_reading_item_formats,https://www.jlpt.jp/e/samples/forlearners.html,curated_original_needs_native_review,Original reading question. Not copied from official JLPT.
read_q_n5_0102,N5,read_n5_0034,garbage_notice,102,3,true_false,verification,夜にごみを出してもいいです。,,Boleh membuang sampah pada malam hari.,"[{""id"": ""c1"", ""text"": ""正しい"", ""is_correct"": false}, {""id"": ""c2"", ""text"": ""正しくない"", ""is_correct"": true}]","{""correct_choice_id"": ""c2"", ""correct_value"": ""正しくない"", ""is_true"": false}",Teks menyebut 夜にごみを出してはいけません。,3,2,60,reading_true_false,true,original_curated_app_seed_inspired_by_jlpt_n5_reading_item_formats,https://www.jlpt.jp/e/samples/forlearners.html,curated_original_needs_native_review,Original reading question. Not copied from official JLPT.
read_q_n5_0103,N5,read_n5_0035,student_dorm_rules,103,1,multiple_choice_single,detail,夜十時の後で、何をしてはいけませんか。,,"Setelah jam 10 malam, apa yang tidak boleh dilakukan?","[{""id"": ""c1"", ""text"": ""大きい音を出すこと"", ""is_correct"": true}, {""id"": ""c2"", ""text"": ""台所を使うこと"", ""is_correct"": false}, {""id"": ""c3"", ""text"": ""友達に会うこと"", ""is_correct"": false}, {""id"": ""c4"", ""text"": ""部屋にいること"", ""is_correct"": false}]","{""correct_choice_id"": ""c1"", ""correct_value"": ""大きい音を出すこと""}",Teks menyebut 大きい音を出してはいけません。,3,3,90,reading_comprehension_choice,true,original_curated_app_seed_inspired_by_jlpt_n5_reading_item_formats,https://www.jlpt.jp/e/samples/forlearners.html,curated_original_needs_native_review,Original reading question. Not copied from official JLPT.
read_q_n5_0104,N5,read_n5_0035,student_dorm_rules,104,2,multiple_choice_single,detail,友達を部屋に呼ぶのは何時までですか。,,Memanggil teman ke kamar sampai jam berapa?,"[{""id"": ""c1"", ""text"": ""午後九時まで"", ""is_correct"": true}, {""id"": ""c2"", ""text"": ""夜十時まで"", ""is_correct"": false}, {""id"": ""c3"", ""text"": ""午後六時まで"", ""is_correct"": false}, {""id"": ""c4"", ""text"": ""朝九時まで"", ""is_correct"": false}]","{""correct_choice_id"": ""c1"", ""correct_value"": ""午後九時まで""}",Teks menyebut 午後九時までです。,3,3,90,reading_comprehension_choice,true,original_curated_app_seed_inspired_by_jlpt_n5_reading_item_formats,https://www.jlpt.jp/e/samples/forlearners.html,curated_original_needs_native_review,Original reading question. Not copied from official JLPT.
read_q_n5_0105,N5,read_n5_0035,student_dorm_rules,105,3,true_false,verification,台所は一人だけで使います。,,Dapur digunakan sendirian saja.,"[{""id"": ""c1"", ""text"": ""正しい"", ""is_correct"": false}, {""id"": ""c2"", ""text"": ""正しくない"", ""is_correct"": true}]","{""correct_choice_id"": ""c2"", ""correct_value"": ""正しくない"", ""is_true"": false}",Teks menyebut みんなで使います。,3,2,60,reading_true_false,true,original_curated_app_seed_inspired_by_jlpt_n5_reading_item_formats,https://www.jlpt.jp/e/samples/forlearners.html,curated_original_needs_native_review,Original reading question. Not copied from official JLPT.
read_q_n5_0106,N5,read_n5_0036,job_ad,106,1,multiple_choice_single,detail,どこで働きますか。,,Bekerja di mana?,"[{""id"": ""c1"", ""text"": ""駅前のパン屋"", ""is_correct"": true}, {""id"": ""c2"", ""text"": ""駅の中の本屋"", ""is_correct"": false}, {""id"": ""c3"", ""text"": ""学校の食堂"", ""is_correct"": false}, {""id"": ""c4"", ""text"": ""カフェ"", ""is_correct"": false}]","{""correct_choice_id"": ""c1"", ""correct_value"": ""駅前のパン屋""}",Teks menyebut 駅前のパン屋で。,4,3,90,reading_comprehension_choice,true,original_curated_app_seed_inspired_by_jlpt_n5_reading_item_formats,https://www.jlpt.jp/e/samples/forlearners.html,curated_original_needs_native_review,Original reading question. Not copied from official JLPT.
read_q_n5_0107,N5,read_n5_0036,job_ad,107,2,multiple_choice_single,detail,働く時間はいつですか。,,Jam kerjanya kapan?,"[{""id"": ""c1"", ""text"": ""朝六時から十時まで"", ""is_correct"": true}, {""id"": ""c2"", ""text"": ""午後六時から十時まで"", ""is_correct"": false}, {""id"": ""c3"", ""text"": ""朝十時から午後六時まで"", ""is_correct"": false}, {""id"": ""c4"", ""text"": ""土曜日だけ"", ""is_correct"": false}]","{""correct_choice_id"": ""c1"", ""correct_value"": ""朝六時から十時まで""}",Teks menyebut 朝六時から十時まで。,4,3,90,reading_comprehension_choice,true,original_curated_app_seed_inspired_by_jlpt_n5_reading_item_formats,https://www.jlpt.jp/e/samples/forlearners.html,curated_original_needs_native_review,Original reading question. Not copied from official JLPT.
read_q_n5_0108,N5,read_n5_0036,job_ad,108,3,true_false,verification,土曜日と日曜日に働くことができる人がいいです。,,Diutamakan orang yang bisa bekerja Sabtu dan Minggu.,"[{""id"": ""c1"", ""text"": ""正しい"", ""is_correct"": true}, {""id"": ""c2"", ""text"": ""正しくない"", ""is_correct"": false}]","{""correct_choice_id"": ""c1"", ""correct_value"": ""正しい"", ""is_true"": true}",Teks menyebut hal itu.,4,2,60,reading_true_false,true,original_curated_app_seed_inspired_by_jlpt_n5_reading_item_formats,https://www.jlpt.jp/e/samples/forlearners.html,curated_original_needs_native_review,Original reading question. Not copied from official JLPT.
read_q_n5_0109,N5,read_n5_0037,train_schedule,109,1,multiple_choice_single,detail,次の電車は何時ですか。,,Kereta berikutnya jam berapa?,"[{""id"": ""c1"", ""text"": ""八時二十分"", ""is_correct"": true}, {""id"": ""c2"", ""text"": ""八時五十分"", ""is_correct"": false}, {""id"": ""c3"", ""text"": ""七時二十分"", ""is_correct"": false}, {""id"": ""c4"", ""text"": ""九時"", ""is_correct"": false}]","{""correct_choice_id"": ""c1"", ""correct_value"": ""八時二十分""}",Teks menyebut 次の電車は八時二十分です。,4,3,90,reading_comprehension_choice,true,original_curated_app_seed_inspired_by_jlpt_n5_reading_item_formats,https://www.jlpt.jp/e/samples/forlearners.html,curated_original_needs_native_review,Original reading question. Not copied from official JLPT.
read_q_n5_0110,N5,read_n5_0037,train_schedule,110,2,multiple_choice_single,detail,京都へ行く人はどこで待ちますか。,,Yang pergi ke Kyoto menunggu di mana?,"[{""id"": ""c1"", ""text"": ""二番線"", ""is_correct"": true}, {""id"": ""c2"", ""text"": ""三番線"", ""is_correct"": false}, {""id"": ""c3"", ""text"": ""駅の前"", ""is_correct"": false}, {""id"": ""c4"", ""text"": ""一番線"", ""is_correct"": false}]","{""correct_choice_id"": ""c1"", ""correct_value"": ""二番線""}",Teks menyebut 二番線で待ってください。,4,3,90,reading_comprehension_choice,true,original_curated_app_seed_inspired_by_jlpt_n5_reading_item_formats,https://www.jlpt.jp/e/samples/forlearners.html,curated_original_needs_native_review,Original reading question. Not copied from official JLPT.
read_q_n5_0111,N5,read_n5_0037,train_schedule,111,3,true_false,verification,大阪へ行く電車は二番線です。,,Kereta ke Osaka di jalur 2.,"[{""id"": ""c1"", ""text"": ""正しい"", ""is_correct"": false}, {""id"": ""c2"", ""text"": ""正しくない"", ""is_correct"": true}]","{""correct_choice_id"": ""c2"", ""correct_value"": ""正しくない"", ""is_true"": false}",Teks menyebut 大阪へ行く電車は三番線です。,4,2,60,reading_true_false,true,original_curated_app_seed_inspired_by_jlpt_n5_reading_item_formats,https://www.jlpt.jp/e/samples/forlearners.html,curated_original_needs_native_review,Original reading question. Not copied from official JLPT.
read_q_n5_0112,N5,read_n5_0038,weather_forecast,112,1,multiple_choice_single,detail,明日の昼から何が降りますか。,,Mulai siang besok apa yang turun?,"[{""id"": ""c1"", ""text"": ""雨"", ""is_correct"": true}, {""id"": ""c2"", ""text"": ""雪"", ""is_correct"": false}, {""id"": ""c3"", ""text"": ""花"", ""is_correct"": false}, {""id"": ""c4"", ""text"": ""お金"", ""is_correct"": false}]","{""correct_choice_id"": ""c1"", ""correct_value"": ""雨""}",Teks menyebut 昼から雨が降ります。,4,3,90,reading_comprehension_choice,true,original_curated_app_seed_inspired_by_jlpt_n5_reading_item_formats,https://www.jlpt.jp/e/samples/forlearners.html,curated_original_needs_native_review,Original reading question. Not copied from official JLPT.
read_q_n5_0113,N5,read_n5_0038,weather_forecast,113,2,multiple_choice_single,detail,気温はどのくらいですか。,,Suhu sekitar berapa?,"[{""id"": ""c1"", ""text"": ""二十度ぐらい"", ""is_correct"": true}, {""id"": ""c2"", ""text"": ""十度ぐらい"", ""is_correct"": false}, {""id"": ""c3"", ""text"": ""三十度ぐらい"", ""is_correct"": false}, {""id"": ""c4"", ""text"": ""五度ぐらい"", ""is_correct"": false}]","{""correct_choice_id"": ""c1"", ""correct_value"": ""二十度ぐらい""}",Teks menyebut 二十度ぐらい。,4,3,90,reading_comprehension_choice,true,original_curated_app_seed_inspired_by_jlpt_n5_reading_item_formats,https://www.jlpt.jp/e/samples/forlearners.html,curated_original_needs_native_review,Original reading question. Not copied from official JLPT.
read_q_n5_0114,N5,read_n5_0038,weather_forecast,114,3,true_false,verification,傘を持って出かけたほうがいいです。,,Sebaiknya membawa payung saat keluar.,"[{""id"": ""c1"", ""text"": ""正しい"", ""is_correct"": true}, {""id"": ""c2"", ""text"": ""正しくない"", ""is_correct"": false}]","{""correct_choice_id"": ""c1"", ""correct_value"": ""正しい"", ""is_true"": true}",Teks menyebut 傘を持って出かけたほうがいいです。,4,2,60,reading_true_false,true,original_curated_app_seed_inspired_by_jlpt_n5_reading_item_formats,https://www.jlpt.jp/e/samples/forlearners.html,curated_original_needs_native_review,Original reading question. Not copied from official JLPT.
read_q_n5_0115,N5,read_n5_0039,clinic_hours,115,1,multiple_choice_single,detail,クリニックは午後何時から開いていますか。,,Klinik sore buka mulai jam berapa?,"[{""id"": ""c1"", ""text"": ""午後二時"", ""is_correct"": true}, {""id"": ""c2"", ""text"": ""午後五時"", ""is_correct"": false}, {""id"": ""c3"", ""text"": ""午前九時"", ""is_correct"": false}, {""id"": ""c4"", ""text"": ""十二時"", ""is_correct"": false}]","{""correct_choice_id"": ""c1"", ""correct_value"": ""午後二時""}",Teks menyebut 午後二時から五時まで。,4,3,90,reading_comprehension_choice,true,original_curated_app_seed_inspired_by_jlpt_n5_reading_item_formats,https://www.jlpt.jp/e/samples/forlearners.html,curated_original_needs_native_review,Original reading question. Not copied from official JLPT.
read_q_n5_0116,N5,read_n5_0039,clinic_hours,116,2,multiple_choice_single,detail,いつ休みですか。,,Kapan libur?,"[{""id"": ""c1"", ""text"": ""水曜日の午後と日曜日"", ""is_correct"": true}, {""id"": ""c2"", ""text"": ""月曜日の午前"", ""is_correct"": false}, {""id"": ""c3"", ""text"": ""土曜日だけ"", ""is_correct"": false}, {""id"": ""c4"", ""text"": ""毎日午後"", ""is_correct"": false}]","{""correct_choice_id"": ""c1"", ""correct_value"": ""水曜日の午後と日曜日""}",Teks menyebut 水曜日の午後と日曜日は休みです。,4,3,90,reading_comprehension_choice,true,original_curated_app_seed_inspired_by_jlpt_n5_reading_item_formats,https://www.jlpt.jp/e/samples/forlearners.html,curated_original_needs_native_review,Original reading question. Not copied from official JLPT.
read_q_n5_0117,N5,read_n5_0039,clinic_hours,117,3,true_false,verification,初めての人は保険証を持って来ます。,,Orang yang pertama kali datang membawa kartu asuransi.,"[{""id"": ""c1"", ""text"": ""正しい"", ""is_correct"": true}, {""id"": ""c2"", ""text"": ""正しくない"", ""is_correct"": false}]","{""correct_choice_id"": ""c1"", ""correct_value"": ""正しい"", ""is_true"": true}",Teks menyebut 保険証を持って来てください。,4,2,60,reading_true_false,true,original_curated_app_seed_inspired_by_jlpt_n5_reading_item_formats,https://www.jlpt.jp/e/samples/forlearners.html,curated_original_needs_native_review,Original reading question. Not copied from official JLPT.
read_q_n5_0118,N5,read_n5_0040,culture_festival,118,1,multiple_choice_single,detail,私のクラスは何を作りますか。,,Kelas saya membuat apa?,"[{""id"": ""c1"", ""text"": ""インドネシアの料理"", ""is_correct"": true}, {""id"": ""c2"", ""text"": ""日本のカレー"", ""is_correct"": false}, {""id"": ""c3"", ""text"": ""ケーキ"", ""is_correct"": false}, {""id"": ""c4"", ""text"": ""ラーメン"", ""is_correct"": false}]","{""correct_choice_id"": ""c1"", ""correct_value"": ""インドネシアの料理""}",Teks menyebut インドネシアの料理を作ります。,4,3,90,reading_comprehension_choice,true,original_curated_app_seed_inspired_by_jlpt_n5_reading_item_formats,https://www.jlpt.jp/e/samples/forlearners.html,curated_original_needs_native_review,Original reading question. Not copied from official JLPT.
read_q_n5_0119,N5,read_n5_0040,culture_festival,119,2,multiple_choice_single,detail,食べ物は何時から売りますか。,,Makanan dijual mulai jam berapa?,"[{""id"": ""c1"", ""text"": ""午前十一時"", ""is_correct"": true}, {""id"": ""c2"", ""text"": ""午後十一時"", ""is_correct"": false}, {""id"": ""c3"", ""text"": ""午前九時"", ""is_correct"": false}, {""id"": ""c4"", ""text"": ""午後二時"", ""is_correct"": false}]","{""correct_choice_id"": ""c1"", ""correct_value"": ""午前十一時""}",Teks menyebut 午前十一時から。,4,3,90,reading_comprehension_choice,true,original_curated_app_seed_inspired_by_jlpt_n5_reading_item_formats,https://www.jlpt.jp/e/samples/forlearners.html,curated_original_needs_native_review,Original reading question. Not copied from official JLPT.
read_q_n5_0120,N5,read_n5_0040,culture_festival,120,3,true_false,verification,午後には歌の発表もあります。,,Sore/siang juga ada pertunjukan lagu.,"[{""id"": ""c1"", ""text"": ""正しい"", ""is_correct"": true}, {""id"": ""c2"", ""text"": ""正しくない"", ""is_correct"": false}]","{""correct_choice_id"": ""c1"", ""correct_value"": ""正しい"", ""is_true"": true}",Teks menyebut 午後には歌の発表もあります。,4,2,60,reading_true_false,true,original_curated_app_seed_inspired_by_jlpt_n5_reading_item_formats,https://www.jlpt.jp/e/samples/forlearners.html,curated_original_needs_native_review,Original reading question. Not copied from official JLPT.
read_q_n5_0121,N5,read_n5_0041,final_mika_reading,121,1,multiple_choice_single,detail,ミカさんはいつ日本語を勉強していますか。,,Mika belajar bahasa Jepang kapan?,"[{""id"": ""c1"", ""text"": ""毎週土曜日"", ""is_correct"": true}, {""id"": ""c2"", ""text"": ""毎日"", ""is_correct"": false}, {""id"": ""c3"", ""text"": ""日曜日だけ"", ""is_correct"": false}, {""id"": ""c4"", ""text"": ""先月だけ"", ""is_correct"": false}]","{""correct_choice_id"": ""c1"", ""correct_value"": ""毎週土曜日""}",Teks menyebut 毎週土曜日に。,5,3,90,reading_comprehension_choice,true,original_curated_app_seed_inspired_by_jlpt_n5_reading_item_formats,https://www.jlpt.jp/e/samples/forlearners.html,curated_original_needs_native_review,Original reading question. Not copied from official JLPT.
read_q_n5_0122,N5,read_n5_0041,final_mika_reading,122,2,multiple_choice_single,detail,ミカさんは何を読むことができるようになりましたか。,,Mika jadi bisa membaca apa?,"[{""id"": ""c1"", ""text"": ""駅や店の名前"", ""is_correct"": true}, {""id"": ""c2"", ""text"": ""新聞全部"", ""is_correct"": false}, {""id"": ""c3"", ""text"": ""難しい本"", ""is_correct"": false}, {""id"": ""c4"", ""text"": ""友達の手紙だけ"", ""is_correct"": false}]","{""correct_choice_id"": ""c1"", ""correct_value"": ""駅や店の名前""}",Teks menyebut 駅や店の名前。,5,3,90,reading_comprehension_choice,true,original_curated_app_seed_inspired_by_jlpt_n5_reading_item_formats,https://www.jlpt.jp/e/samples/forlearners.html,curated_original_needs_native_review,Original reading question. Not copied from official JLPT.
read_q_n5_0123,N5,read_n5_0041,final_mika_reading,123,3,multiple_choice_single,reason,どうしてもっと勉強したいですか。,,Kenapa ingin belajar lebih banyak?,"[{""id"": ""c1"", ""text"": ""来月、日本へ旅行しますから"", ""is_correct"": true}, {""id"": ""c2"", ""text"": ""漢字が簡単ですから"", ""is_correct"": false}, {""id"": ""c3"", ""text"": ""友達が来ませんから"", ""is_correct"": false}, {""id"": ""c4"", ""text"": ""土曜日が休みですから"", ""is_correct"": false}]","{""correct_choice_id"": ""c1"", ""correct_value"": ""来月、日本へ旅行しますから""}",Teks menyebut 来月、友達と日本へ旅行しますから。,5,3,90,reading_comprehension_choice,true,original_curated_app_seed_inspired_by_jlpt_n5_reading_item_formats,https://www.jlpt.jp/e/samples/forlearners.html,curated_original_needs_native_review,Original reading question. Not copied from official JLPT.
